user_id,recommendation
0,24 23 22 21 20 19 17 18 4512 8404
1,39 38 37 36 35 34 33 32 61 3409
2,92 94 93 91 90 89 88 85 8475 8587
3,172 132 171 170 168 169 167 166 3596 2309
4,195 207 206 205 204 203 202 201 1737 14282
5,224 223 222 221 220 219 218 217 8201 126
6,231 232 230 229 10867 3859 3862 1269 12566 13950
7,250 249 248 247 246 245 244 243 323 14303
8,258 257 256 6094 5920 14887 14986 12100 6460 9131
9,264 262 261 263 4381 1556 8688 4023 1263 10705
10,274 273 272 271 270 269 268 2272 3137 4540
11,279 280 278 277 5166 10591 1214 8135 6345 6600
12,294 293 133 292 291 290 289 285 618 612
13,313 321 330 311 303 320 300 336 14282 15198
14,351 349 350 339 347 348 317 345 8580 11229
15,356 355 354 4630 8460 7662 14411 13023 13551 709
16,361 360 359 15258 15094 15259 12098 362 5558 9784
17,365 363 364 4400 9337 10905 553 4399 3613 8307
18,367 368 5851 6218 3877 1648 7999 9149 7808 7518
19,389 388 387 386 380 384 385 383 10382 11481
20,395 402 394 396 397 398 399 400 9626 5848
21,403 406 405 404 1166 2820 1535 12426 13187 9791
22,296 411 410 409 7522 11303 2431 8843 11590 2924
23,500 501 496 497 498 499 336 495 1203 775
24,536 537 533 531 535 525 529 526 14808 6820
25,549 548 547 51 545 543 546 544 198 61
26,558 557 556 555 554 553 552 366 12850 10025
27,575 574 573 566 565 564 572 562 10042 7520
28,323 583 582 578 581 579 580 577 464 1203
29,600 599 598 597 596 595 594 83 9457 6865
30,623 628 608 627 620 604 626 625 287 1680
31,634 169 1404 149 466 2309 686 171 5928 873
32,643 644 645 642 638 640 641 639 11406 11702
33,650 649 648 922 3288 6892 319 5684 1160 8464
34,288 661 660 659 658 657 656 655 686 1902
35,667 666 665 12416 5261 6008 2350 6312 10245 12195
36,669 4697 12389 4171 1764 11031 7220 1597 13552 6780
37,672 671 670 10087 10090 12657 5868 4037 5686 1136
38,709 708 707 706 705 704 702 703 11366 11405
39,719 720 721 718 13993 14449 14500 14561 14895 15096
40,733 732 731 730 584 729 728 727 11405 2080
41,834 833 832 831 830 829 828 827 1203 5928
42,889 888 887 886 885 882 883 884 8403 1047
43,897 899 898 12955 10194 14754 7870 4631 12596 6082
44,904 905 906 900 901 902 903 3878 6484 2439
45,963 962 981 958 959 980 979 978 12559 9880
46,1001 1004 1011 1012 1010 1009 1008 1007 7065 3667
47,1049 1087 1068 1086 1085 1084 1083 1082 3765 1737
48,1115 1114 1113 1112 1111 1110 1109 1108 11274 2587
49,1123 1124 1125 1121 1122 1119 1120 8021 9393 3428
50,1132 1131 25 1130 1128 1129 5304 14159 5634 7441
51,1153 1156 1151 1150 1139 1146 1142 1137 1721 1723
52,1162 1161 1160 1159 3398 13063 137 5633 9591 144
53,23 1168 1167 1166 1165 2820 3464 2742 1535 404
54,1174 1173 1171 1172 11983 5601 755 8821 11055 14473
55,1170 1180 358 626 1179 1178 1177 9199 13697 11289
56,1185 1184 1183 12546 6773 10111 5468 1677 10829 12213
57,1213 1214 1212 1209 806 1210 1211 1189 775 9711
58,1224 1228 1221 1220 1223 1227 904 1226 7936 7474
59,1234 467 1232 1233 1231 1230 1229 1423 8654 7420
60,1242 1241 1240 687 1239 686 1238 323 4 466
61,1246 1245 1244 6274 6289 6281 6283 6276 6291 6277
62,1248 1249 1247 4217 2761 8918 5758 5428 2750 2747
63,44 1256 1255 1254 1253 1252 1251 15286 11718 10255
64,1264 1266 1265 1263 1262 1260 1261 1259 4889 13632
65,1081 1274 1281 1280 1279 1278 1277 1276 3751 1737
66,1287 1285 1286 10541 3239 9227 3727 13977 1395 630
67,1292 1289 1290 1291 3456 7734 2556 9913 82 2516
68,1303 1299 1297 1304 1301 1302 705 1300 4973 213
69,1310 1313 1312 1308 1309 1311 1307 1306 2828 14845
70,1319 1316 1317 1318 1315 1314 3085 6362 2881 2869
71,1325 1324 1323 405 8526 2614 8904 2820 2742 1532
72,1331 1328 1330 1329 1327 11076 1525 1531 1535 3881
73,1333 611 118 11481 9913 5574 7164 2135 10383 10382
74,1340 1339 1338 1337 254 1336 1335 4516 1341 1535
75,1343 426 1283 4879 1279 14319 7005 3190 3593 3765
76,1346 1345 2277 12574 12134 8183 1347 2276 6087 11821
77,1350 1351 1348 1349 740 14089 10715 9052 14702 61
78,1355 1356 1354 1353 1357 2378 2376 9236 2370 11349
79,1362 1359 1364 1360 1361 1363 1365 980 14626 10194
80,1164 1371 1370 1369 1368 1367 3234 3237 3239 4891
81,1376 1381 55 1379 1380 1378 1377 1375 12207 13207
82,1444 838 1443 1442 493 1441 1440 1439 1203 775
83,1465 1464 1463 1395 1462 1461 1466 11946 4932 5913
84,1469 1468 1470 1471 1472 1473 15105 15159 10654 7292
85,1491 1490 1489 885 1487 1488 1485 1486 1493 10159
86,1501 1502 1503 1498 1499 1500 8579 11459 1203 3727
87,1509 1507 1508 13130 10809 5685 3314 9601 9441 2226
88,1514 1513 1512 3957 9227 9443 3525 4781 4782 10716
89,1517 419 773 782 747 1516 149 764 169 466
90,1523 1522 1521 11401 6775 6494 4170 6162 1939 2108
91,1533 1534 1532 1531 1530 1529 1528 1527 2820 1535
92,1541 1542 1540 1539 1538 1537 1536 4088 14608 7655
93,1547 1545 1546 6048 203 3120 207 4712 11589 4472
94,1552 1551 1550 8716 9264 7004 5927 1982 5893 2151
95,1559 1558 1557 1555 1556 1554 13616 9323 9324 14167
96,1563 1562 10286 15116 15136 15137 10287 6598 14735 15143
97,1583 1582 1581 598 1580 784 1579 1578 7420 2024
98,1594 1593 1592 1591 169 241 163 685 466 1404
99,235 1617 1616 1615 1607 1612 1609 1614 234 1618
100,1627 1628 8411 11405 14711 14986 3064 15246 1736 8735
101,1632 1631 1630 1629 9190 8132 8027 9189 8007 8129
102,1636 1635 1634 2663 2662 10605 13451 8215 11714 13721
103,1650 43 1649 1648 1647 1646 1645 889 1203 323
104,1656 1655 1654 8298 5383 2438 5384 8335 11574 9682
105,1660 1659 1658 2952 4772 328 3945 5621 324 2080
106,1662 1663 1664 2438 6623 6253 1665 1939 6622 9810
107,1667 1668 6803 7705 7707 2657 10329 4013 7706 11527
108,1678 1677 1676 1675 1674 1673 1672 1671 5483 994
109,1690 489 1689 1688 794 1687 1686 1503 323 1203
110,1699 1698 1087 1695 1696 1697 1694 1693 4726 9913
111,1717 1726 1146 1145 1136 1708 1725 1724 12378 4407
112,476 1734 1733 1732 478 10472 14396 8219 466 8658
113,1063 1737 1280 1736 43 1081 8796 3539 3293 6195
114,1742 1740 1741 5229 12027 5228 15038 2801 5607 12842
115,1748 1746 1747 1745 1744 342 12024 6493 14115 5676
116,1750 573 196 1052 6433 3752 1737 1112 5458 3453
117,1764 1763 1515 1762 1761 1760 1759 1758 4927 8482
118,1776 1775 1774 1773 1724 1136 1771 1772 1145 1146
119,1781 1786 1785 1782 1784 1783 6097 7662 13690 859
120,1788 1794 1790 1793 1792 1791 1789 1787 10000 13255
121,1802 1799 1801 1800 1199 1197 1797 1798 1203 1233
122,1817 1818 1816 1815 1814 1813 1812 1048 2645 8564
123,1827 1826 1825 1824 1823 1822 1821 4414 3843 4416
124,1835 1834 1833 873 1832 1831 1830 775 1203 6033
125,1857 1856 1855 1840 1842 1843 1844 1849 7936 4068
126,1864 1863 1862 1861 1860 1858 1859 1011 15195 14458
127,1869 1868 1867 5218 9545 9546 10493 12787 1372 10494
128,1263 1873 1872 4023 2834 2835 12550 2295 9438 1467
129,1877 1876 1875 8518 12135 7518 2755 2309 3829 4410
130,1880 1879 23 12097 10654 11069 1752 2111 9607 10292
131,1885 1884 1882 1883 8323 13432 5572 13433 13532 1958
132,1611 1888 1887 4975 2879 6195 3414 5427 3819 6823
133,1896 1895 1894 1893 1892 1113 1891 5486 12373 8515
134,1901 868 871 1900 1390 1570 1239 1899 879 8403
135,1909 1908 1907 444 1906 1905 1904 1903 12294 9761
136,1916 1915 1914 1913 1003 9662 9665 6552 7065 1354
137,1918 1919 1640 9913 611 9904 4370 2802 1806 61
138,1934 1920 1921 1922 1925 1926 1928 1929 5486 2108
139,1944 1941 1943 1942 1940 506 4052 7152 2724 7776
140,902 1946 1945 1896 12373 7892 4296 901 6097 7878
141,1950 1951 1884 1953 1954 1955 1956 1952 1885 13432
142,1959 1977 806 1976 1975 803 600 1974 1203 8653
143,795 1986 1985 14945 9165 13630 13596 7516 798 1219
144,1991 1990 1989 3764 1766 7143 1684 7144 644 250
145,1997 1996 1995 1994 1044 1993 12949 1998 2668 11714
146,2006 2005 2004 2003 2002 1263 2001 2000 2460 2456
147,1303 2009 2015 1354 2014 2013 1357 2010 6360 1355
148,101 2030 2031 2029 2028 2023 2026 2027 5546 6213
149,2041 998 501 2040 2039 2038 2037 2036 5633 4342
150,2056 2055 2054 2053 2052 2051 2050 2047 8678 1889
151,2061 2060 2059 2058 3671 3279 3280 3861 10256 5978
152,1079 2063 2064 2062 419 875 3529 5742 5503 3109
153,2077 2076 2075 2074 1692 631 2073 2072 3765 3602
154,2083 1367 2084 2085 722 12711 3056 3058 3051 15001
155,2094 2086 2093 2092 2091 1578 2090 2089 10832 13915
156,2104 788 2102 2103 2007 2100 2101 484 11904 10571
157,2116 2115 2114 2113 2112 2111 2110 2109 10618 15070
158,2150 2149 2148 2147 2144 2145 2146 2142 9913 8475
159,2168 466 1902 2167 2166 2165 437 2164 686 323
160,2176 2172 2183 2171 2181 2178 2177 2173 10583 4518
161,2199 374 2198 2033 2197 2196 2195 63 9913 11481
162,2246 2245 2243 2244 2241 2242 2240 2239 5370 14282
163,2257 2256 453 12373 249 4351 1848 2911 7946 1898
164,2260 1987 2259 9809 8925 4942 8931 1763 2707 225
165,169 1902 2261 466 1404 149 2309 5147 686 12429
166,719 720 721 718 13993 14449 14500 14561 14895 15096
167,2264 2266 2267 2265 12941 4068 3242 1804 4080 705
168,2289 2290 2291 2292 2283 2287 2288 2286 6658 7341
169,2300 2299 2298 2035 2297 3927 7273 7269 3914 3912
170,2314 2320 2321 2319 2318 797 2317 1381 1203 5928
171,2328 2327 873 5794 7036 8553 2329 7037 323 2763
172,2355 2354 2353 2352 2351 2350 65 2321 9457 6865
173,2363 2362 1088 4811 4810 14030 10265 8281 7118 14520
174,1481 464 2366 788 2005 775 894 1203 463 1439
175,2375 2370 2369 2374 2373 1354 2372 2371 1357 13792
176,2383 2384 2398 2386 2396 2394 2390 2389 5383 8335
177,2403 2404 2401 2402 526 529 538 4152 7791 4837
178,2406 11874 2691 3352 5458 1112 14190 14184 14187 9365
179,476 2408 480 738 2407 466 8219 794 10824 478
180,2435 2434 2433 2432 2431 2429 2430 2428 8229 10146
181,977 2442 2443 2441 12761 12944 9880 938 4589 12760
182,2448 2446 268 2447 2445 7915 182 6217 176 7697
183,2451 2450 2449 5670 10735 1262 6943 3554 1548 9128
184,331 455 775 780 2367 2462 2461 2156 1203 2001
185,1047 871 2030 2466 2145 2465 8403 879 1901 868
186,2476 2475 2474 2473 2472 2471 2470 1164 5836 4923
187,2556 2557 2558 2029 2555 2554 2553 87 9913 3409
188,2577 2578 2702 10709 4761 12305 1649 3033 8797 93
189,2583 2582 2581 2580 2579 1621 1622 1617 1620 1618
190,1521 2589 2588 2457 2586 1238 2587 1796 6033 775
191,2598 2597 2596 2595 2594 2593 2592 2591 160 1181
192,2603 2602 2601 8270 8458 4131 3441 717 3680 12814
193,2605 2604 12485 7468 3280 12480 14402 9346 383 12740
194,2609 2608 2607 7960 2653 7961 7341 2290 8418 12359
195,2612 2613 2611 2610 4059 8632 8629 2666 4058 14600
196,703 1729 2620 2621 2623 2618 2619 369 2870 6704
197,2626 2625 4865 2192 10481 10144 15140 15139 8708 10287
198,2630 2629 2628 4315 14067 13646 997 3147 7339 1011
199,2634 2635 2633 1173 2632 2221 10560 15192 6582 9511
200,2640 2639 2648 2647 2646 2644 2649 2645 6126 8921
201,2657 2656 2655 1204 2652 2651 2296 2654 5452 2290
202,2666 2665 1635 2664 2662 2663 4056 4059 8215 14600
203,2672 2671 2673 2670 2669 3848 987 3847 3171 4312
204,2714 2713 2712 2076 2711 2710 1112 206 1280 1737
205,2723 2727 1840 2725 2729 2728 2726 2724 9226 6494
206,2735 2733 2734 1687 1602 10509 4049 1054 7133 4874
207,2743 2742 2741 2740 2739 2738 1529 1165 2820 13327
208,2754 2753 2752 1247 2751 1815 807 2750 323 3915
209,2779 2025 2776 2777 2778 2775 772 1452 1203 4200
210,2804 2803 2802 2801 2800 2799 1052 2798 11171 4653
211,2812 2813 2811 7748 7224 4840 10346 11529 14808 538
212,405 2821 2820 2819 1535 2818 2817 2816 3464 12426
213,2827 1626 2826 2825 10762 3748 1623 1086 4975 148
214,2836 2835 2834 2833 2832 2831 2830 2829 14845 1311
215,2841 2840 2839 9379 14065 12520 13175 10902 11306 12575
216,2860 2861 2862 2859 608 616 2856 2857 12162 2587
217,2871 2872 2873 2874 2875 2876 2869 2870 4599 7554
218,611 10893 7164 1621 235 1618 1619 3213 1620 1624
219,2893 2884 2881 2879 2883 2885 2892 2891 2869 7065
220,2910 2909 2908 2907 2906 2905 2904 2903 1893 12373
221,2916 2926 2928 1747 2927 2925 2924 2923 6849 412
222,2939 2938 2937 2936 2759 2935 2934 2933 2778 3915
223,2944 2943 1947 9089 4524 5743 13221 11323 1047 7708
224,1660 2951 61 1328 2199 1879 0 2950 4751 6467
225,2961 2960 2959 482 2958 2957 2956 2955 6762 61
226,2972 2970 2969 2978 2975 1714 2974 2977 6622 12566
227,74 2986 2985 541 3031 10225 94 9443 13168 7462
228,2987 2719 9561 7453 4017 1317 7760 9886 3684 10494
229,2989 2988 2442 31 7416 5145 7415 30 6987 4590
230,2992 2993 625 2991 2257 1056 3358 2720 3303 2697
231,2996 2997 1321 3001 3002 2999 3000 2998 4604 1320
232,3012 3009 3010 3011 3007 3006 3005 3008 8627 15016
233,3016 1569 3015 2024 3014 1567 1203 1452 4757 7696
234,2029 114 3019 105 2131 3018 7159 8475 7115 52
235,2225 3023 3024 3121 12778 6378 4419 3128 3153 3123
236,1653 3039 3038 3037 3032 2318 3036 3035 1203 11758
237,3043 1752 3044 2560 4863 71 5421 1751 5132 5752
238,3046 3045 1529 4514 12426 2814 2820 2815 2741 3464
239,3048 960 3047 6311 8820 3802 2226 2117 10691 9552
240,3055 3057 3058 3059 3056 3051 3052 3053 15001 15061
241,3068 3067 3065 3064 3066 8735 8734 8609 10562 1736
242,3072 3071 3070 3069 14736 3693 14072 861 11578 4170
243,3083 3080 3081 3082 1314 3079 3075 3076 6704 6703
244,3089 1893 3088 3087 3086 13709 12373 6498 1895 6499
245,3093 3092 106 14100 14979 14166 2326 740 10282 2203
246,3094 4132 13572 4688 2869 9757 9439 5778 7091 6847
247,3102 1684 500 3101 2236 3100 2520 879 323 871
248,3107 3106 11103 11102 8156 11100 10858 1722 11106 11107
249,3115 2692 3114 3113 3112 2293 3111 3110 4050 4972
250,3118 6513 11475 3998 10269 6617 8234 6479 1680 3522
251,3128 3127 205 3126 3125 2649 3124 3123 4119 12101
252,3155 2603 2214 3175 3174 492 3172 3173 10382 9913
253,1976 3208 467 3207 3206 3205 1684 3204 1203 775
254,1646 3223 3222 744 478 163 1071 3221 1203 775
255,3234 3235 3227 3231 3232 3233 909 3228 3239 1371
256,3242 3240 243 3244 3019 3243 3241 705 259 4568
257,3141 15031 12150 12783 11046 10160 12503 14408 8595 2959
258,2709 3255 3254 3253 3252 3251 784 3250 1203 10418
259,3263 3262 1311 3260 3261 3259 14845 3813 2828 11981
260,3268 3267 3266 8611 3025 13824 5079 1499 1047 1901
261,3270 3271 2794 3269 3272 9931 3273 11481 9903 4853
262,3362 3363 3195 3360 3361 1162 1444 3324 7759 5633
263,3388 3387 5402 9867 3396 11145 5908 8884 14173 3411
264,3390 3389 5458 11713 4143 1568 7488 1584 4002 8654
265,3393 56 3404 2959 555 3403 3402 3401 15242 612
266,3408 3407 51 2187 3406 61 64 9913 2551 6762
267,3412 3411 3410 8292 3387 10766 1304 13210 5549 11474
268,673 3415 1887 3414 3413 6733 1828 5863 9540 6734
269,3419 3418 3417 3910 8597 8301 1993 7761 323 1494
270,3425 3421 3422 3424 3423 3426 2908 7745 6240 9806
271,3429 3428 3427 1119 8016 9393 8021 4350 5249 8025
272,3431 3430 3434 3433 3432 3435 14739 943 14254 3685
273,3436 5598 7100 11581 10096 982 14253 6706 9173 9291
274,4 3441 1390 3440 1389 3439 3438 2221 1203 3915
275,3451 3448 3447 3446 3450 3449 3445 4532 11580 9762
276,3452 13967 13979 13397 8674 7445 3036 13942 12142 1518
277,3460 3459 1099 661 1445 343 2156 3458 11481 7758
278,3464 3463 3465 2614 1166 2820 14712 2742 11052 5998
279,2537 3466 3467 4558 5789 7493 3468 2348 7923 9679
280,3470 3471 3469 14557 5759 1806 14240 3816 6998 14552
281,3473 3210 1550 1982 3472 2750 2790 2428 3110 4180
282,1201 3049 3479 3478 128 3477 4230 323 5080 1974
283,3481 3480 8646 1882 3482 13002 14155 14369 11096 1703
284,3484 3084 1720 3483 1721 3083 9409 7784 9410 11252
285,3321 1978 3487 3283 3307 661 4941 7086 431 830
286,3491 3490 3489 13776 7721 9451 11773 9449 11774 11775
287,198 3505 3504 3503 3502 3501 3500 2129 2503 2106
288,3513 3510 3512 3511 67 1302 10019 12764 9922 10547
289,2781 3519 3186 3518 3517 2750 3516 3515 1203 3219
290,3543 3540 3541 3542 774 3537 2274 2695 43 8796
291,3557 3556 3242 1514 3555 3553 3554 3552 4128 4082
292,2791 3569 3570 3564 3565 2086 3566 3567 3571 3573
293,3577 3576 770 3575 3574 1875 4246 4180 12043 1202
294,3579 876 3578 994 1673 6271 8386 8385 2953 5313
295,3587 3588 3586 3584 3585 3583 2233 3582 3031 6135
296,3592 3590 3593 3198 3591 6398 7532 6494 7524 13839
297,3599 3598 42 3595 3597 3596 2738 3594 10371 2551
298,1868 3610 3609 3608 3606 3607 3323 233 10238 10736
299,3616 1171 3615 3617 1172 5601 1173 1174 12803 4339
300,3628 594 2055 3626 3639 3640 3633 3637 13567 11044
301,2422 2421 3661 3660 2414 567 3646 3591 5819 14289
302,3667 3666 1007 7065 2891 3074 1003 9536 9537 10750
303,3672 3671 3670 3669 2060 6247 4068 2438 7625 4070
304,3690 3691 3689 3687 3688 3686 3685 3684 6033 2309
305,3708 3706 3707 3705 231 3704 3702 3703 4235 7697
306,3717 968 3138 3716 3715 3714 7339 3456 7916 7734
307,3722 3721 13609 1128 14900 12266 5 8215 9077 9076
308,3740 3741 3340 2692 3734 3115 1066 2350 6467 7315
309,1080 3750 3749 3748 1943 2826 1112 3454 1280 10762
310,3754 1435 500 3753 1667 3755 1668 11014 6803 6614
311,1050 3758 3759 3757 3764 3763 1098 1278 4975 3376
312,3772 3771 3770 3769 3767 3768 8635 3324 7984 10093
313,3776 3775 3778 3781 3782 3783 3786 3785 12091 10863
314,3792 3791 3790 463 3406 4180 1797 15147 4212 5724
315,3796 476 3795 3794 477 736 775 735 466 2457
316,2430 3798 3799 2434 9116 11124 2436 10146 2433 14727
317,3809 3804 3806 3808 3807 3805 3803 3802 939 8421
318,884 3811 3810 466 686 5613 2309 1575 4279 4281
319,3818 3817 3816 3815 3814 3263 3813 14845 1311 9589
320,1181 3836 3835 3834 3824 3833 1285 3832 4345 7759
321,3844 3845 3843 3516 2767 3842 4416 1826 2876 4599
322,3849 3851 3852 3847 3848 2673 1878 3396 11740 5470
323,3856 399 3407 246 3855 6477 6617 6997 4335 1667
324,3862 3863 2830 3861 629 3860 2831 3859 1269 10867
325,3871 3870 3869 3868 3867 3866 30 4989 3287 1399
326,3888 3887 3886 3885 3884 3883 3882 3665 6623 6494
327,3907 3905 3906 3903 3586 2043 3899 3904 9041 5056
328,851 2153 383 996 3252 3909 611 11481 381 10382
329,3809 778 852 3931 3932 811 3930 3929 1203 9711
330,3946 3881 3945 714 732 873 3944 3943 11271 2763
331,3952 3951 3950 4468 9014 6187 5519 5713 13358 9655
332,3954 3953 14894 15073 8102 8093 8507 4295 8091 4630
333,1292 3969 3970 3968 3967 3228 424 3966 9913 2551
334,3979 3978 471 6827 1520 8734 5494 9270 14217 10562
335,3982 3981 626 3980 5898 9199 4966 1170 9365 6488
336,3985 3720 3986 3984 5422 6984 578 3987 4228 14958
337,3991 3990 3989 9181 10711 5397 2102 11904 13143 11935
338,3994 3993 1095 14275 3220 2858 1519 10943 448 5982
339,3998 3996 3997 3995 10408 1896 7893 2848 5246 13460
340,4008 4007 4006 4005 4004 1811 4003 1817 6834 1568
341,4012 7813 2269 7812 7808 7811 7518 1809 4870 7810
342,3945 4016 4015 625 4014 13649 8182 9067 5853 11072
343,163 2935 4027 4026 1648 1442 2456 2739 775 11360
344,4036 4037 4035 3442 4034 1317 10072 13426 14745 2880
345,4046 1372 4044 4047 4045 4043 4042 1051 1014 12910
346,4051 4050 3111 3108 4049 4972 3109 4975 4777 4976
347,4054 3408 13760 12809 5975 13393 11225 13394 4434 2128
348,4055 5504 174 2799 6587 489 3830 5499 1247 5356
349,4058 4057 4056 2663 4059 8629 2612 13451 3010 8392
350,4061 1778 4060 6362 1320 9192 2375 9080 1779 2371
351,3670 3669 4064 4070 4065 4067 4072 3097 2627 7940
352,4091 465 4092 4078 4094 4095 1071 757 3033 775
353,4100 4099 652 4115 4114 4106 4113 4111 271 3137
354,203 4120 4119 4118 4117 4116 3040 3498 15050 10094
355,4123 12491 6746 2096 14348 6745 10312 14274 10777 6972
356,4130 4129 4125 807 4128 3811 4127 4126 323 6033
357,4143 4144 4142 2378 1356 1829 1778 1357 6360 2370
358,3648 4153 4150 4149 4151 4152 4148 13417 3645 4550
359,988 4155 4164 4156 4160 4161 4167 4163 6460 3584
360,2108 4168 4170 4172 4173 1123 2982 4171 6622 6623
361,494 478 483 1213 794 797 476 809 1203 464
362,4259 4258 4257 4256 4255 4254 4253 3711 1203 3915
363,4275 4274 1176 4273 4272 9823 6396 9824 11603 6397
364,4298 3554 1436 4297 4296 4295 4294 3637 14716 439
365,4314 4313 4312 4311 4310 4309 4308 4307 9422 2009
366,2910 4325 3730 4324 998 4323 4322 4321 9457 3386
367,1866 4330 4329 2820 4328 12426 1166 1535 13188 405
368,4332 2243 4331 5933 1828 6129 5863 9533 11858 7059
369,4335 4334 4333 3855 10001 2457 12459 7369 8003 7610
370,240 4338 4337 2731 7966 7965 705 12941 3242 6622
371,4347 4346 928 4345 2488 4343 4344 4342 7759 1288
372,4352 4350 2305 4351 687 171 323 1404 758 686
373,4355 4354 4353 546 1568 873 1803 504 4757 1199
374,287 618 2614 366 612 5998 12566 7525 6623 6494
375,282 4358 1222 7936 13705 4068 1938 1837 10312 1707
376,4362 4361 10195 1336 13669 12879 13654 6392 7530 13142
377,4363 447 1453 1381 137 10547 3510 467 8722 2155
378,4251 4365 209 1568 4364 2024 1452 1567 7799 7696
379,4367 412 2916 2919 2013 2186 10132 11619 1747 6104
380,4377 1764 4376 4375 1798 4374 4373 822 5185 5184
381,4383 4382 1452 4381 4380 5972 1516 1450 7697 263
382,4394 4407 4390 4393 4412 4411 4410 4404 6109 1776
383,1306 4415 4414 1826 9191 4134 5845 1305 2375 4416
384,4417 4418 8145 11760 10138 3294 7299 2256 169 207
385,4433 4435 4434 2832 4431 378 4432 2411 8475 8050
386,707 4440 4439 4438 10064 5954 323 7671 5769 705
387,4445 4444 4443 9435 9705 9700 13121 12636 9703 6956
388,4448 4450 4449 4447 936 4446 8258 13901 7549 8122
389,4453 2686 2708 6857 9249 3821 2695 11929 6787 759
390,4464 1823 4462 4456 623 4463 1927 1726 613 4605
391,4503 4502 486 3966 4500 4501 228 4499 757 6033
392,1340 4514 4515 1529 2814 2741 2820 2742 2815 12426
393,827 2569 4517 746 7156 742 2582 9588 7373 851
394,4527 4529 4530 4524 4528 4525 4520 4526 9659 9128
395,981 4533 4531 4535 4534 1731 4532 955 8664 933
396,4547 4549 4438 4536 290 4545 4546 4551 3900 3898
397,1257 4558 4557 3092 4556 3769 4555 541 7146 456
398,4565 4564 569 4563 4562 4560 4561 10151 11566 11742
399,4587 967 4586 966 4087 1336 4585 2442 9880 2196
400,4607 2881 4604 4606 2875 4605 1322 4401 2869 7554
401,4610 698 4470 3498 5712 5981 476 2935 11213 33
402,4622 4621 4620 1148 1318 4613 4625 4612 2869 7784
403,4633 1231 3639 559 704 2462 443 116 709 5884
404,3380 2539 2483 1275 4636 4637 1163 4635 4921 4913
405,4660 4659 4658 2804 4657 4656 2046 4655 4661 6799
406,4667 4666 12330 13770 10867 11147 13406 231 7722 11446
407,2556 4669 4668 48 7705 10329 4075 7707 527 6803
408,4672 4671 6622 8575 7384 10488 13793 11248 14229 13848
409,4675 8188 7084 1133 7871 7180 11635 14561 14017 12467
410,4676 4677 4678 4679 4680 4681 4682 4683 1314 3081
411,4132 3443 4692 4689 4691 4690 2873 1136 4138 1145
412,807 4376 4492 4128 1684 806 4370 1288 149 4127
413,4706 4705 4704 4703 4702 1699 4701 4700 628 3070
414,4712 4711 3121 3023 7386 12778 7090 207 1881 3257
415,4718 4719 4717 4716 4715 4714 4713 9494 12601 1541
416,4305 4724 4723 4722 4720 4721 2480 137 11544 5822
417,4728 4727 7846 7715 7847 7714 7713 7712 14547 1696
418,4730 1317 8176 10072 5569 4037 12080 11420 12348 3442
419,4737 1193 4739 4738 448 4735 4734 4733 3915 9711
420,4741 4575 4742 3916 14486 3771 8200 10981 14982 6076
421,1296 4743 4077 10627 5846 3444 10990 5845 8542 11000
422,2894 4747 4749 4748 4746 2982 1269 4745 230 10867
423,4754 4751 4752 4753 2947 4964 12172 7237 10346 6412
424,3711 383 4762 4262 2700 3016 697 4761 1203 4200
425,894 4767 4768 3097 4766 1732 4200 2366 1203 9711
426,4779 4778 3386 1960 4777 4776 4775 4774 7989 4321
427,4782 1513 3525 4781 2358 2357 3534 2360 2353 5099
428,970 4802 312 4801 4800 4799 4798 4795 4807 10829
429,2362 4811 4810 14030 8281 10265 12252 14520 14570 1088
430,4814 3397 1392 3219 798 4813 184 4812 3239 3236
431,4820 4061 4819 3110 4817 4818 2750 2790 10209 2428
432,4825 4824 4823 4822 3771 4821 2761 1452 9309 8653
433,1060 2751 3363 4831 4830 890 1083 4829 3761 12267
434,4841 538 4840 4835 529 4837 4839 526 10731 11410
435,4863 2560 1751 3044 4862 3043 2121 4861 9913 2551
436,1657 4879 136 2150 4021 251 2775 1971 7133 5424
437,393 398 400 396 397 395 401 399 402 394
438,4905 4901 4638 4904 4903 4902 4900 4898 3239 7561
439,2488 4638 4921 4920 4919 4918 4901 4917 4905 4891
440,4925 46 4924 481 1641 4929 5549 6033 5577 466
441,813 3513 2323 420 4931 4930 4929 4476 1619 1617
442,4371 4935 8357 6525 399 11773 6171 908 2400 6181
443,4945 4944 4943 4808 4942 4941 4940 4939 1763 8546
444,4950 4949 2770 11154 323 6955 832 14129 11932 1735
445,4966 4967 4965 4964 4963 4962 4961 4752 3959 5896
446,3546 3544 1041 4976 4975 3819 1014 4974 3543 4777
447,1369 4990 4342 4989 3287 1399 4716 135 4921 3239
448,4995 4996 4994 589 2130 3458 3355 3940 2493 3175
449,4158 3366 5002 3553 89 5001 5000 4999 12540 13571
450,5006 5010 5005 5007 5008 5009 6746 10770 8527 2856
451,5059 5057 5058 3936 5056 495 5055 3364 1203 11758
452,2066 1653 3916 5091 5090 5089 5088 5087 1203 5928
453,5100 5099 5098 5097 5096 4729 189 4146 3528 7140
454,5113 5106 5103 5105 5102 5112 5109 5110 9106 13838
455,5115 11991 10312 14313 14801 1169 7074 15267 394 6621
456,5122 5121 2703 5120 3121 5119 3151 975 3180 445
457,5125 5124 5129 5126 5128 5127 1772 4285 14169 10807
458,5169 4326 5168 5071 5167 5166 4259 5160 1203 3915
459,5181 4085 5182 3557 2714 3556 1993 216 323 879
460,753 4090 4369 5185 5184 4021 9648 7646 10548 9217
461,5193 5192 1620 5191 1461 5190 5189 5188 1621 1622
462,5197 5196 2699 7527 4465 4456 3522 6097 5246 4459
463,5202 5201 5200 5199 5198 9823 10157 10829 12135 11677
464,5205 5204 4033 576 11115 8426 1222 9103 1451 6781
465,4976 3316 5219 5220 5218 1050 5214 5216 3378 6300
466,5225 5224 5223 26 7992 4255 7054 2457 15118 2340
467,3449 5228 5229 5230 1740 5231 5232 5227 1741 15038
468,5236 5237 3526 5235 5233 5234 11379 5567 5278 7431
469,5238 5239 5240 5241 5242 1224 11010 10108 9698 11590
470,1119 5248 5247 5245 5246 5243 5244 8021 9393 8025
471,5251 5250 626 9365 2924 13564 10148 8119 5377 13543
472,678 5256 5255 1886 5254 5253 5252 13954 293 12314
473,1799 5260 7952 15161 274 7096 3074 568 4306 10257
474,5265 2013 5174 4021 4274 3993 1381 5264 10329 1668
475,5280 5281 4313 5279 5278 5277 37 4288 11316 10159
476,4273 5282 2268 12459 4272 9017 6093 7499 12479 4800
477,5287 1177 1897 5286 5285 3950 5284 2984 8788 10868
478,5296 5295 5294 2830 5293 4871 5292 4409 575 213
479,5310 5311 1367 5309 2216 3136 1994 5307 9913 8475
480,5317 5318 5319 5320 9971 8002 2923 1387 7808 4574
481,5324 4224 5322 5323 467 1391 5321 1423 6216 10298
482,5330 5329 1882 3482 5328 5327 5326 3568 13002 5332
483,5334 5333 1979 3794 2901 1896 6632 5486 1837 6477
484,5339 5338 2673 5337 5336 5335 7257 7109 3848 3847
485,5342 3384 3385 5343 1281 1206 1237 7133 1943 4972
486,1533 2824 5344 13926 2823 10410 13575 4514 1532 8904
487,5349 5348 5346 5347 4282 7695 8825 12740 6333 2953
488,576 5357 5356 5358 5355 5354 5353 5352 1225 8398
489,3550 436 5359 5361 5360 3428 2139 3427 8025 11727
490,5377 5378 5375 5374 2169 626 5379 3864 8226 10277
491,2540 3289 5391 5389 5394 5393 5392 5390 5209 2480
492,2101 5397 4091 4188 5396 253 1568 3911 10571 2097
493,5399 12300 1933 12892 12520 9455 3235 10117 7895 7353
494,5400 209 4937 9704 6248 6860 8692 11593 11306 12575
495,685 5402 5401 3387 10781 9867 5908 10184 773 169
496,147 5407 5408 5406 5405 5404 5403 2821 8058 14045
497,1686 466 5411 5410 2482 4878 4823 4891 3239 3236
498,5420 5419 711 4228 3043 1752 5418 5417 3044 769
499,3529 3453 874 5427 5426 1484 5424 5425 7133 875
500,2422 5428 2421 3661 2414 1249 12036 567 10224 12650
501,5435 3384 4202 5434 2000 3478 1405 3117 430 1203
502,1721 5443 5442 5441 5439 5445 5444 5440 1155 10246
503,5450 4139 5449 5448 5447 1826 2996 10199 4414 7554
504,5462 3770 5460 5461 1104 5459 5458 1112 2691 11874
505,5466 5467 5465 5464 5463 991 11113 7364 8706 577
506,5484 1677 5483 5412 5469 5470 5478 5482 2673 3847
507,3042 5082 5490 5489 5488 5487 4183 6689 8074 1239
508,5493 5494 5492 13941 42 5146 10639 277 7488 10634
509,5495 5496 12344 4304 8000 24 5978 5979 7747 7019
510,5505 5501 5503 5504 5502 5499 5500 5498 226 3291
511,5511 1749 5510 1684 5509 5508 2702 4547 796 4541
512,5516 5515 5514 5513 14224 15163 13431 8737 15251 14159
513,5520 5519 5518 14204 3951 5373 14203 14379 6606 10163
514,5528 478 4816 660 465 5527 5329 5523 4093 5928
515,5530 5535 5534 1140 5449 5532 5533 5536 1135 2869
516,5546 4031 5548 1232 5547 5028 2758 4766 2024 1567
517,638 344 5558 5556 5557 2795 5555 416 13817 13944
518,2309 5561 10968 466 169 3811 873 149 686 5720
519,4642 5565 4644 5564 5563 5566 4643 4647 4645 4648
520,5573 2192 879 5572 5571 5570 5569 2445 9913 2531
521,5577 5433 481 149 5576 5475 4929 1641 5549 169
522,5580 4925 1690 466 5579 5578 323 1902 6033 5549
523,5583 5582 7669 7488 7672 5146 5616 7589 5886 7481
524,5591 4478 5590 3519 3913 5589 5585 587 422 592
525,5594 1836 5593 5592 127 1830 5396 4191 6985 3911
526,5605 4750 4747 5604 901 5603 2905 3091 2437 6189
527,5607 5608 5606 5609 2081 937 932 2304 2079 14905
528,1297 357 5612 5621 228 5620 5619 5618 9655 412
529,5626 5628 5627 12172 7916 12068 12646 2614 1883 7444
530,5637 664 5167 1419 5636 2141 5635 5634 14282 976
531,3714 5299 7734 3456 82 10017 8690 9913 14107 9610
532,5650 5647 5661 5644 5659 5648 5646 5649 1606 5663
533,5666 5665 4940 11574 2705 9492 1684 2148 424 10202
534,5671 5670 5669 5668 5667 1773 9665 1774 10988 12729
535,1748 5676 1360 4386 5674 5675 1337 6982 12611 6842
536,177 5683 5682 782 3101 5681 5680 3515 773 12160
537,642 5685 648 922 5684 4395 4405 1758 11022 10659
538,1861 4602 4134 5688 4132 5447 4688 1011 10199 4687
539,5697 5693 5694 5692 5691 5695 5696 13218 11611 12088
540,5699 5701 5702 5703 5705 5704 1654 5698 1655 1656
541,5713 990 5712 569 626 5711 5710 3886 679 13378
542,5723 4765 873 2309 741 686 2589 5722 169 1203
543,5734 5735 5736 5737 5682 4312 1191 5733 5270 1203
544,2064 5499 3532 1079 190 3109 189 3531 2063 7133
545,1752 2134 1273 5752 5751 5750 5749 3403 3044 5753
546,5235 5758 5757 5759 11124 14733 14483 14223 14429 3469
547,3719 5762 5769 5767 450 5768 3937 3441 9690 323
548,5772 5774 5773 5771 212 5770 10275 11137 215 10232
549,5782 5781 5780 5778 5777 5631 5779 644 14064 10255
550,5788 5787 5786 7000 12005 11397 11575 7649 7643 1127
551,3467 4558 5789 10618 3466 2537 2588 3728 8067 11083
552,5792 5791 4284 2457 3407 5270 202 2415 15025 9433
553,5801 5796 3137 5794 5800 4111 5799 578 4097 4098
554,4640 4898 5829 2478 5828 383 5825 5827 13063 7759
555,5847 2884 5849 1826 4139 5848 5841 5842 8159 395
556,5851 2221 5850 8172 5036 10362 6787 5348 13908 4356
557,5871 5875 455 773 5855 5856 5861 5874 12936 6363
558,5886 5885 3411 5884 3814 5882 4410 5883 6946 575
559,586 1329 5891 2723 5177 5620 1300 3881 9655 4849
560,226 3342 2736 5894 2993 1075 5893 3286 3765 1014
561,2131 3982 5898 4595 4710 5897 1753 5896 4073 4753
562,2175 5918 5917 5916 5915 5914 5913 4627 10125 8231
563,5952 283 5933 5951 5950 5949 1514 5948 13892 2108
564,5961 5960 3811 764 5959 5957 5958 885 1641 169
565,5966 2903 3125 5969 1596 5970 5968 5967 9996 9998
566,249 5580 3499 1341 1340 7929 836 6375 453 6695
567,3699 5980 5974 280 5977 1644 5978 5979 1203 3915
568,4518 1366 5984 5983 4709 11600 7377 11601 8001 4525
569,5826 5994 5993 5992 5988 4399 5991 5990 2122 14902
570,2742 6001 5344 6000 2820 5999 5998 2614 12426 2741
571,6002 3213 46 618 1957 5324 578 611 612 287
572,6011 6010 6006 6007 6009 6008 11761 2711 6680 7523
573,1440 1612 494 3705 1450 1649 6035 6034 1203 775
574,6051 6050 4366 2652 6049 169 461 5073 5033 5029
575,5416 6055 6054 1684 1416 5418 5417 769 10663 6056
576,6061 684 6060 6059 6058 6057 4748 6494 2437 10220
577,6064 6063 2133 1206 5928 323 10708 4354 11663 11664
578,4132 4138 4687 4688 8983 12349 11387 1719 4135 2373
579,6069 6068 11620 13631 7640 11414 11411 10024 11412 4709
580,5638 6070 231 230 13950 4455 10867 229 7107 6531
581,6077 6076 6075 594 6073 6074 202 578 2415 2457
582,6082 6081 6080 7873 7871 7870 7369 7872 7874 3125
583,1732 848 6083 10472 462 2781 14928 6426 4002 2318
584,4207 4225 893 6091 6093 6092 6090 482 1203 9711
585,5729 6097 1898 6096 6499 6498 11475 5197 5237 12373
586,6099 6101 6100 13946 6102 1883 8089 12274 11166 14664
587,6104 5837 3863 6103 2186 5997 1471 412 1473 8680
588,1238 1239 3556 1203 3557 9711 323 463 4 4128
589,5727 6116 733 6115 3983 6114 6113 6112 10025 15070
590,6124 6120 6123 6122 6121 6119 2741 422 12198 2342
591,3222 31 30 6129 1423 6003 6128 2959 2597 14676
592,1765 6133 1282 6132 6131 6130 2210 6104 3169 7163
593,3938 3029 2680 3027 2696 6854 9552 3802 2714 5768
594,4903 4890 6137 6138 6139 1374 6136 13067 10933 12295
595,3727 3312 4912 1295 3359 5836 1501 4921 5217 3239
596,4830 6142 679 3692 3602 3909 2076 2077 2075 6543
597,4458 6145 6144 13725 10490 4459 6524 3533 6525 14533
598,6156 6155 6147 6154 6148 6149 6153 6150 6700 6702
599,6158 6512 7884 7885 614 11660 11661 9392 11030 2563
600,3089 3665 6169 6167 1662 6168 6165 5445 2705 8409
601,6178 6177 2772 6176 4000 6175 5396 1832 1203 323
602,6187 6186 6173 4781 6185 399 6184 4948 7936 14885
603,6200 2470 144 6198 6199 4988 5542 6197 1203 6033
604,6207 6206 6205 4877 6204 6203 6248 9457 11479 2540
605,1520 4475 6221 6220 806 6219 6218 4206 1203 9711
606,4749 6227 6226 6225 6224 11964 6146 1679 6479 10269
607,1302 213 6237 141 684 6233 5045 6234 3242 2024
608,6239 6238 6249 6188 6170 3671 908 6260 9805 12566
609,5452 2151 3876 5801 2296 2653 1686 2290 3112 13435
610,6268 6269 12417 13927 13018 10695 4352 14482 14770 14658
611,1712 6271 994 1673 876 9355 10943 11366 1245 11871
612,6291 1246 6272 6292 6288 6277 6285 6281 10724 13160
613,6293 6294 774 624 6295 6296 4532 686 466 2309
614,2723 6299 5600 6298 6173 1844 5894 6297 7940 11177
615,4636 3826 4344 6301 3381 3371 5388 2772 3319 7317
616,6304 2221 2482 4744 3317 6905 4921 3239 12967 8172
617,2541 3507 6307 998 1868 6316 3049 6315 9552 14282
618,1577 1564 1565 6374 7420 9273 4268 1576 4821 323
619,4597 6321 6320 6324 5686 1136 310 6323 1146 1145
620,6332 2831 6049 6331 636 6328 6330 6329 12188 15127
621,6347 6346 6345 5362 3342 2689 6344 1075 6681 1737
622,6352 6351 6350 2820 13248 2741 3465 8906 1532 2815
623,2594 6354 917 5023 3771 10225 290 2320 2597 1578
624,2628 1146 1145 4596 1011 1136 5686 1143 12376 1862
625,318 6358 6357 344 12640 8455 13351 8633 618 3811
626,1320 6364 6362 6363 6361 1778 6360 1278 9192 1779
627,2151 760 3916 1206 3372 6373 3931 2781 1203 323
628,1250 1019 2356 148 2072 226 1052 196 2357 3290
629,6385 6384 3169 324 1648 1437 6383 3931 323 2309
630,6392 6391 6390 6389 6388 13123 15132 13024 5790 1014
631,6399 6398 4272 1176 6396 6397 6395 10109 7536 4273
632,1213 1215 1300 3908 1426 6405 5309 4845 4973 3977
633,6416 1529 6415 6414 4514 2614 5998 2820 2814 2742
634,6419 6421 6424 6418 6359 6420 3164 6429 169 323
635,6364 6431 6432 3002 12644 3001 2372 2375 4598 2371
636,3108 149 3530 3751 1280 3971 1620 2199 1624 3213
637,6443 6442 6441 4507 6440 4769 4241 6439 1203 1452
638,6447 6446 5449 2869 1135 9194 5448 1778 7427 1011
639,6458 6455 6461 6459 6449 6451 6452 6454 8667 8644
640,6467 6466 6465 348 5653 2458 737 5652 2456 2460
641,6471 5487 6470 6054 458 2509 4639 5135 11813 1870
642,4577 3905 6114 6056 6474 5195 1608 2808 9082 11587
643,1681 1680 6490 3087 6226 6508 6509 4706 2108 6543
644,6531 6530 6529 6528 3609 6526 6524 6525 8575 2108
645,6534 12704 13151 4150 9925 11621 9370 7507 13547 11795
646,230 1341 6545 6544 3453 1014 3091 6543 6494 9805
647,6548 6549 4357 10029 7585 3671 9838 7967 9202 1327
648,2369 1357 6360 2014 6550 6552 6553 6554 1354 9851
649,4891 4887 3237 6566 1196 5793 3049 6565 3236 3242
650,6568 1303 7 2614 5329 14787 13367 11425 8093 12266
651,6570 6571 6572 6569 10041 12501 13635 8808 8809 12534
652,6579 6578 6577 6576 6575 6574 2445 1796 775 6380
653,2013 6584 6583 6582 6581 5147 14575 2261 14443 14201
654,6590 1211 3102 1479 6589 420 1591 3195 1641 2309
655,794 1203 775 3943 764 873 3376 3527 323 6033
656,6595 772 3206 2768 1568 6594 6593 6592 9048 2776
657,6598 6597 431 2723 1237 4696 14735 5046 1274 2900
658,2857 6602 6599 6600 6601 2167 935 13668 3672 279
659,6621 2108 6622 6615 6616 6617 6618 6619 6189 12373
660,1110 6631 6626 6627 6630 6629 6628 6632 1680 5197
661,5064 6644 3253 3362 6023 5546 4488 6643 1203 1233
662,6667 6665 6666 6655 6664 3652 6663 6662 14289 14288
663,4368 6669 1561 1560 13537 14001 12486 14207 14182 7660
664,715 6681 6680 6679 994 2133 3984 3242 14303 14282
665,6686 973 1600 341 2221 8076 8172 5177 11852 5348
666,3039 2139 3165 6690 1686 6157 5490 3635 8074 1203
667,4017 6498 6373 6499 6546 5186 1512 249 6097 12373
668,6156 3354 6702 6701 6147 6700 6148 6153 6151 3636
669,4134 2883 2890 3076 6704 3078 3079 3077 11057 7221
670,554 6723 6721 6709 6715 6711 6719 6725 10731 7685
671,4595 6729 6728 8677 254 12249 10490 8785 14543 12248
672,6732 6731 4013 950 1855 4964 4962 4073 7649 4753
673,6740 6736 6739 6737 4136 2148 6735 6738 4608 9540
674,6744 6743 354 14411 5288 7662 13551 13023 15141 15137
675,6745 6747 6746 10770 6972 10924 13743 12491 4123 2096
676,6673 104 6749 3908 4080 1804 2266 1385 11672 9764
677,5904 632 5917 6751 6750 2005 10125 6086 6855 633
678,6754 6753 4771 7412 4200 6025 4227 6967 770 6034
679,6759 2971 6756 6757 6758 6761 6760 11358 11359 9239
680,4480 6766 6765 751 3931 3926 4876 6580 4845 10636
681,4309 6774 6501 6773 943 934 6772 952 7018 7019
682,6777 6776 6778 6779 6184 4281 6775 6783 7572 1665
683,6790 6789 6788 1128 6787 6786 2221 7824 3784 3583
684,6798 6797 4594 6796 6795 2805 5563 6794 4643 5565
685,4477 2235 6802 3909 6801 1429 6800 3602 7043 13892
686,6809 6810 6811 6806 6807 6808 2997 4604 8982 1321
687,6813 6812 6697 3739 748 9278 12916 1735 463 8936
688,3548 3163 6816 949 6814 6815 8666 15191 7090 14957
689,4985 4897 1869 1871 6819 6818 1890 11425 14034 12265
690,4844 538 6820 531 536 14808 525 532 530 535
691,5053 4182 697 133 167 6825 6824 6823 879 1233
692,6832 6519 6830 6831 3361 4419 2225 444 323 182
693,6839 6838 4787 563 6837 2918 2931 6836 5920 4023
694,6846 6843 6845 6840 6844 6841 6842 12088 13368 13403
695,6847 6364 12644 7077 1320 2876 10461 8982 2375 6805
696,5584 5884 823 3151 6851 6850 6849 6848 2924 10108
697,6853 420 3225 2211 3195 1641 3678 6033 466 2309
698,4006 5398 6859 4131 4453 6862 2102 6861 9457 6865
699,6867 6866 404 1166 2820 403 9791 12426 405 1535
700,1295 6878 186 2661 3871 6877 2675 3312 3727 6467
701,3453 5858 4251 3185 6676 5540 4031 226 1014 6433
702,6885 6884 6883 8032 8033 5797 13253 11453 14006 9557
703,6911 2234 6910 2527 5325 6909 6907 6908 9913 11481
704,832 694 6919 1899 1071 2770 4208 6918 323 4
705,6922 6921 3805 939 7472 8354 6745 3803 1462 14861
706,3469 6927 6928 4894 119 6925 6926 4922 5822 3380
707,5403 6938 2274 207 336 6937 3950 4405 6513 14282
708,6951 5600 6547 6499 6947 5603 6950 6949 6097 1896
709,6439 2053 496 1766 6643 6967 6966 6965 1203 5928
710,209 4504 6985 5186 231 3453 6987 6986 1014 1051
711,1529 2815 6989 2820 2814 2742 1166 3046 4514 3464
712,6993 4515 6992 6991 2820 1532 2744 4330 2741 10206
713,6990 6995 5194 12883 11111 12070 11108 6993 10563 11897
714,2538 2516 5191 142 494 7004 4471 1648 1203 6033
715,7008 7007 7009 7010 4990 7011 3497 4875 4874 4873
716,7015 7014 7013 9307 9412 15218 10813 15169 11251 8525
717,7020 6114 6345 683 7018 7019 6769 1028 10154 6774
718,7024 7026 7029 7032 7035 7034 7033 7023 6093 14282
719,1987 6970 1273 1436 7042 4761 7041 7040 1452 4
720,7044 7043 465 6445 775 2235 466 454 5032 3195
721,3348 7048 185 2488 4992 4993 821 7047 1760 14282
722,4850 7053 7051 7052 7050 10171 8195 15000 5592 6861
723,4142 4608 4136 3077 7060 7061 7077 1828 1003 2870
724,7082 225 4956 14986 8737 9881 14635 8561 8482 1763
725,7084 14259 8188 4675 9288 4590 4038 14009 9617 7871
726,964 7085 9702 8675 9440 12809 13459 974 3683 14550
727,6399 3588 4553 7087 14295 3955 12387 10596 4768 730
728,7089 4776 145 4772 167 9518 4774 423 4295 3518
729,6551 2372 3774 4461 2616 7100 7099 7098 2371 10992
730,1169 4964 7106 7103 7104 5978 7105 6163 5896 4073
731,6196 7109 7110 5336 7257 10871 7847 14508 15026 13558
732,7120 2538 2142 7127 7124 7126 7125 7121 8475 81
733,4637 7138 7137 6973 3899 3377 88 6970 11713 4144
734,2297 3543 1602 4979 3546 39 5452 7139 3544 3545
735,3811 3470 385 742 3598 2524 2551 64 10342 10378
736,1635 7142 2662 2663 4056 8215 8214 4058 4059 3010
737,1989 1684 7145 2689 1766 7144 7143 3764 323 527
738,787 6445 7149 433 685 466 3937 686 323 169
739,3931 592 243 466 587 423 12310 597 3962 1164
740,7151 2720 2799 2697 3303 1056 3358 2343 7279 4779
741,7159 4426 7158 7157 7156 2507 7127 7155 8475 9913
742,6612 7171 399 7170 7169 7168 7167 3997 6617 7349
743,323 138 865 4868 887 9090 4180 2772 2121 864
744,3455 7176 3969 2551 7377 5314 6890 64 9921 5141
745,7180 7179 7178 1367 7177 4307 10913 9549 11251 11252
746,1957 3149 7182 2321 7181 131 7965 4452 8591 1333
747,7186 6348 7185 677 6814 732 7184 3943 1300 5725
748,7196 668 7189 7195 7194 1093 7193 7192 10238 3624
749,7200 7199 10187 10186 9829 14117 14040 1360 1559 5674
750,953 2858 4802 5511 4354 546 5952 3852 5154 6649
751,4126 7204 7203 2954 6319 3522 7209 7208 8149 14863
752,5882 1873 7214 7213 1677 5483 328 1660 2952 11587
753,4599 2014 7216 4596 7215 5845 5686 2869 7554 12376
754,7219 8122 9808 1846 6785 8114 11848 1700 4450 10113
755,3075 6704 7221 3077 6703 3079 2616 3078 11057 2870
756,7228 7227 7226 7225 7224 7223 2614 12125 12114 13071
757,6303 7230 14620 9768 10893 4540 3816 6998 12164 5147
758,3168 7233 7232 873 5740 4027 7231 2763 323 2309
759,7238 4889 7237 7236 6755 2791 529 2947 13039 12172
760,7244 782 4382 7243 7241 7242 6296 5755 9811 1203
761,2739 4454 7247 4920 10526 716 2482 11668 4921 8960
762,6465 4836 7250 7249 7202 1988 1873 10731 11266 13614
763,3793 7253 7252 7251 7401 13752 2645 11983 11632 6887
764,4788 5979 5710 7261 7262 7260 1522 7259 5336 7109
765,7277 6831 6222 3730 7271 5681 7276 5144 11795 4874
766,7283 2234 2078 474 3301 4377 1334 7282 10076 5135
767,7291 7290 3203 1419 6651 7289 6367 6014 1203 4212
768,1471 7292 1473 1472 15105 15159 23 10654 6814 7267
769,7300 7299 3043 363 3680 7298 1487 2549 9913 11481
770,4983 7306 187 2115 3320 7326 3607 7325 5217 6300
771,7333 7334 3892 1345 4356 8761 3897 8489 12027 6350
772,7338 848 7337 2452 446 3676 228 7336 462 4093
773,6729 7347 4071 7346 7345 7344 7343 6365 13144 2536
774,7350 7352 7349 7351 6622 11968 12565 10610 4670 12566
775,6265 7357 7356 5599 4489 5885 2143 7355 7019 10892
776,7358 1916 9554 12896 7065 1003 9192 2372 10072 11347
777,484 775 4858 7363 7364 698 728 7362 464 6033
778,37 7372 3741 7367 7370 7371 7369 4845 9913 2960
779,2661 7382 4943 7376 1180 3598 1181 4836 10731 6712
780,2810 7391 205 964 7389 7390 7387 7388 14334 8071
781,4495 7397 2742 7396 7395 7394 4346 7393 2820 2741
782,7402 7401 7253 4948 6886 12623 7939 13360 8687 6887
783,6362 1319 1778 7404 1320 4060 1779 6363 9192 6361
784,7405 7406 7407 684 6246 4563 5657 2594 4068 4562
785,5315 6373 2711 7422 7421 3223 1439 3100 5928 2024
786,7425 6364 1826 2869 7426 6707 3843 12644 4403 4416
787,7428 634 618 611 6471 612 287 9913 7580 14418
788,6186 5947 887 7436 7435 7434 6708 2287 287 7525
789,1410 2556 3738 4864 90 7438 7437 6813 6892 4866
790,7225 7443 2068 333 7442 7441 7440 13923 12975 3888
791,7447 7445 7446 3189 2460 775 466 2165 2024 801
792,7449 7450 2887 5599 7451 7448 13878 15126 14226 8477
793,3903 7452 3901 3899 9041 5056 3902 1058 9038 3900
794,3055 5869 6909 7455 7454 7453 1517 5237 12373 5486
795,7463 1610 1212 2489 7462 809 7461 4255 835 1203
796,7467 2013 7466 1892 6909 1896 9697 5237 4803 14635
797,1480 7469 1549 3040 197 9287 9623 6032 15107 7452
798,7473 7479 7485 7486 3948 7484 6988 7483 1226 9502
799,6151 487 6153 7492 7491 6154 7490 4346 6152 6148
800,4789 6463 6671 2706 6342 5725 6686 10625 2122 8555
801,3368 5096 7283 7355 7493 5097 4988 10648 6199 8548
802,7497 3497 5859 5501 7496 7494 7314 1618 234 1617
803,7499 5452 3824 2296 2653 1686 13435 13487 14897 846
804,7245 1164 2784 7513 2478 7512 150 842 1203 775
805,7521 7520 7519 7518 7517 3851 570 7808 255 7809
806,33 1573 715 2313 7377 61 2520 9913 11478 11718
807,3591 7529 6058 6494 7528 4465 6543 7527 9226 6544
808,4808 1577 411 2607 7536 7544 7534 7535 4630 1809
809,7547 7546 72 7545 73 13981 7065 13847 1107 12057
810,7549 7550 7548 10140 56 5281 2523 7465 742 4449
811,3479 7551 1867 3153 3167 12127 7226 666 460 3161
812,1136 2875 7553 1827 1354 7072 2376 2377 1357 1355
813,7565 7564 3239 7563 7562 7559 7560 7561 3236 4891
814,2981 7568 7567 9650 2587 9514 3789 7349 9513 1700
815,195 4978 4933 7570 6768 971 3811 7569 2210 3169
816,6779 6484 6228 5375 7573 7571 7572 7576 6485 907
817,7580 7578 7577 7579 1332 5488 794 1204 11914 4191
818,7582 12990 9409 11612 6313 997 9418 10619 664 11261
819,7584 7586 6549 7249 7585 1700 6183 14885 12587 8114
820,7607 7595 7590 7591 7592 7593 7594 7608 11116 11275
821,761 7611 810 9402 1646 8073 7210 163 478 9711
822,7618 6830 7360 3144 7617 3905 2226 268 8985 5370
823,7622 6153 7621 6154 8047 6700 11904 6148 6156 11934
824,7628 7629 7627 7342 7626 7625 7623 7624 9949 12354
825,7633 7632 7631 12620 7399 10909 6861 10572 1830 7829
826,7639 7638 7637 7636 7635 7634 1595 7642 8237 6515
827,1626 2827 7151 7645 7644 226 1250 148 1014 6433
828,2021 3529 1035 4220 7647 6019 7646 1495 2063 5503
829,1855 4073 7651 6165 7650 7643 7649 7648 1127 5788
830,4087 7654 2442 4590 12944 4086 4088 4587 4583 3664
831,7658 1416 7657 7656 4530 7002 12083 11978 8033 6055
832,219 6036 4189 6963 3441 1968 6961 209 2985 6042
833,7666 7665 1940 5597 4781 7661 5715 7663 14528 11786
834,1375 7668 7811 1377 1379 1380 1381 1374 1378 1373
835,7670 667 5582 3193 3170 7682 6437 3162 7247 14303
836,7687 2304 7249 5607 1741 7686 2834 1740 2614 6412
837,4395 7688 648 922 5685 4405 8680 10281 13130 13899
838,4132 4687 4688 4138 8983 11387 7093 7091 3083 4613
839,1862 1011 1002 1863 7427 9749 7554 8477 12726 10732
840,7690 13301 12971 8491 10524 5554 9102 3353 8950 5232
841,7692 7693 7810 7781 8529 926 7791 6723 5468 4152
842,7695 4282 5346 6333 7694 11534 3157 2830 2953 2821
843,1452 879 4235 1206 2133 853 2448 2312 1203 5928
844,287 7700 7699 281 2700 8421 618 612 14975 3801
845,6799 1645 748 4659 4658 4661 4647 4646 4648 4645
846,7702 7701 6 11268 10524 11825 13337 11612 12754 8491
847,7708 7710 7709 6500 7707 7706 7705 5763 1668 6803
848,7713 7712 4728 7715 7714 13839 14723 4727 11248 12598
849,466 7719 624 7718 7717 686 7716 873 1902 12160
850,2415 1191 586 4284 6402 4848 202 9508 2457 9072
851,1398 7724 1229 3209 1259 4239 5538 7723 4213 7420
852,2544 1381 2541 7156 7733 2511 2234 7734 9913 2551
853,7735 780 7737 2779 4660 7736 4653 2804 4663 11370
854,4836 7746 5713 6825 1985 5522 7745 7744 7939 4068
855,7750 7751 7752 7749 3677 10973 2170 9892 5998 12288
856,7756 7755 7753 7754 11948 8210 3838 11947 8392 8649
857,611 7765 3181 385 7764 7763 6574 7761 9903 11481
858,7777 7776 1548 7775 1810 7774 7459 4997 10497 2450
859,7782 7781 7780 13304 3158 8529 11172 7946 1912 6327
860,3085 7784 1003 3083 7065 13111 10843 12736 2881 4138
861,7787 7791 7786 7792 7796 7795 7794 7793 9393 926
862,2535 1573 819 7798 7243 1329 3818 3881 4849 2551
863,2728 7803 7802 7801 2898 9696 1267 12081 5899 6146
864,3908 4080 6749 1804 2266 4079 846 14897 13487 7341
865,7165 7806 7807 7166 12931 10000 12930 8967 4534 9395
866,7814 3112 2295 777 4490 7812 687 7813 8002 7999
867,4693 4599 7818 3845 4687 4138 2874 2875 7554 2869
868,545 7821 7820 2985 4189 142 481 544 1641 198
869,6790 7824 1955 6789 6788 3784 14043 8300 10528 1128
870,7828 7827 7826 12680 11073 1748 13837 2842 2393 13403
871,6407 6406 7829 5860 9130 8548 12031 7493 6578 1215
872,1505 806 1519 811 6157 3099 244 350 1203 11758
873,7849 7848 7847 4727 7846 7845 6584 7842 11367 11366
874,7850 1359 3719 8572 13530 7660 11540 8683 7678 12809
875,7864 6329 1523 7863 3142 7141 4286 585 4351 6494
876,7873 3125 7871 6080 7872 7870 7369 7874 5969 2903
877,4861 7876 7875 9954 3937 9320 61 1404 463 1650
878,7894 6531 2846 7893 7892 572 1177 1896 5486 12373
879,1219 4182 6985 4146 1836 3115 7042 1079 3109 3340
880,1648 2458 7362 1432 3642 2695 848 2459 1203 323
881,4175 7246 5592 1836 1401 7913 5594 5186 8287 2218
882,7917 3908 7916 5628 6768 3716 4738 2833 5036 1527
883,5053 6399 7923 7922 177 7921 7335 7919 457 1203
884,1001 7094 4604 2996 2997 1321 2998 1013 9635 7065
885,1048 7927 7926 6588 1815 823 4347 4313 2721 2178
886,836 5167 7930 7929 5580 7538 7928 5154 546 6695
887,6074 3088 6085 1893 2865 8966 637 202 6075 6477
888,1847 7948 6228 5157 4068 1222 1837 7947 6494 9805
889,2407 6312 5105 7953 7952 576 2447 5358 1225 12195
890,805 778 5290 6813 463 5606 3811 7954 1203 323
891,6254 4902 7689 760 7959 3916 7958 2150 1377 1203
892,7963 1607 5206 5902 1713 1196 8004 9145 4871 12047
893,7966 240 7965 8466 4337 8456 3149 4338 13514 9527
894,2363 780 7968 2249 983 89 8196 5832 7614 12203
895,803 789 241 3110 3682 6209 791 792 1203 775
896,3821 7978 6187 7936 7976 7977 5325 6494 6543 5708
897,7984 3984 7983 7982 3401 5485 7981 8244 3771 14517
898,7985 11774 11773 3489 7721 9327 8496 11492 9453 11147
899,5171 7543 230 7987 4309 684 7018 6774 7019 11355
900,7992 7993 3194 3345 7139 7137 2069 7991 1280 3543
901,297 2023 656 6500 466 8666 3548 7100 1400 1478
902,3468 5502 7997 7996 4383 5972 4382 1516 8984 5505
903,8001 8004 8003 8002 2653 7518 2172 8000 7808 4518
904,8039 8038 6982 661 8011 4746 8028 8037 7946 13892
905,1071 3928 8046 811 6471 2326 2195 8045 10307 812
906,5311 6263 476 6198 4726 2041 6032 467 80 4432
907,8055 8021 8054 1119 9393 3428 8033 1122 8032 13715
908,3862 2560 8058 8056 8057 5408 5021 5406 2821 14045
909,8060 7592 15147 4896 3136 14397 11852 341 10515 10514
910,2260 8069 8070 8062 8064 8066 8067 8061 12059 8071
911,6277 8072 6283 6274 6289 6287 6273 6282 3437 6272
912,7611 810 8073 761 9402 7210 792 420 3195 3360
913,2748 64 143 1568 170 5549 8653 2765 7696 182
914,7231 5634 8075 1128 8517 13355 6718 1400 2597 2805
915,8084 2746 8083 8082 6587 8081 4352 8079 4665 4651
916,8102 8094 8096 8089 8092 8101 8100 8099 9759 13307
917,4399 1869 5218 8107 4858 8106 3552 9545 9546 10493
918,8109 8110 8108 14590 2614 3551 12301 13908 12302 1909
919,2393 8137 8136 2686 6187 3610 6961 8135 2108 13892
920,6322 8146 3500 8747 2957 3357 3153 243 5751 2595
921,8148 8147 7628 5679 12885 3401 9533 5231 1106 4174
922,8151 1721 4134 1138 8154 1861 5689 8166 7065 4136
923,4729 5412 4384 9432 10174 11497 12822 4863 624 149
924,996 6129 8171 8172 8178 6437 2042 8169 7247 2221
925,6677 8181 2005 8180 306 8179 2036 6817 3533 3236
926,8187 8186 5092 2458 2749 4214 788 2460 2456 2459
927,8190 1500 8189 2111 23 1697 1498 8579 12097 1499
928,1206 8191 323 2133 1803 2876 7696 1826 4354 760
929,8181 1164 8201 651 8200 6342 587 8199 9580 9271
930,6503 8206 8208 8204 8205 1942 8209 5729 1177 4462
931,8210 13077 7754 13728 9123 9199 7401 8649 11019 12253
932,6798 2662 8215 8214 7916 8213 7444 8212 1635 8393
933,8217 5389 5387 3359 5391 3289 5392 5393 3332 5212
934,8219 6035 3675 3643 6596 8018 6580 476 2448 10919
935,8225 8224 8223 3937 1643 3931 3768 6211 323 3915
936,8226 4775 3109 7042 3340 3108 4972 1079 4050 5742
937,8233 8237 6621 5788 8236 5246 6515 4170 6543 1680
938,4217 8240 3692 8239 2447 5753 2137 9340 2953 679
939,3541 8242 3526 4346 5343 8241 6971 3540 5342 10868
940,1501 1687 1083 4874 1054 2071 5424 7133 4147 4873
941,1290 3251 49 2556 3456 10017 7734 82 2579 3714
942,3379 8248 5996 2495 5388 2186 8247 5637 3378 6300
943,692 8250 5802 11366 14136 11405 693 11404 8726 6725
944,3751 1112 8251 7570 3352 5458 2691 1750 4049 4975
945,4778 5568 3407 8255 8254 8253 11703 12561 24 6550
946,8251 8259 8258 888 8257 8256 678 5256 4449 13130
947,8262 2466 9174 1178 5106 5105 5104 5103 5102 5101
948,8264 2298 3927 8263 3914 3912 1540 13194 2300 3616
949,7557 1275 8290 8168 4774 8296 8295 6036 5633 4874
950,8301 3418 1993 4085 7442 11576 216 8312 1452 12165
951,8307 516 4319 8306 3361 7761 5501 1611 6433 1014
952,8313 8315 8314 8301 8312 8311 328 11183 13364 7442
953,8316 4447 5570 8713 6284 10731 13314 8710 10131 6712
954,8319 8318 2861 7878 4707 8317 12925 1896 12718 5111
955,5985 6290 8322 7436 8321 12891 13258 8385 5947 12708
956,5759 8324 7249 8323 1387 7961 1885 13433 11124 13578
957,225 3634 8341 8329 8328 8331 8332 8330 1763 6591
958,8350 337 8349 8348 3301 2510 3380 8347 2484 186
959,466 1419 8352 6577 6381 126 1796 323 9888 4761
960,8354 8356 8355 7205 441 8353 14708 9251 6746 9845
961,8360 8359 8358 8357 9450 9455 3490 9451 9453 9449
962,49 2149 8362 140 8361 611 61 2185 15013 9320
963,2055 3609 8365 3634 209 219 4485 694 14613 12837
964,8369 8367 8368 1490 3055 15062 10159 11316 1492 1493
965,4695 382 5768 3938 6854 8371 2052 149 3029 3441
966,8374 8373 15177 5407 7876 8141 14638 2804 14950 14242
967,8375 7525 2903 6080 12330 7873 14904 5283 6937 5601
968,8376 1935 4848 4428 12421 1191 9590 7689 2204 9588
969,7960 981 3786 7747 8381 952 8388 2288 14111 3242
970,8392 4058 4057 4056 4059 8215 8216 7756 8393 13451
971,8395 6769 8394 7019 7018 7020 683 7017 6114 6345
972,7533 5114 14289 7526 6667 3984 7540 4442 3260 5500
973,4884 5185 7646 4369 10548 5184 9648 3236 1737 4823
974,611 10893 7164 1621 235 1618 1619 3213 1620 1624
975,8397 3112 5138 578 5468 2685 7341 4350 10432 439
976,8400 3753 9999 6614 14028 9506 4336 3950 11454 5059
977,3286 4906 3583 5275 4348 585 239 6301 1047 4975
978,8426 8425 8424 3864 2894 6298 263 7226 6494 1686
979,6586 8430 1856 1857 11274 11648 1848 2645 10190 10189
980,8434 8433 8432 7822 8431 83 10306 6054 601 7429
981,8437 8438 8435 8436 1920 4546 3072 220 6475 3886
982,6632 6413 8439 3794 5261 9989 1837 7560 2075 1300
983,5044 8441 5808 769 6523 6522 5567 5416 5418 383
984,8442 6441 4071 1347 8530 5477 7920 15040 8765 1203
985,4413 5845 8443 5846 6804 10099 2375 2371 10992 10630
986,4 3678 7040 8451 4237 3358 189 2781 1203 775
987,3097 774 5580 2322 8458 466 1081 2317 6033 1203
988,8475 8474 8466 1219 8473 8472 1067 378 9913 6892
989,8478 8477 7016 8476 4605 8164 4133 1357 5689 9749
990,1875 2755 3811 2309 466 5549 169 6033 1641 686
991,7324 8480 8479 1447 2808 15211 1483 11316 10159 81
992,6028 5386 3316 8484 3329 3913 5207 488 1203 775
993,3897 8489 5554 8488 2833 8486 8487 9761 3896 8491
994,2473 3339 5386 2540 3831 5822 3359 5209 4987 3316
995,8498 3795 8082 3009 6590 7760 8497 5804 1288 7759
996,8505 8502 2192 4959 2124 1290 71 8504 9913 11481
997,8507 528 8506 5360 1742 4836 4295 8301 10731 6412
998,8510 8511 5738 11345 12290 14229 8170 7376 928 13798
999,5736 5968 1591 4748 3323 7416 5145 7415 2988 2989
1000,5163 8514 8513 5170 4126 14083 881 10093 5172 12472
1001,4223 8516 1519 1441 5945 8515 1894 1893 1895 1979
1002,8519 4809 1877 8518 8517 7809 6718 2287 9823 13355
1003,4930 5962 5719 8522 169 4859 2752 7717 686 4932
1004,2334 3298 8523 690 294 5394 3282 8484 1413 3302
1005,8526 5998 2614 8631 1323 2742 11899 2820 2741 14324
1006,2402 7791 4152 8529 926 8528 6723 8527 7795 5898
1007,1207 1206 5548 4130 4210 6029 8134 5090 1203 323
1008,3642 3931 2067 8533 2294 8418 2290 7341 846 12359
1009,8534 1237 6986 5929 5935 5046 8361 14880 6337 1274
1010,8541 4401 8538 8537 8536 8539 1011 1725 1158 11799
1011,8544 8545 5559 12 8543 13 2636 11206 12647 14796
1012,8557 8366 317 5002 3386 3949 8556 2753 8931 8925
1013,3498 4470 698 4610 4481 5981 5644 13620 11229 476
1014,74 3031 8562 8561 2986 541 94 14954 9443 7082
1015,4254 1092 559 1430 5202 1520 8573 1947 466 1203
1016,8586 8587 8588 8579 8585 8584 8582 8583 9056 14430
1017,8278 5913 7518 7808 7809 7642 8002 8230 8231 5907
1018,7344 5834 8452 1796 2539 3811 12840 5514 11956 10274
1019,972 976 4365 3963 3168 8558 6473 8603 5926 14282
1020,8616 8294 8615 1335 277 6754 8614 8613 7133 5424
1021,8622 7514 8621 8620 8521 4185 8619 8618 9090 5154
1022,8626 8637 8636 5221 1028 8635 3567 8634 2666 5565
1023,2242 4441 8639 686 2239 7717 2945 6814 5294 5719
1024,8643 4854 8642 8641 5430 4702 3465 4516 2741 8732
1025,1354 3079 1355 1357 3076 2378 2369 11349 2370 2371
1026,1703 3480 8646 8244 8645 2182 10071 10072 10073 4035
1027,6478 8649 6172 8650 6949 3038 8648 10714 1896 12937
1028,1584 8657 3703 1970 143 4002 8654 4209 2024 6025
1029,8662 163 8661 8660 6033 5247 7340 8659 775 323
1030,2722 5027 2560 3043 3044 4863 1752 9475 7458 5421
1031,689 24 8185 8664 8663 11366 12993 13917 4892 7334
1032,8668 3923 3970 3517 3618 1689 2702 594 1377 9741
1033,1419 8673 241 8672 4188 4353 11758 1404 4200 1203
1034,8675 5969 7207 8674 2346 7872 3125 2287 7527 11021
1035,8677 6728 6729 4595 4497 102 6849 10021 5338 11142
1036,2234 5163 7270 6340 1600 8546 7363 8678 4927 942
1037,8685 8684 8683 8681 8679 7652 8687 8686 8921 10593
1038,4179 4178 228 8689 6087 10170 2460 854 4176 9529
1039,8693 687 8692 1061 2044 8691 323 6860 6248 686
1040,8698 363 7301 1905 7470 8697 8696 8040 6039 4829
1041,8702 8700 6799 8701 4661 4659 4658 4647 4645 4648
1042,3711 8704 3713 176 1796 784 8703 4235 7696 4824
1043,3710 8705 2587 2765 2448 1418 1412 3310 9314 3014
1044,8708 8707 8706 4723 5464 15116 10287 15245 13088 15137
1045,8711 8709 8710 12114 10731 10131 9767 6284 5570 2614
1046,512 6030 662 8451 489 5066 251 3223 1203 5270
1047,7153 7762 56 8724 2538 6522 7926 8723 9913 2551
1048,8725 10187 13195 12491 4123 10782 6750 6746 12684 1674
1049,8729 405 8728 3465 8727 8726 2820 1166 1535 2742
1050,2040 6794 5066 4 6033 1389 466 775 1203 748
1051,1737 8738 5929 8739 8735 8736 8737 8733 3068 10562
1052,821 2711 1460 1642 8745 6594 8744 3707 1203 757
1053,1419 1404 8748 8673 8747 5299 6325 169 11683 9932
1054,4290 8754 1080 8753 2649 3382 3231 3762 4325 7133
1055,8757 4736 5277 12182 12274 6302 12623 13832 366 4987
1056,8758 418 2667 7562 7557 3567 12616 2457 7563 11203
1057,5229 1740 8760 14319 5228 15038 14127 12027 1741 12060
1058,8768 826 842 788 1968 8767 1967 1208 1203 757
1059,8770 8771 8774 8773 8772 12142 11887 4524 14040 5136
1060,6020 8288 2168 585 3104 184 7004 2024 1567 1203
1061,8640 7962 8779 8944 1886 11232 11702 1926 11701 7829
1062,8780 12295 10933 14997 645 14986 12061 4890 14036 13513
1063,2897 8783 7211 778 7835 7238 1396 149 546 5154
1064,6773 6501 6849 6728 6626 8786 6750 8785 8226 6487
1065,7165 7166 8788 7878 1896 5486 14414 6613 12373 8318
1066,7657 757 8790 8791 6983 2072 2163 7137 5580 6973
1067,2032 2490 2505 8801 951 8223 3021 2142 8475 8587
1068,8811 8760 3882 2816 8810 8805 8809 8808 14328 13635
1069,2989 8815 8813 8814 8812 4965 1661 2442 4589 2988
1070,8816 3916 769 7822 7257 760 7109 1377 5336 2312
1071,2959 8817 7294 8595 2958 10657 3403 5818 2962 6787
1072,488 8818 7683 3553 3097 590 7832 1972 1203 9457
1073,1603 5863 910 5480 3777 5883 7612 1828 4041 3415
1074,3584 6135 8823 3602 3031 2716 2700 2659 988 3909
1075,2015 8825 3012 3011 8627 3010 8624 13222 12740 13903
1076,1532 8835 8834 8831 3779 8833 8832 8830 2820 1166
1077,2253 8836 732 8800 5851 6383 6266 10381 2148 5177
1078,8842 8843 7519 5265 8841 8840 8839 10152 11779 7522
1079,3118 8846 2497 7373 7377 2675 3998 611 9913 2551
1080,1709 1863 8847 8849 8848 1011 8850 9967 14269 12348
1081,6574 8851 248 419 5621 8314 11183 2240 328 12176
1082,8664 7334 7333 8489 689 24 8761 3892 2614 13591
1083,8860 1855 476 8859 4869 3130 8858 8857 8520 775
1084,4232 8659 8865 1201 452 6215 5074 6222 463 8135
1085,8869 8341 192 13855 2614 7249 13320 7228 13482 8333
1086,8874 8873 611 8872 2185 8871 2551 9913 15013 9907
1087,1584 3576 503 7435 1452 3713 6025 2138 2024 1203
1088,8882 4852 2206 14005 2657 4455 11860 2579 4352 10481
1089,8887 8886 8885 8884 11692 11693 9998 5967 5970 14091
1090,8893 8483 6004 2599 8896 8895 5372 2277 1475 4591
1091,7562 8901 8900 7218 8899 1894 6165 8898 6299 7740
1092,4515 8907 8905 8906 6351 8904 1532 2820 2741 2742
1093,8912 8911 8910 8909 8908 11693 8886 5942 8913 6284
1094,1755 1971 1552 7274 7930 8927 8919 8932 225 9881
1095,5436 964 8366 5412 7403 7044 1219 2221 3915 11758
1096,5140 1734 1516 8962 8963 4383 4382 585 5972 2277
1097,1191 4848 3651 2267 8969 1592 4696 6597 10870 12566
1098,4227 1580 8974 8742 2780 8745 1256 5014 1568 1452
1099,8977 3888 2600 8976 7234 333 9373 10640 9375 9374
1100,4238 4194 4227 4235 3258 10908 4824 2779 4236 4181
1101,1317 8982 8981 8980 8979 4407 7554 8159 6805 10072
1102,5858 8984 3453 5502 1016 1014 226 5424 196 6987
1103,2740 2042 272 984 248 8990 3190 8989 7247 5146
1104,7696 8994 7417 2809 1484 1038 1103 7697 1568 6596
1105,180 6013 8995 182 2448 176 11843 5016 466 6028
1106,2799 1432 1274 1482 1251 9024 22 9021 9913 11481
1107,1367 9042 9043 1072 4907 4326 5047 668 3903 5056
1108,4162 9044 1739 8655 5558 13784 10639 4156 12771 4291
1109,7044 227 2139 6958 454 3203 2767 7971 1203 11758
1110,6444 9050 3386 9048 9049 5084 2227 5323 197 2225
1111,1392 6063 2520 9055 9054 1213 3221 624 1233 4200
1112,9059 9060 1949 8926 253 4003 4408 13886 1250 2072
1113,5029 7422 5033 9069 6030 596 2784 5050 1203 2761
1114,4060 1780 1320 9192 2375 6363 6362 1779 1319 2371
1115,688 9072 9071 1191 11361 637 4848 7049 11406 1298
1116,9075 9074 9073 8761 8710 10131 9767 15038 5228 7333
1117,8349 7133 1296 6998 5425 4873 4874 4875 5424 1687
1118,9079 3721 1536 8215 9078 9076 9077 3012 12992 8825
1119,6870 5411 2304 9081 9082 9080 4060 11587 2081 15044
1120,9084 9083 912 12376 10246 12757 9749 4643 5565 13681
1121,9096 6193 2255 6443 855 7836 3600 511 775 3915
1122,7556 9101 9100 14255 15133 9798 10428 10036 9797 12648
1123,6781 1662 9103 576 5204 7108 1222 2438 4068 9104
1124,9109 9117 4823 9119 5223 9118 45 5821 11370 2804
1125,559 3111 2291 9122 3108 7341 4050 4972 12462 9051
1126,704 5938 995 9124 9123 7868 8386 2953 705 14111
1127,8885 9127 9128 1947 9126 7259 9659 1948 8041 14394
1128,5859 9134 5234 9133 2048 2585 9132 9131 8245 9913
1129,9137 7653 9136 9138 3491 12684 12685 6298 11611 2840
1130,2713 9140 9141 1063 6195 3749 10459 8297 1737 6726
1131,4756 625 5552 9144 7697 9143 2067 4757 4762 11383
1132,9146 9145 10 551 1196 5582 2721 1607 9966 5616
1133,9017 1610 3169 5282 4276 3743 2237 2252 9825 10398
1134,1980 2550 6800 7912 3576 9166 8961 7834 1203 9711
1135,9174 9173 9172 3083 2378 11347 7099 1001 3170 14673
1136,9175 9179 9178 5676 7960 5617 9176 434 8059 2607
1137,9186 9187 2480 4001 6985 8246 9185 3860 4891 3239
1138,618 612 2476 287 611 188 6494 12566 7936 7525
1139,8007 9190 1631 7658 9189 8027 231 230 8132 1630
1140,7065 9194 9193 7062 1012 6360 2014 8166 6361 2372
1141,2904 9220 6508 9219 4491 9218 2931 4569 5708 7349
1142,9232 9231 9230 8966 6266 5339 9229 12931 9543 9233
1143,2378 9237 6361 9235 9236 1354 2371 1357 1355 6360
1144,2981 9238 6877 7568 5570 12323 13425 9514 5998 4840
1145,4205 4126 2856 5163 10746 5170 8527 10002 8802 6746
1146,9250 4383 443 9249 478 4858 46 2418 775 6033
1147,3428 9256 3429 3427 1119 9393 5249 4350 4971 8016
1148,9257 7609 14342 10226 12891 6299 6170 14200 14692 11883
1149,7912 495 9271 1899 8755 2992 1209 1820 1203 775
1150,9278 5140 9277 1193 202 1516 1735 12916 2415 2457
1151,9284 2922 2350 2550 386 9283 3891 3357 9913 2551
1152,4550 1133 2670 9287 9288 3040 1549 12559 7452 14383
1153,4428 4446 8055 9291 7615 4048 9290 9289 10731 12904
1154,1638 5049 464 9295 8865 9294 5166 476 1203 775
1155,794 9301 9316 9033 1587 3222 1551 5168 2761 1203
1156,6514 8280 64 2794 9320 9321 4853 140 11481 61
1157,9327 9325 633 2750 4083 9326 3753 1557 1558 9830
1158,9333 9336 1676 7213 4817 9328 9335 5036 8653 7473
1159,3873 383 3891 5366 323 5096 7738 9361 6481 5375
1160,3500 2595 9367 12562 5751 14910 2304 2957 8336 357
1161,9369 9368 3625 11044 4996 12552 7537 7618 4632 3619
1162,9371 4404 3858 4799 9370 13845 13116 10304 4395 3789
1163,8977 9375 9374 9373 335 7234 9372 2017 3888 10640
1164,9384 9387 2841 9377 9379 5599 9386 9376 9973 13638
1165,3055 7716 7123 14604 12429 2703 1902 1351 870 14703
1166,3518 1582 795 7737 4235 7338 6019 8469 1203 1567
1167,7796 9395 8647 8612 3086 9393 1119 9394 4971 8021
1168,2721 9397 4725 7327 5069 7189 9396 2338 1452 5951
1169,9161 9399 502 9401 9400 114 7432 9398 61 140
1170,9402 7210 7611 2420 8073 14473 761 5426 1810 4630
1171,2632 5939 9404 4800 9403 5198 15125 2268 6093 5201
1172,9416 9413 3706 9419 9420 5941 9417 9414 13282 3483
1173,7748 5441 9423 7293 529 641 11529 10897 12748 4552
1174,1204 9424 6919 796 9849 873 466 5049 1203 6427
1175,423 3518 145 3219 241 1203 463 9711 215 6575
1176,5630 9428 3163 7290 9427 9426 2584 3095 3135 14303
1177,6336 8404 1271 6128 9430 160 6003 14381 5 2597
1178,9434 9432 7086 9431 9433 12902 15025 5792 4284 4729
1179,8623 662 6682 251 7816 8719 466 686 1902 624
1180,9438 1758 5784 9441 964 8550 9440 7462 9601 14357
1181,5877 4186 6649 1686 9445 6394 7542 3814 13435 5886
1182,1281 9448 9447 5292 4071 1279 9570 4409 716 3704
1183,9450 9453 9454 9455 8358 3490 4375 7167 11775 1524
1184,4940 6343 8219 409 2750 4789 6826 6020 418 2765
1185,149 169 165 171 1404 2305 466 5928 2309 873
1186,7832 9458 1476 4950 2748 4221 9457 6955 3916 12916
1187,9460 1345 1895 6229 7845 12574 3088 14392 13722 8755
1188,3589 4722 9461 9462 9465 9464 5110 929 7389 971
1189,7291 1231 9478 209 1868 6346 3767 3792 1203 11758
1190,9486 2240 4286 6574 8851 516 2225 9485 160 441
1191,4894 4988 3744 3186 9495 338 4717 9494 323 5822
1192,4899 3237 3836 3524 4905 4901 9499 2696 4638 12336
1193,563 4788 7570 9509 7668 5764 6800 9508 323 2309
1194,9510 2415 1878 4284 13110 202 2457 8028 13109 5791
1195,5493 6699 1810 8137 4378 6521 550 42 1809 4630
1196,9512 8848 1709 9967 12915 8850 1725 13712 8539 6162
1197,9514 9515 9516 9513 2981 7568 7567 1700 6183 9238
1198,1467 9517 5283 9825 10557 10150 5343 10277 7583 2402
1199,8458 9526 2828 9523 9525 9524 2199 9522 7527 9913
1200,5079 2468 4231 1967 5162 8764 1643 9390 775 1203
1201,7336 3945 1491 9532 8604 146 1196 1206 1203 7696
1202,2243 6129 9533 15036 12823 11098 10059 9799 526 7630
1203,1145 1721 9539 1136 1146 3083 9536 5843 10750 3667
1204,3191 775 796 1203 748 6033 5508 323 5270 2798
1205,8675 2281 6235 50 5604 6952 15172 13602 13057 6508
1206,5287 7910 4551 9543 9542 431 3261 13253 13255 9233
1207,4502 871 9546 1869 9545 8417 3213 3119 5218 879
1208,9553 2879 3415 9552 9551 3774 9550 9549 4598 3802
1209,1115 4700 3894 9555 5921 13617 6493 7408 1840 6487
1210,4642 4594 9559 9560 9558 4644 4643 5565 5563 6795
1211,9564 8485 2707 3811 6343 9563 7289 4789 5177 3126
1212,9575 9574 3821 887 1519 4253 3576 3223 1203 5549
1213,4693 4605 1153 5689 8164 4133 4135 1721 7092 10935
1214,2309 139 2764 879 871 169 866 1233 8403 323
1215,160 851 4004 2597 1384 9583 9579 5415 2551 10342
1216,2560 4228 2240 4769 2234 2199 455 7348 3044 4863
1217,9594 5286 9593 7515 323 6083 11424 162 2361 299
1218,9595 4910 150 4341 125 2963 5809 7317 3378 5217
1219,9596 9598 9600 9441 9483 6384 424 9602 226 1014
1220,2276 3811 6684 5727 9605 9604 2736 5540 6348 10719
1221,8259 9607 5461 8497 9510 14147 4383 1419 8257 6544
1222,3762 230 1235 1236 6019 3862 3859 231 10867 1269
1223,9611 5664 7046 9610 9509 6085 81 15211 8587 1130
1224,5949 540 1422 9612 2708 10576 2686 4474 6097 6203
1225,6522 5187 9618 2139 7439 1977 89 9363 9913 5375
1226,7515 9623 7619 1508 277 6639 453 9150 10402 8178
1227,6555 7091 9626 396 4139 5848 9624 395 5849 8159
1228,5848 9646 9630 4139 6807 7554 9636 5840 1001 5849
1229,1281 9648 4972 3109 5423 1237 1943 3351 4050 3108
1230,3825 9649 1953 13529 13367 2473 12265 3829 6818 6285
1231,6262 9650 7567 9655 8059 12148 7745 2108 9682 5617
1232,8290 8992 3811 9162 9561 9653 9652 7936 12623 175
1233,3672 1707 4169 7689 9656 5664 586 9655 5617 9682
1234,1071 8396 5934 11330 466 4 14113 6918 757 6089
1235,4523 9658 9470 9657 585 5174 9473 7889 4372 7891
1236,7260 7945 9661 7943 7543 6854 5156 8372 9807 12025
1237,9662 1723 9664 4693 8165 2375 9665 9663 2371 1721
1238,9668 9667 529 38 14170 5177 12962 10180 12961 11790
1239,9673 9671 5526 5220 9670 918 5820 6578 2484 2480
1240,6646 8550 1460 2864 5246 9682 6619 6189 3747 7171
1241,5784 3028 8199 10615 9472 6929 6127 9439 4422 6833
1242,4322 976 9285 9688 2517 9687 8071 68 9913 2551
1243,9694 9693 5764 9692 3507 340 9691 2144 5766 11835
1244,5219 9696 8063 9695 3538 3963 5950 1267 4982 315
1245,6616 1896 6949 4019 5486 6499 1893 6097 7878 5237
1246,9202 2899 8474 9698 17 8128 2397 20 52 12565
1247,9700 9705 791 1816 2790 6056 9710 9709 843 4592
1248,621 7624 3070 5907 620 389 606 1341 12496 628
1249,195 7995 6997 8304 139 2762 687 775 2309 2764
1250,2910 9718 9717 9189 9716 9550 9190 8007 1631 8027
1251,8668 9719 6791 4635 5822 4878 14675 12813 3309 4988
1252,9720 9721 9723 9725 9726 9727 9728 9730 9181 6980
1253,9757 4688 6809 9756 6806 1320 1354 4141 8539 4136
1254,9763 1909 9762 9761 9760 9482 9759 13 13307 8095
1255,2200 476 9775 5096 9774 3833 9764 2614 9913 7164
1256,9779 3811 9778 9777 924 3153 8562 5613 954 14300
1257,9781 9780 9587 3598 2516 7732 9913 64 611 2551
1258,9787 9788 9785 9786 9552 9784 9783 9782 14374 6941
1259,9109 3318 2484 3359 3302 186 3380 3288 88 8350
1260,7525 8375 6494 6543 7529 7528 6058 4465 7527 5179
1261,9790 7748 641 7293 529 10353 10351 12748 5441 10354
1262,9794 404 9793 9792 9791 1166 12426 2820 403 405
1263,9797 9798 9796 10428 10429 9100 15133 13620 9759 13307
1264,5279 3657 823 4503 66 9258 60 8512 11756 7618
1265,9806 9807 6251 8036 5157 7934 6162 6253 3878 6623
1266,854 9811 7239 5755 760 5728 7240 3916 3206 1377
1267,9426 9814 1129 9813 2612 2613 5629 6099 2610 4059
1268,46 6304 4984 7989 4774 4744 10632 442 9033 2482
1269,131 5023 3457 9821 9820 9819 9818 4164 8587 15013
1270,9826 3859 230 2420 3651 9825 9824 1467 1269 10867
1271,9830 8613 9829 4124 9828 1558 9324 9323 13631 12158
1272,7977 7260 4455 3220 777 8515 9338 9840 6494 4964
1273,8657 9847 9845 9844 7851 6566 9846 573 575 3655
1274,3602 3909 7310 9849 611 2075 2076 2077 1204 5549
1275,6446 6447 1011 9750 4036 7427 2869 7057 4138 1354
1276,9855 9856 7206 2983 6161 6499 13640 8356 14282 7025
1277,9858 9859 9860 9861 9862 9863 9864 9865 4099 4103
1278,3584 9877 3024 486 7336 3153 3031 193 2700 2716
1279,1136 5667 1145 1146 4596 5686 1143 12376 1775 11056
1280,7279 3303 1736 9561 2416 2336 5948 9878 2697 2799
1281,9880 938 961 966 9879 8239 4589 2196 12760 12946
1282,3287 1399 3868 4989 3870 3871 8249 3867 3860 135
1283,3581 6802 971 9881 7282 9122 319 10076 8482 8575
1284,5091 8520 7569 8762 476 9885 3699 1685 1203 775
1285,685 4233 790 775 4220 331 766 466 169 6033
1286,1160 7327 4326 3444 9875 3678 9887 7422 2309 6033
1287,2323 2216 8458 9343 1540 1440 6870 5035 8352 323
1288,9891 9414 9890 6134 2535 12295 2185 8044 9417 9422
1289,9895 9894 9220 9893 4576 9892 13879 13335 344 14974
1290,5070 383 3044 3043 2270 5275 4865 5132 1752 4863
1291,56 2501 2192 2572 181 2526 188 2202 2551 10342
1292,3749 9934 314 659 9933 5940 8599 2597 160 6128
1293,128 30 31 323 27 1239 1203 4230 4212 463
1294,700 9007 6529 6855 3620 984 9942 1848 14282 5375
1295,9948 9951 8382 9952 9950 9949 13835 1344 13834 14126
1296,5255 7371 9911 3160 9953 5079 6899 5078 2551 2185
1297,5972 1516 9497 463 8931 8482 9955 8932 323 1763
1298,3533 6524 6525 6144 5607 5463 9956 2254 6674 4371
1299,4606 6362 1778 1319 9192 1320 1779 6363 4060 2375
1300,9957 3055 7123 14604 14703 92 14876 11314 8475 14619
1301,9960 5329 9959 9958 9814 13400 11429 11428 5330 14034
1302,5317 2014 7472 8255 2624 9962 9961 6431 1357 1354
1303,1554 9964 9965 9963 8145 7663 14205 14046 8678 14959
1304,9968 5667 1151 5129 9969 1709 9967 1772 1776 1723
1305,9970 5608 7643 14905 1877 257 10502 5340 9444 5251
1306,1387 9971 7808 2923 5319 8002 7518 7809 10154 7019
1307,4800 6093 2268 9403 6091 5282 4273 6125 9446 2632
1308,9972 1164 6629 2770 12980 11780 12282 11026 14027 1163
1309,7422 9987 1749 1584 3495 6314 9986 3438 3915 801
1310,7118 5824 1088 5607 9993 3627 9992 7114 51 7111
1311,611 9924 4635 9913 7164 2120 10893 9926 9815 9916
1312,4631 9999 9316 7205 59 6982 9998 4585 14091 5967
1313,5237 3644 10000 12931 12693 7166 7165 6945 13252 9232
1314,10003 1861 10002 6772 5898 10001 8003 952 10746 3980
1315,9094 5214 6200 10004 10006 4981 4986 5386 4987 2480
1316,10010 10009 10008 1713 2391 5505 1607 10007 12047 7379
1317,244 10012 248 419 7831 10043 422 10487 14045 7733
1318,10017 2146 8999 87 2026 2574 9922 9164 9913 2551
1319,3098 5733 778 4242 5294 10024 1811 888 3099 11411
1320,541 10026 10025 2986 74 6109 8796 552 12188 4914
1321,7809 4225 5158 10033 10031 10030 6839 4871 9400 4023
1322,10035 8025 5620 5380 1889 12424 2603 8468 1190 10805
1323,10038 10039 10036 10037 12617 4385 15089 1958 6217 1885
1324,5193 8808 2816 1166 13635 12501 3464 407 10041 8809
1325,2655 10044 4023 3853 10043 10042 1263 2918 571 2925
1326,3963 2763 10045 8622 2457 3732 7496 6033 873 5791
1327,10048 10047 10046 2288 10052 10051 563 10049 575 4973
1328,10058 3651 10057 9896 4834 10056 7687 12504 1467 13037
1329,10061 4772 10060 1658 7266 2333 4776 7299 12341 7775
1330,10063 10062 4837 419 248 7209 244 14863 8149 11824
1331,6684 3627 1491 298 3023 7385 10065 2319 5177 3811
1332,4818 1202 2754 10066 1192 2758 9562 12043 4246 3574
1333,10075 8540 8541 9437 10073 10074 3442 7096 1317 8539
1334,10077 7282 10076 3551 11955 14332 14676 160 5502 5
1335,10084 7227 10083 10081 10080 10082 8276 2662 1635 8215
1336,10089 10091 672 671 10088 1136 5686 7094 1146 7215
1337,3210 7043 10092 2235 13593 3206 10227 2851 3393 421
1338,264 4023 1556 1263 261 1557 1555 263 6094 13616
1339,9427 5163 5089 881 1850 4126 5170 839 4186 8925
1340,923 7627 8514 10093 342 4954 8141 13395 4048 7405
1341,2657 10094 1250 7347 8224 148 13144 1668 7746 10329
1342,6280 10095 13737 14582 6288 14658 9766 6286 10798 11197
1343,4056 8808 2663 13635 8809 14328 10041 4058 1999 6571
1344,6364 7098 7059 10099 10098 10097 6706 10096 4413 10996
1345,5192 10101 8805 12500 14408 2614 15223 15224 12008 13234
1346,199 4365 7402 345 11285 1424 13861 10634 1028 3685
1347,861 2013 6752 9940 10111 5126 10110 4803 6397 2992
1348,8220 7083 10114 341 5960 10113 6516 3811 8915 8914
1349,101 873 3244 2763 105 3195 323 732 466 13136
1350,10117 10118 7651 10121 2894 1932 3426 4072 9226 4068
1351,10123 4966 7302 626 10336 15105 4151 15159 5896 9517
1352,10126 632 10125 5904 2324 5917 6086 6855 633 3396
1353,5570 10131 8713 10130 7685 10129 5681 5206 8710 6284
1354,1215 6969 2494 10137 9669 2339 10136 9681 7759 5822
1355,8662 3195 5134 865 10144 8047 1451 3911 10571 2097
1356,2426 7410 9971 10154 7704 10153 10152 1263 8228 13769
1357,1489 10159 10158 1481 1493 1492 1488 1483 11316 1490
1358,462 510 1519 10166 8451 1449 10165 512 1203 6033
1359,2358 6177 443 1621 4355 3409 1618 1617 235 234
1360,6362 1319 6363 4060 4415 7427 1320 9192 1779 1778
1361,9094 10177 5186 3401 7910 4291 8458 2687 9913 10382
1362,8024 5161 10181 8885 4789 2409 696 8029 7910 661
1363,8447 1832 10182 6960 5054 1972 3139 1203 775 5928
1364,7946 2256 765 10183 4574 3874 1746 9094 2108 9226
1365,5354 10034 10185 575 10184 5907 8231 8887 3814 2420
1366,10187 7200 10186 7199 8725 13195 5674 1554 5693 14101
1367,10190 2813 10188 10189 1857 8430 6528 1856 3231 1846
1368,7093 1153 2376 7222 10191 9665 6542 1721 1723 1776
1369,10197 10196 10195 1365 10194 4361 12214 12215 1794 12216
1370,2883 6707 10198 10199 7785 7427 1708 5687 7554 10987
1371,10203 9978 6340 10202 10201 3605 10200 9476 13511 1868
1372,10205 6510 11849 7605 7606 10693 10345 263 12860 6924
1373,10207 4330 10206 2820 4515 12426 1535 2364 2741 2744
1374,10213 9356 10212 9815 4014 9206 104 3420 9913 2551
1375,10219 10218 10217 5195 10216 1028 3262 11627 8824 8624
1376,10221 8217 710 8218 959 5583 10731 4836 6712 6412
1377,1537 10223 10222 10182 1004 9217 14368 12558 977 4088
1378,10225 6354 10289 917 2594 6932 1388 4030 2986 9443
1379,3303 10228 9363 10227 2697 2720 1056 7696 12186 3358
1380,10229 2989 2988 7415 7416 5145 6987 13942 2695 5199
1381,3624 2607 5950 7960 6563 10237 10236 10235 6195 6726
1382,10240 8518 7939 7809 2287 7902 4809 12623 1877 6187
1383,4769 323 4925 2408 8974 3419 1071 437 1203 5549
1384,230 3862 10169 5634 10242 10243 3859 1269 1128 10867
1385,8959 5047 3749 10459 9040 11718 1368 1033 1017 4907
1386,5819 10244 2420 7527 10184 2699 709 4456 3657 4630
1387,10245 665 667 1160 3369 666 5280 10247 3523 1083
1388,2882 1729 4407 1721 10246 1146 1136 1723 1145 1776
1389,10247 5280 665 3523 10245 667 3369 12600 1160 12412
1390,5926 7701 3417 445 7761 9427 1535 10248 1166 2820
1391,10250 10252 10251 12235 11306 12626 14118 10427 14606 8781
1392,9826 1269 2982 6225 230 10255 1253 5782 10867 3859
1393,7767 2247 10260 411 4094 2274 10259 10258 2742 14282
1394,10264 198 38 998 6358 9367 1487 8455 9913 5567
1395,1611 5491 2990 10237 3718 4970 10212 4146 4975 3531
1396,107 1809 6585 8045 10266 7821 5512 1810 6764 9147
1397,1737 6336 3539 7453 9546 2641 1222 3984 43 8796
1398,7506 10271 563 4610 2000 1404 10272 10269 1679 11964
1399,10275 9719 122 5825 4635 294 3377 10274 6300 3378
1400,3974 5140 6086 5917 5904 1394 633 8464 10125 2955
1401,8977 7783 10280 10279 715 10278 9366 10277 7234 4174
1402,5167 1439 5731 7460 10284 4945 4372 600 9162 11758
1403,10285 11522 11517 11502 5354 1876 11500 10141 8518 12550
1404,209 439 1836 3989 3478 7799 10142 11904 10571 10418
1405,10286 9823 8934 10287 8708 15137 15143 15136 15116 15138
1406,3811 755 2114 1673 9355 6271 994 466 1944 12399
1407,7336 8415 10289 2074 160 2597 10670 10225 157 13168
1408,6576 8601 2105 1572 9491 14475 10738 2229 6967 6577
1409,2417 7346 9283 5143 9281 2490 1374 49 3404 10436
1410,5750 1880 10290 10291 10292 5096 3214 2963 13413 12130
1411,8719 6617 6142 10294 3510 1347 399 3747 466 1840
1412,3309 769 3120 4468 9702 4194 10295 8933 4238 3711
1413,2138 10309 9169 4501 467 9706 8658 1456 12021 5490
1414,9466 1073 9039 9457 1029 1276 550 5164 9580 6205
1415,787 7488 8959 3366 4808 8345 3190 4789 14303 14282
1416,4868 865 1201 714 559 864 2772 887 4180 138
1417,695 2215 10319 697 2556 10320 5903 10313 11453 7891
1418,2437 5605 4750 10323 2905 901 11710 5597 3091 2865
1419,10325 10324 10326 10941 8233 13567 7642 8237 13568 4673
1420,2691 1685 820 10327 10329 10240 1833 10328 1203 1567
1421,1447 3105 764 2684 2035 782 775 323 5270 773
1422,10332 1108 7671 102 10331 6515 10330 6098 4351 7941
1423,872 10333 10339 3994 7671 8281 9504 10338 102 2059
1424,1993 2139 2307 793 794 6411 4085 11758 1203 4200
1425,9915 10341 7263 10546 6889 10342 10547 1018 3459 9918
1426,3411 3387 5402 9867 5908 10781 5401 8884 14173 3388
1427,2603 2042 10346 10345 717 10344 10343 14641 13032 11943
1428,686 466 774 478 476 2309 5561 3811 169 624
1429,10349 641 10353 10352 10351 10350 10354 6537 11218 12748
1430,6364 9192 7427 12644 1779 1320 7554 9191 2375 4060
1431,440 509 1213 3984 5176 8711 10361 8891 14053 11258
1432,1377 873 4385 760 3916 149 10038 1288 2763 323
1433,122 10364 1762 6932 4069 10363 4781 2627 6171 7576
1434,6360 1011 4141 10368 2369 9236 1357 2376 1354 8476
1435,3525 2358 10381 10380 10378 10379 743 10377 742 3596
1436,8704 6052 8767 5011 5507 10387 7918 457 7424 546
1437,1974 2233 6675 3762 7737 8621 588 784 4236 5015
1438,6905 7993 4911 466 9344 10391 2237 10060 11084 14129
1439,10405 10394 10404 7368 10392 10403 10402 10401 3656 2991
1440,4057 3565 10407 8215 8216 8275 8393 2663 4058 4056
1441,10409 10408 3998 9502 3996 3997 3118 7292 3995 4721
1442,10411 10410 2823 13575 1535 2820 13260 13926 2742 14331
1443,5202 796 1732 7972 8948 7503 5545 775 1203 5508
1444,10413 10412 13258 1676 1225 4570 8251 2065 7698 8454
1445,3117 8556 1768 10423 5062 7508 10422 3201 1203 323
1446,10425 10426 8900 10427 6504 7076 1714 7895 13191 5872
1447,10428 9797 9798 10429 9100 15133 13620 9796 12991 7441
1448,2308 3857 4789 5299 10181 6548 3428 4075 46 4350
1449,1055 1058 8346 488 7769 769 10430 1037 176 3222
1450,7556 10431 12648 11208 9767 8710 10131 9100 7555 10036
1451,1071 1986 794 6411 14945 9165 793 13596 4 2307
1452,1329 765 10439 10239 10438 443 8836 10437 1686 13435
1453,10306 7429 3916 8433 760 8431 7428 5527 83 6689
1454,10441 8112 8335 5383 12576 11574 5384 1655 5381 2439
1455,5299 7730 2519 4635 2551 2145 9913 10965 9926 9916
1456,10444 10443 7888 10442 1127 2850 5199 13368 6094 7643
1457,10448 10447 10446 1677 12869 12867 2263 6094 10779 7359
1458,6372 1574 10452 9068 9314 10451 437 2130 5542 2765
1459,4276 7401 7253 8141 6886 12623 9018 6887 2645 8687
1460,127 133 292 1836 4127 6676 2457 9264 6033 4182
1461,10455 10457 5282 2438 3482 3009 10456 6623 5331 13399
1462,7149 5911 1347 5910 1601 4740 7538 8951 6087 10338
1463,2699 1385 249 7527 8856 4456 8520 453 3524 6477
1464,1112 3932 1207 4906 2474 3497 3352 1371 4639 3237
1465,469 2689 339 2781 687 9711 5270 787 464 1646
1466,8755 10458 6760 5753 11916 10888 11442 2504 2270 7128
1467,466 6314 476 2007 945 8670 1588 2920 2309 624
1468,2913 2221 4348 3298 8172 12108 7326 10362 164 8098
1469,6553 10461 6363 6364 9194 6705 1320 4134 9192 1777
1470,5502 3811 1101 3300 1192 2063 5359 5503 1737 226
1471,3016 735 10462 812 450 1217 464 1198 1203 775
1472,10467 6670 9290 10465 10466 7410 10464 10463 12864 13530
1473,3014 796 1455 5551 3100 3934 10472 10471 2024 1203
1474,6360 1317 9851 1357 2014 2376 6553 1354 8476 2377
1475,10479 10013 9917 742 7734 10478 2555 661 9913 2551
1476,3069 10481 5151 2582 5150 5272 11924 15143 4540 11599
1477,10482 10398 3055 8245 2519 3407 2575 8050 112 80
1478,8289 7414 651 3342 2099 4485 10485 10439 14854 8408
1479,3008 3007 961 3664 3006 3012 3011 3010 3009 3004
1480,10181 6691 9706 5488 5489 7247 10487 4789 5490 2312
1481,10490 9288 10489 9782 8354 10488 1362 13841 3040 11859
1482,10491 14284 14507 13312 14193 13258 8564 1818 1462 3833
1483,4011 9986 8554 1102 4077 1548 6133 3337 1869 2737
1484,10505 4024 10504 4726 7673 9931 6848 5096 11481 9913
1485,2734 6166 8837 4774 10508 10507 2733 7989 1602 6110
1486,5427 3819 4181 4975 10236 1611 875 874 222 3820
1487,3148 10511 10512 475 2810 324 2118 10515 10856 3765
1488,7238 10521 10520 10518 10519 1016 10294 7708 8104 1076
1489,1660 8798 10522 2428 12195 2952 2790 2750 3956 328
1490,10525 1532 10524 10523 11112 2742 2820 8491 2614 1165
1491,7369 3819 10236 4975 1517 222 3820 4050 1611 1280
1492,6040 8717 495 494 8952 4232 4230 476 1203 6033
1493,6816 10530 10529 5561 3292 3163 6814 6815 949 3548
1494,1219 4223 1235 6651 8447 7500 4769 5951 795 1203
1495,2211 2307 1206 3253 6651 7973 3678 2938 323 1203
1496,10534 10533 10394 8606 9398 14435 2516 13964 8460 5657
1497,2479 2206 7297 9134 2784 9215 10537 7006 8475 11481
1498,1869 4815 10542 1162 88 3237 4901 4905 4891 3236
1499,3624 8197 2799 5362 4831 10327 10238 8303 1035 3749
1500,8982 10355 6805 10627 7554 10628 10994 8542 10993 6809
1501,6913 5568 9911 10549 9927 1493 10341 10548 9913 8722
1502,9221 10552 10237 10235 2332 6834 2990 5423 1098 5938
1503,5011 2021 7178 5815 10553 9549 10913 9409 4188 5042
1504,10555 1828 4596 10554 5686 5863 7215 12267 1145 9985
1505,6361 6362 1320 1319 6363 1778 1779 9192 4060 2375
1506,1467 10150 10557 5343 13221 5342 3385 1263 1051 1014
1507,3946 3028 9439 1738 10559 6036 10227 3210 5784 10615
1508,2635 5364 228 10560 10561 2634 15192 9511 6582 10957
1509,1443 8768 4398 10563 4329 10562 6990 14217 11108 7769
1510,48 685 10565 1701 2029 6434 10564 4207 9913 3409
1511,8704 10567 9249 9075 3222 176 3712 4235 8653 1574
1512,10570 10568 7077 5871 10569 10461 14750 14746 6847 12735
1513,3601 4005 6032 1480 10572 10571 3911 2101 10142 11904
1514,10577 5451 4608 10578 5849 5848 2874 6737 4136 8159
1515,1520 9177 9296 5142 10579 4183 4263 625 463 1385
1516,10581 10583 6771 8005 4518 10580 5264 8006 2172 8001
1517,6682 466 8719 208 413 1737 43 8796 1902 686
1518,9392 4513 10469 9393 6761 4971 11359 11358 12948 9394
1519,9425 817 5756 3205 10588 4256 10587 3224 1203 323
1520,8598 10590 7070 10589 7066 7100 10996 10753 7065 3413
1521,1585 3248 6649 2781 7834 3250 5154 546 3247 6367
1522,745 3742 10591 9943 5166 751 278 8135 2309 1032
1523,10593 4795 10335 5916 2284 4381 263 12864 6924 7653
1524,5549 10594 4930 4479 1192 149 169 873 466 2309
1525,10595 7716 618 612 287 611 1902 12429 466 2703
1526,3682 298 5087 5095 10598 749 10597 9622 1203 169
1527,9051 2290 2294 846 8418 2067 12359 7341 2291 14897
1528,4194 5568 10602 9389 7491 3276 3139 4238 7696 2024
1529,10604 10603 6793 12277 6140 5222 11190 10356 4657 13476
1530,10606 8558 336 4978 3124 1474 4199 323 328 1304
1531,2993 10492 10498 1056 7088 8407 4320 10495 625 2992
1532,2988 3358 7416 5145 7415 2989 2697 6433 6987 2826
1533,4532 3445 3451 13903 14492 7719 624 9769 6294 6296
1534,2219 4286 1302 3472 10607 9090 1300 4345 7323 1304
1535,1689 8546 6591 7274 8925 933 1763 8931 4927 1755
1536,8264 7352 10610 10609 3838 7350 7349 7351 11567 11948
1537,10613 8480 10612 3202 336 4902 2224 928 234 235
1538,5814 163 1987 4037 5631 5994 230 8743 8577 757
1539,3988 1442 10624 4926 3660 2342 2368 855 1203 6033
1540,10629 10628 6804 10627 2996 10626 3079 7215 5845 5846
1541,6625 4923 1511 578 4744 2675 10633 10632 6304 5836
1542,7429 83 10635 3602 6694 6546 10634 5597 1893 12373
1543,4941 10113 7382 10387 10638 7801 10637 715 1214 5183
1544,7818 10072 1317 3442 4037 8645 4036 7554 3083 9751
1545,8297 8051 5494 10639 6311 8655 6195 11549 13784 9417
1546,10640 8977 7234 335 9375 14857 9373 2600 3888 9374
1547,6364 1320 2869 1321 2372 2375 2371 9192 6362 6363
1548,738 5591 7456 4485 7314 5511 489 5586 6939 2408
1549,10642 9088 11466 10336 10892 7863 4075 2927 7766 15159
1550,10643 3538 2590 2037 2695 11290 5633 4175 1162 8233
1551,10644 10514 9521 5969 2287 10513 10515 5862 8297 3765
1552,10646 11666 8779 14608 7755 11680 11542 12409 8238 11948
1553,4876 779 1198 6295 8945 10647 3837 2411 11870 8953
1554,2245 8802 7733 2497 2527 10651 9878 1304 2336 15215
1555,2473 122 7197 4889 7275 3944 10665 7437 3136 5096
1556,9560 6792 10669 5937 9166 3772 10670 6313 6128 6003
1557,9161 3309 2551 10675 9000 10673 6916 10674 9913 12514
1558,2304 10679 10680 964 203 10678 8279 12509 2113 8454
1559,10685 3660 10683 10684 10686 10687 10688 10689 10338 2581
1560,1826 6735 4414 10815 4416 3843 4134 2876 6364 5450
1561,10692 10693 10205 7605 7606 9383 10345 729 4381 12860
1562,10085 10695 10694 14770 6268 8275 5554 13114 4718 352
1563,10305 1041 103 1658 47 7197 6977 6862 2309 5549
1564,1776 2893 9968 1011 6738 1723 6542 4407 11119 1862
1565,1345 12574 12134 11821 1346 5789 7333 7334 3892 9460
1566,7145 9267 970 10718 3041 4879 3613 6135 4663 11368
1567,4493 9569 5893 450 1377 760 191 6854 3916 9741
1568,1076 2221 9715 3104 6905 1016 5836 13379 9265 2475
1569,10010 10720 5776 7910 10009 10008 8687 5781 10007 11338
1570,782 3131 2134 7868 10725 10723 10722 10721 12722 5228
1571,10199 10627 7218 1826 4414 4134 10991 7427 4743 10815
1572,887 825 10729 10727 350 794 2251 3103 1203 775
1573,10731 1331 10730 4836 529 5570 13425 13614 11266 14021
1574,10734 8809 10733 8808 10041 6571 13635 14328 12884 12501
1575,3398 7316 3359 2558 2494 1161 9474 6791 5822 5633
1576,1188 7353 1069 1412 10621 5500 7815 3310 2448 950
1577,5344 10741 8811 8808 13014 13635 1905 9340 6201 3507
1578,10601 163 3195 789 3222 3678 1646 464 1203 775
1579,10215 6146 10120 10745 6490 9104 8051 10744 14320 4749
1580,7076 9538 8492 5835 3371 3831 5388 3415 7065 6362
1581,10755 8082 10032 8083 6587 12873 8398 12591 4022 8519
1582,6477 9796 2649 8921 7167 2981 1896 5656 5486 399
1583,5859 5501 6433 175 4832 10760 4874 3354 1737 6726
1584,7831 2024 10762 3748 2826 2825 1567 1568 3015 1086
1585,10766 10765 10764 10763 2925 11303 10042 11304 8843 409
1586,10771 10778 4524 10767 10776 10314 10773 10769 13857 13863
1587,10779 7489 5180 9789 3864 6329 12363 12479 1127 6335
1588,5779 388 3328 3288 5386 3348 138 1093 13129 9165
1589,4998 10780 3472 3943 7490 6957 543 2675 13973 6956
1590,1257 5361 4015 4020 432 5926 10440 10092 10129 6437
1591,5886 10782 7705 8787 4359 8183 1392 10784 5896 4073
1592,8616 3637 1660 324 8598 10789 5370 10788 328 5110
1593,8294 4827 3761 12267 10555 9985 1280 4543 9979 8225
1594,10794 10791 10793 10795 10792 10796 9402 2174 3408 4785
1595,3190 9990 10797 9490 243 8937 5625 5624 554 3444
1596,10800 10799 10801 3750 7289 8556 14902 7662 2226 2688
1597,10805 10803 9229 10804 10802 9232 9543 10450 9231 11075
1598,5129 10807 1723 2881 1776 1721 4407 11119 1155 3085
1599,1665 7651 6780 10810 6165 8057 7572 6781 8575 9809
1600,3085 4603 5875 4139 8159 10988 2881 9626 5849 1318
1601,7092 1354 2370 10811 10817 10819 10816 10814 2371 1357
1602,7124 3055 10820 13912 8475 15211 81 8587 52 7121
1603,1649 1219 3016 702 4862 6919 1071 796 775 4212
1604,10826 10830 10828 10827 10825 7476 10829 6243 2339 12546
1605,4267 4310 7144 8042 1866 12577 2581 372 6514 9609
1606,8221 10836 6202 9511 10834 10835 10833 4857 6090 169
1607,743 7299 6372 1978 8083 611 46 8616 1161 10475
1608,4291 6587 3419 489 3678 3614 8083 10579 1300 6681
1609,10842 2432 2433 8229 2434 7704 10145 13769 2435 10146
1610,2117 7992 26 4467 3910 4255 4975 1017 2340 2072
1611,4413 4605 8164 7064 3667 10843 1778 9192 6362 7065
1612,10844 10845 12677 12676 14679 13703 13666 62 13000 4954
1613,10846 10848 10847 4434 6964 5154 546 6649 6367 3206
1614,10852 10850 10849 10853 10851 13061 5391 6189 2003 260
1615,10856 10854 5672 3085 2370 4402 2374 4578 3667 13984
1616,1301 10862 5294 2868 10861 8854 7987 7614 8428 3910
1617,1864 10869 10868 5914 1177 2045 10867 4462 12373 1893
1618,488 1447 10871 6576 1572 9491 8303 4817 7516 1203
1619,10872 10873 10874 7759 14377 8274 12616 3318 13063 1288
1620,10078 715 10790 2520 228 10877 8811 10876 9913 6114
1621,9179 9392 3811 10881 8966 6545 10029 4281 6250 6059
1622,1206 4205 10884 7245 10883 1217 9981 3738 1203 9711
1623,992 6689 10567 2360 3699 2581 4821 2138 226 3453
1624,10888 2523 10503 9928 10887 6896 10544 9921 7758 9913
1625,1614 1112 1079 8552 3352 5046 1014 5458 2691 1737
1626,6233 2281 10891 13849 2282 6235 1594 2286 1367 7526
1627,1300 3881 1329 4973 10439 586 1304 3818 4849 546
1628,4398 4604 2996 1321 6110 2997 7065 13060 8267 1001
1629,10310 2928 7847 14452 10973 13558 5938 6196 2178 15026
1630,9140 1081 8083 701 3395 1280 12188 43 2641 8082
1631,2262 4579 495 6296 169 3269 5717 488 3252 5958
1632,6897 2550 7244 10897 609 8996 10896 6104 611 1617
1633,6519 8278 5043 7904 2 7685 10898 13614 10062 10731
1634,287 10347 6005 4303 618 612 3292 3811 6623 4462
1635,4605 7071 5367 8164 4135 4133 3679 3694 7553 1721
1636,10901 9814 10900 8212 12480 9958 9959 9813 3563 3011
1637,8879 3556 3099 10473 10902 9981 3557 3098 1239 4
1638,8148 7628 5679 9949 7625 8147 6622 904 4627 1988
1639,363 10905 10904 9337 3613 8305 6004 8307 12780 13008
1640,4570 10438 4787 569 7855 8987 10907 990 2921 7859
1641,3222 6836 625 287 612 9249 176 618 9067 10966
1642,5053 8415 7920 10909 8449 167 8836 4769 216 8201
1643,3386 10139 10885 8065 4778 4774 9457 1017 3291 3344
1644,5576 3130 3881 7681 575 8855 4335 2457 8856 5151
1645,10912 9407 5784 2659 931 1989 10911 13212 13682 9410
1646,5660 10915 10914 8458 4949 486 1606 2602 612 5017
1647,10918 9374 10916 10917 13527 9015 1883 4053 13432 1134
1648,6216 10919 4757 182 1568 4209 2766 6211 2448 2024
1649,10930 3142 10039 10929 6441 4967 10923 8530 1893 12373
1650,8832 2215 10934 1738 2459 2456 2458 2460 2001 1392
1651,10951 10950 10937 10939 10940 10947 10942 10944 4605 1723
1652,2142 5234 9901 7374 10549 2500 5574 9911 9913 9923
1653,3973 1079 3676 6650 217 375 2328 9992 5633 4874
1654,10963 10964 2113 6113 10679 11267 15070 6935 2304 6115
1655,2755 467 2480 5050 4862 4493 7834 5453 1203 323
1656,10970 10969 13034 13776 1524 14117 13689 12680 12235 11774
1657,1387 9875 782 3984 4031 1995 10972 661 323 773
1658,8685 8679 8683 8681 8680 8687 8684 8682 7652 3858
1659,8621 477 807 5170 745 9593 1479 6983 6033 169
1660,3834 10977 10976 9342 10975 1884 12997 13432 9575 13246
1661,3050 3699 748 5119 3507 10983 8943 7145 1203 9711
1662,6640 10986 5199 5676 9823 12235 1748 14606 5201 14971
1663,8152 1153 1721 4402 1776 8160 10935 10936 13573 1151
1664,10554 4416 5845 10990 10627 10999 11000 10998 8542 6805
1665,11004 2086 11003 11039 8585 12187 11042 11040 12602 7825
1666,3635 9978 3636 6157 11022 11255 6066 6148 6156 14121
1667,11006 11005 4753 11007 6623 6621 6483 6494 9805 4170
1668,811 747 3620 478 3690 7515 8943 3387 5482 11141
1669,4265 505 8451 5061 5060 9095 2715 11016 6033 323
1670,5569 7123 3055 7127 7159 3021 14604 2125 113 4426
1671,11020 13117 6936 6746 8675 7085 7430 10770 10141 2096
1672,11022 6066 3635 642 6157 3636 2010 11251 11255 12771
1673,1645 1451 11023 8962 3850 748 14350 12248 14351 9711
1674,8760 1576 11026 1904 8477 11027 7881 4336 4540 12294
1675,7859 4627 10232 3241 11028 4569 3242 705 9850 4568
1676,994 4669 7643 11030 9781 2599 7649 1127 611 11481
1677,11031 7943 1785 11033 5157 11032 11034 4174 9226 7076
1678,7804 5864 10504 5246 8779 4303 10050 9305 7525 8687
1679,7248 8578 8690 922 11037 585 891 10659 9913 11481
1680,460 1407 3685 10440 6437 4015 2314 2216 7247 422
1681,3111 6341 46 4307 2360 6383 472 2223 3108 4050
1682,5225 2457 7054 15118 7579 14417 11216 5791 14842 15205
1683,1273 8266 2676 3296 7369 5790 9822 1014 1081 6388
1684,11004 11039 2912 6549 9202 11038 9071 2086 11040 11042
1685,9705 11047 11046 5457 9579 5802 9614 9107 13481 10160
1686,7511 5506 978 10204 3441 1684 1424 5810 14303 29
1687,11050 632 5917 2305 5477 5904 10125 6086 1394 633
1688,2465 6386 2614 6326 11053 363 11052 11051 1166 2742
1689,1721 10956 3077 3782 7221 11055 11056 11057 6703 6704
1690,3055 3743 7123 14604 11185 1351 9052 14550 15184 14703
1691,1690 1796 287 4761 612 2586 618 8352 2318 1649
1692,2154 11059 11058 15211 13891 81 8587 7115 8475 2527
1693,275 4381 263 11063 10593 12864 7653 6924 14039 11689
1694,255 6825 11065 11067 3695 3675 11071 6727 6481 5378
1695,4031 3741 5056 4347 9590 7511 1048 6828 1203 3915
1696,3311 5046 11073 3526 7828 1737 1237 1274 8796 43
1697,7803 1267 9696 5899 11076 11075 9838 1327 1893 4982
1698,11079 1638 736 735 3016 795 5722 323 879 476
1699,495 10884 488 775 163 5717 6025 6296 3217 3269
1700,5352 10716 14008 6785 6244 5353 12566 1721 6520 6622
1701,3314 4226 3225 2781 3471 11080 7902 3987 1203 6033
1702,7992 6178 8224 11082 8434 4645 1832 4000 4647 4648
1703,1826 11084 8191 3467 8069 3363 2348 9520 4414 3843
1704,10785 6159 1226 7474 1707 747 1036 6240 1117 3671
1705,991 5828 3348 5836 4867 4987 6905 5822 13379 3381
1706,806 8225 11089 4265 4187 3198 821 5798 3915 1203
1707,5435 11091 4407 4596 1721 5686 1136 10246 1146 12376
1708,6535 941 7538 611 612 9 11092 10375 287 618
1709,6361 1778 4060 9192 9080 2375 6363 1321 1320 6362
1710,4773 3544 3543 3546 4979 7139 3547 1085 3545 1737
1711,3270 3271 3272 5740 3955 9305 2362 6872 9931 3273
1712,926 6296 8490 3269 495 5717 3252 7791 624 8529
1713,11095 11096 1997 3350 11094 10149 11093 13063 14372 7759
1714,6773 10746 10031 2856 10002 10609 952 6501 6772 7963
1715,8152 1722 11107 10543 11105 3106 11104 8156 1136 1721
1716,11112 1532 2820 10179 11111 6352 11108 11109 12426 2742
1717,3711 1959 3223 7419 172 1450 176 5042 1203 4236
1718,3708 9561 11081 1684 736 735 1981 7505 323 3016
1719,5139 1150 1717 1136 1146 1145 1704 1705 1724 1708
1720,11116 7184 2215 11115 5466 10929 3866 7864 581 1392
1721,2977 3997 7893 2848 5111 13460 1896 399 7899 7892
1722,1862 9754 8151 6542 2869 11120 1721 7096 4407 1723
1723,11121 3465 1532 1166 9791 2820 6352 3464 404 1529
1724,11126 9116 11125 11124 8999 58 1367 14240 5759 45
1725,9078 11128 9076 1536 9077 8215 9079 3721 14231 14791
1726,9018 9017 11129 9470 4018 9473 808 431 4276 6633
1727,4498 2239 2945 4222 11038 5294 9563 6814 1233 1293
1728,3048 8820 960 3047 4199 1397 3479 3971 7616 4776
1729,3629 4011 4313 3640 10649 2336 2333 3353 1306 7150
1730,3859 1313 11138 6335 9219 5544 6879 1243 9053 2830
1731,11143 2174 11145 10909 9141 11144 4101 2933 4540 1904
1732,6540 7980 5010 11146 8527 5325 6543 2856 9846 9838
1733,4918 6304 5218 2482 1869 5822 3350 4744 4912 4913
1734,1429 2045 9712 9713 620 12924 6363 4455 621 9714
1735,9426 3205 7364 42 2575 8623 5580 3292 3139 7929
1736,5876 3843 1826 4063 1777 4134 9194 6705 6707 1779
1737,796 3678 1646 5853 5315 1439 1446 1203 775 323
1738,2063 4978 3124 11150 3529 5503 1035 1272 3751 8470
1739,3265 11114 13679 9807 11152 13980 11116 13942 12611 2839
1740,11156 8292 8460 11155 238 1682 705 3242 4568 14303
1741,5747 5746 8700 11157 2 4705 5408 2210 8285 5744
1742,11161 9953 2935 1051 5035 3219 7421 3202 1203 6033
1743,9012 4645 4648 4057 4058 9350 11166 6794 4646 4658
1744,493 7278 2024 5091 11172 1218 1416 853 1203 775
1745,9284 3458 3321 2825 8851 10510 2043 10841 2826 3283
1746,11176 6521 4378 2055 4843 4815 8137 7284 9720 3495
1747,8229 5098 2285 2432 10145 13769 7704 2434 10146 2436
1748,11178 11180 11179 5699 14282 13447 12030 4384 8234 5263
1749,10114 3492 9719 4635 9121 2399 11181 11183 6791 7730
1750,3635 8818 5623 5573 10641 10607 6702 5080 14121 6157
1751,7113 6760 7128 11058 2125 7116 45 3055 8475 12810
1752,7121 8999 11185 7974 91 14296 15045 4426 8587 14826
1753,6258 7423 2980 7448 9562 4553 5630 1011 7449 5599
1754,2593 11188 4053 8100 11187 11365 8891 6105 8099 10916
1755,10273 4770 4865 10436 5140 8461 11190 2493 11466 9053
1756,8197 1687 4874 11191 4343 4571 1760 2953 4873 4875
1757,9604 3811 10976 9575 4279 1575 4281 5613 3632 466
1758,11063 4210 2718 3251 490 3248 49 2556 275 5030
1759,3374 2248 7422 3624 5164 2779 6030 4014 5029 2761
1760,9111 11210 11209 11208 11207 11206 11205 8903 9110 4594
1761,11212 42 6434 611 3409 9913 2520 2503 618 14511
1762,4587 6237 6014 1232 1034 1017 10459 6688 3749 1035
1763,457 3474 11216 4243 4241 4502 1767 893 4200 795
1764,6245 11219 6537 11218 11217 12748 3665 11055 11471 1109
1765,4866 2547 11223 4024 8391 8990 5077 8530 2551 9913
1766,11225 11224 2371 2375 11347 2374 2370 1354 11226 12242
1767,6623 11227 6253 2438 1662 1663 1126 3878 9805 12576
1768,11230 611 1752 3471 3043 7698 11229 1965 9913 4863
1769,11232 11231 6065 11533 7228 2896 8341 11788 8333 560
1770,9887 5882 11083 4767 2168 1047 10665 9325 5618 4200
1771,7192 4778 2352 4886 11234 3326 11045 3316 3382 9457
1772,794 7547 390 469 846 5483 11237 11238 1203 775
1773,8940 2779 2100 3609 3605 2774 8365 668 4238 5223
1774,6122 6227 4804 8343 7620 705 238 11239 3242 3132
1775,1684 1442 1436 7778 463 1520 2408 3285 323 1203
1776,7804 6613 11241 1699 8788 14414 10868 12373 3541 1177
1777,3160 188 11242 2551 7371 2802 64 9913 1806 9911
1778,6203 1422 6097 11244 6498 6499 5197 1898 5237 12373
1779,11246 11247 7722 1524 9558 7739 11210 6795 4594 8077
1780,11081 176 336 6198 3015 9318 8799 2586 1452 7697
1781,11252 11251 2011 2010 11571 8525 15218 15170 15169 13684
1782,1742 11253 2801 12313 5254 1741 12315 12314 12027 9760
1783,7326 11255 2475 1371 4891 3476 185 11216 3237 3239
1784,11256 1058 7824 9079 11171 8275 8213 8215 2797 14777
1785,6982 1596 7527 2699 4456 1748 5946 12680 3524 2839
1786,5079 964 2767 3602 3367 10359 3531 11257 3528 4146
1787,2930 5862 4568 3242 705 3397 11260 6563 259 989
1788,11262 4334 209 3441 7277 10645 7538 278 8942 334
1789,11265 11034 11264 11263 1266 14313 4068 4174 1262 12939
1790,9491 1572 11269 2119 3869 5051 5607 11268 4182 4200
1791,7215 7064 2371 2374 2375 2370 13792 2869 4142 5845
1792,4839 538 4844 6820 14808 536 525 531 532 530
1793,11271 8808 1752 13635 3044 3043 714 14328 8809 10041
1794,11273 8697 4360 4229 6260 11272 6182 3015 7021 9478
1795,1728 1731 11274 3781 8153 11700 9539 11232 9226 12566
1796,11277 11276 11275 8062 11116 7598 9515 9608 7600 7599
1797,11280 11279 11281 11278 4040 9620 6790 1955 7824 6268
1798,5368 11289 11288 383 11287 7409 7408 934 8529 4580
1799,3528 4777 1030 2697 5501 3358 2692 2826 189 3765
1800,3881 1329 4290 5148 11293 11294 3187 1781 6649 6367
1801,10960 11043 10218 6826 2747 14094 422 6218 14496 8270
1802,7087 7900 3095 7290 12360 4553 3588 6399 2340 4320
1803,4866 3926 6166 831 5153 2255 4291 7933 9913 10382
1804,4780 472 6564 3335 2141 11302 3729 9693 9457 9033
1805,2288 576 11304 11303 10764 409 2431 8842 1225 8843
1806,1795 1792 2627 1852 11305 10000 9395 12931 1788 12693
1807,2920 2435 5640 466 6710 476 10875 10412 13428 12901
1808,11314 3097 686 1213 466 11313 8455 11312 2309 1617
1809,5045 6338 8971 5864 7496 8937 11317 1203 8653 4249
1810,11319 11318 12756 14286 14952 5876 3845 2873 2884 12256
1811,6568 6681 11320 6410 1213 1426 6280 546 5154 778
1812,11322 7175 11321 10414 14714 6084 2921 569 6464 1025
1813,10664 3627 2581 3458 732 3821 7538 10691 10338 1301
1814,4468 10454 467 1423 6216 6198 1443 168 10452 5057
1815,11341 996 4497 4120 6103 375 10434 5583 14282 13892
1816,2996 1319 6361 6363 1321 2375 4060 4415 6362 5846
1817,1415 4871 1878 11355 11353 11354 5717 10565 3852 11288
1818,9392 11359 11358 11357 908 4971 6170 6240 6761 9393
1819,3100 416 4260 658 462 6035 4027 171 466 1203
1820,1128 11363 11362 4051 3721 245 9250 3985 5634 13532
1821,8578 806 385 1203 2551 742 611 5281 605 8499
1822,11368 11367 6719 8663 4892 11366 4660 4650 692 11405
1823,2741 1475 2614 2742 5998 8892 1165 2820 12425 4591
1824,760 5080 4782 8469 4226 186 3700 9529 2024 1203
1825,11378 11377 8501 11376 2507 8793 11375 7113 9913 11481
1826,10627 10952 11000 11381 11382 4743 10991 5846 10994 6804
1827,10700 5477 4385 773 149 1186 6191 6365 169 873
1828,2688 8941 1452 7972 8619 694 3604 3122 3110 1450
1829,1157 1315 2889 5536 2881 7218 9645 6321 3083 3082
1830,11384 3945 510 7718 9094 4869 479 462 1203 775
1831,4619 4615 5537 11386 11387 4618 4622 11385 4624 1148
1832,2697 3361 3016 10424 10510 5079 8865 5766 2720 3358
1833,9825 11388 11389 9150 10402 14450 7709 2420 6652 13849
1834,4302 11391 11390 3503 7295 11915 2270 1044 10263 14471
1835,6897 6005 2739 11392 11393 15215 15067 12063 14825 13016
1836,712 11396 11395 577 3600 62 13204 169 8473 9682
1837,3771 692 11405 11404 11403 11402 1745 11401 11366 14136
1838,11409 637 2397 6483 11408 11407 7748 2556 645 11406
1839,11089 4939 6237 4765 1203 4944 323 806 894 2024
1840,6069 11414 10024 11412 11413 7640 11411 4709 4801 7499
1841,1596 6620 5602 6622 2108 2894 1896 13832 7936 14281
1842,8423 4968 8117 12009 14202 14425 12010 8116 14069 12048
1843,4328 3846 1866 1003 10843 3688 2875 1354 13984 2820
1844,6826 445 1409 3943 578 11076 9567 439 7244 2675
1845,11418 1535 11112 1532 2820 1166 405 11524 2742 12426
1846,8347 1083 7910 8687 4982 10181 10656 5864 1267 12623
1847,11420 4724 10073 4035 10072 8645 2869 10071 137 4305
1848,663 9838 11076 6298 3887 1840 6544 7528 9226 6543
1849,3811 3940 1815 3620 9956 11172 7826 3200 775 1203
1850,11423 11422 14637 5928 9840 8484 14104 11445 10839 6290
1851,9563 7362 6375 836 450 9711 1279 6673 3915 1203
1852,11268 6 11428 11427 11426 11425 11429 10524 6819 14024
1853,5401 1022 2587 10781 5402 1840 2981 1111 3387 11667
1854,11432 11433 11431 11430 935 5599 4753 2857 5598 2887
1855,11439 11438 11435 10936 9664 11436 5440 11437 1723 1776
1856,11443 11442 7135 11441 6254 2503 2490 7006 11718 8475
1857,269 9404 11446 11445 9165 5339 5712 2272 10561 270
1858,1953 6296 11447 1387 7244 11205 13367 9199 495 3269
1859,11449 11451 11452 11457 2634 11450 7480 11456 2635 10560
1860,618 10340 1803 1206 11462 6033 499 2323 1203 4757
1861,8542 10998 4461 10994 5846 10627 10990 9854 4145 8982
1862,611 11241 7052 153 3556 10290 10509 1613 156 155
1863,780 7339 11465 6039 5460 6237 8415 3717 4 2024
1864,2992 11467 7862 1621 8950 3638 1620 7910 1622 1617
1865,4012 762 11469 1809 3970 4808 5156 6535 2108 7349
1866,7296 2314 2741 11470 2742 12425 1165 2744 2820 2141
1867,6167 11471 1015 9805 12566 9682 8409 6623 12748 6537
1868,715 8748 8201 216 126 11873 2520 1233 167 9086
1869,10208 6352 1323 405 2820 12426 1166 3465 4516 404
1870,2155 8525 2358 1443 2360 15169 12018 3525 2357 11251
1871,11473 8853 113 10662 9359 5096 13699 10820 2916 10499
1872,5164 11474 1073 1096 5491 8170 3215 9039 1476 1611
1873,6498 6097 5197 6499 13709 1896 12373 5486 5237 1893
1874,6987 8689 8045 7369 3453 226 1051 1014 2989 507
1875,1222 4358 3794 1837 3948 10323 6547 1266 7936 1262
1876,2370 4135 2374 2371 1354 13792 1357 9663 6360 4142
1877,1898 7169 11475 5246 6097 3522 6617 12373 5237 3747
1878,6698 11477 3267 9877 11476 2077 3526 3231 10189 3602
1879,385 4720 605 3409 11484 11483 28 10283 2551 8475
1880,11137 212 215 7857 14416 2830 14440 5770 5774 5771
1881,1419 5461 3378 5825 6300 3319 7317 5215 5217 3379
1882,11489 10449 11488 11078 11490 11491 11487 11492 11077 12846
1883,10932 11493 2815 13672 5998 2742 14657 707 9894 498
1884,11518 11522 11513 11514 11515 11516 11517 11519 10197 1365
1885,4416 4414 1826 3843 2876 10815 12656 6364 4134 10199
1886,3372 6380 2764 871 879 2761 8403 821 323 4271
1887,11524 2820 1475 1535 1166 12426 2742 2741 3464 13189
1888,11525 3853 11526 9234 10044 10042 4023 10122 10043 4941
1889,3222 11527 2769 4757 4332 8291 1052 3752 8020 5505
1890,11534 7694 9939 2821 12765 1147 5346 4282 6333 7695
1891,11535 10063 12856 8362 10790 12906 13312 12821 10193 14376
1892,3085 4607 1826 2869 3082 8477 11537 11536 2881 3083
1893,11540 11542 11541 10593 11539 11538 5916 4381 14039 2284
1894,11545 1160 2480 9358 11543 11544 4720 8275 9348 2485
1895,11546 11547 3995 5891 11548 1940 4710 6631 1110 4172
1896,9042 2129 10174 3964 2130 11497 9432 4729 7906 794
1897,11549 8051 8939 1368 10795 10796 12421 13173 8571 13174
1898,11550 3622 3183 126 216 8201 6046 14710 2309 13936
1899,11553 11552 7674 13839 13840 1784 9941 11650 6097 6499
1900,1624 5132 3790 3965 3402 152 10790 2957 9913 11481
1901,11564 1665 8143 9809 9810 9477 7651 11656 13205 11007
1902,2449 3441 7828 11073 4347 4911 7488 9293 1266 13892
1903,11568 11567 4073 6615 1664 6189 6623 11566 2108 9805
1904,9519 2491 1850 715 2750 5789 3142 11569 4606 2520
1905,11572 11573 11251 11570 11571 11252 8525 15218 15219 2011
1906,7495 424 4961 11574 8335 5383 10719 1655 611 6684
1907,1787 6381 11576 4031 8352 1908 6768 1028 323 9888
1908,11577 7342 14673 8833 9172 7625 14671 7628 7629 14672
1909,3820 10236 222 4997 3819 4975 10235 7133 175 10237
1910,1746 4358 9652 1938 2908 1222 7936 4633 1896 1061
1911,3083 4413 6553 9851 1357 7784 1354 2376 6360 1721
1912,873 2763 149 169 466 323 2309 162 686 1404
1913,3720 11580 11581 11582 11585 4588 4858 5024 8509 14395
1914,3491 9138 3489 3490 9137 13776 9136 7653 8115 13777
1915,3359 3727 11588 3576 2131 1295 3312 4812 3317 4921
1916,2054 3745 11589 8678 8076 1118 6048 8614 1547 204
1917,8843 7522 409 726 9053 11591 11590 11405 8842 14724
1918,236 9817 971 323 6593 3802 3047 9552 445 6311
1919,1883 6099 2009 3486 9422 4311 9015 14664 11166 6792
1920,11151 4553 730 2254 5630 12341 8397 3717 198 12447
1921,11593 6171 11564 6349 1110 753 6476 12566 1111 9805
1922,5777 1984 4483 3247 4196 11595 9309 3555 8653 4821
1923,11596 4838 11597 12473 529 5570 11410 4837 12472 12471
1924,4913 4889 8350 218 4891 3237 3236 4901 4638 2484
1925,2869 11598 14736 4599 2873 4403 3845 2622 3072 12377
1926,7518 11602 11601 7998 11600 1877 11603 5984 5983 10829
1927,10902 8614 204 11606 11589 2839 1748 6982 209 5946
1928,3949 1436 11609 1216 6834 11608 4555 383 11758 1294
1929,3489 11611 11610 2839 2393 7721 11774 1524 11773 12926
1930,7702 11613 11612 11614 7701 13557 12147 9552 6 10911
1931,11615 7883 11621 11618 11616 11617 9699 11619 9226 4753
1932,3879 10618 177 11623 9474 9478 2160 9518 4229 7021
1933,5129 6556 6555 7079 9627 11624 11625 2869 4139 12375
1934,8622 9283 8872 3262 11627 7923 5307 5989 9913 2501
1935,11628 11629 11961 2579 5909 270 11453 14192 2727 3090
1936,9660 11631 11630 4451 2800 14228 692 14024 14477 14481
1937,6685 5353 8112 6520 10870 8968 6257 8575 6622 6785
1938,11636 11635 11633 11634 8387 4829 6109 6065 62 9847
1939,6345 9293 8515 1895 1894 5054 5864 1750 1893 1896
1940,11638 11640 1155 1721 1151 7218 11639 10716 1723 4407
1941,11642 1840 4700 6493 6494 4753 6487 9226 1746 2287
1942,900 779 6638 1728 3878 2134 11700 323 7379 1713
1943,880 8577 1498 11038 9286 4939 7310 9003 5577 1500
1944,6916 2545 5574 9131 10020 2553 9709 84 9913 2551
1945,11647 7402 8142 7401 4365 8920 7272 199 9689 12981
1946,10178 1099 1420 618 742 9923 9913 612 10382 10383
1947,11648 1227 11650 6185 1111 11649 7934 221 6172 11274
1948,1102 1306 11654 5411 3444 940 8494 3800 15016 4077
1949,7104 9591 7224 8232 3307 5435 4559 254 3283 4068
1950,8967 5711 7165 7166 1896 6477 7879 12930 8153 9395
1951,6362 1320 6363 2874 1321 9192 11624 1779 1778 2375
1952,11591 7523 11657 9611 9883 7871 2431 11656 7704 8842
1953,11659 11658 150 4887 4987 5828 148 2734 3237 3236
1954,11660 614 9314 604 11030 2563 6158 11336 7879 610
1955,5464 11664 11663 11662 8707 8176 7131 8706 9162 4723
1956,11668 11666 11667 5107 9115 5953 2168 8960 8164 9194
1957,4497 4865 2707 9221 1392 10273 4770 2519 5097 5096
1958,6980 11670 7621 10711 8047 9181 3990 9741 11904 10571
1959,11671 4255 8660 3821 278 26 661 5166 2675 10591
1960,3917 2956 862 2545 2561 489 2231 1060 4874 5633
1961,4085 585 1993 4766 3746 10660 5552 3640 2520 9913
1962,7880 2800 11688 11687 9660 11305 11686 9395 14024 399
1963,8843 11690 5270 9336 3439 3832 11689 5791 775 1203
1964,6364 11691 12644 1826 9192 9191 2881 2375 1320 4416
1965,11692 11693 8887 8886 9998 5970 14091 13004 5967 14090
1966,11695 11696 11697 11698 11694 11195 8560 42 2758 167
1967,466 2711 4991 4640 6960 1653 464 790 1203 6033
1968,1926 11702 11701 7962 11232 11700 3781 1728 9650 11274
1969,11703 8255 8254 8253 4778 3407 5568 9962 7099 6431
1970,3127 1546 7483 11706 11705 6244 4472 5323 7247 3877
1971,1393 2935 4238 2779 4251 6851 5079 3185 4194 1203
1972,7105 7166 7165 4750 2901 11710 6435 9589 2900 12930
1973,9976 5898 7405 7174 304 11711 10167 3980 6671 7408
1974,5458 4143 11713 3390 6970 4144 6973 7137 1112 3352
1975,169 5984 8952 712 8473 7846 4973 4854 149 1404
1976,11716 11715 11714 1996 1635 13721 4058 13945 13944 15167
1977,837 2515 378 2580 2516 5959 10140 11719 9913 2551
1978,11720 1660 5621 5022 2952 11584 328 8314 2080 11183
1979,6899 1090 281 8719 8714 4032 8972 6889 11481 6888
1980,9277 10166 2346 7527 7143 2699 4456 2672 169 6732
1981,10099 8443 9755 7058 10075 11723 11531 1828 3843 10992
1982,8341 7249 10056 13578 11533 7228 11231 6415 11788 6065
1983,11725 2853 15145 14545 3616 3914 2298 10312 12454 14313
1984,11726 2973 9278 2977 323 3930 1414 1688 912 11820
1985,5083 3705 11727 6029 3699 1450 1452 4824 1233 3033
1986,7478 11730 1809 7529 11729 11728 4630 12879 6764 3953
1987,5343 6336 1067 222 1014 1051 2318 1737 3453 5424
1988,8604 3369 11238 11732 11733 5206 6780 11731 1665 7572
1989,5386 4876 3318 3931 11734 3359 1433 10972 766 830
1990,11736 2239 689 6021 695 736 8699 11735 795 735
1991,1778 7404 9646 2890 2884 2883 11723 5448 6362 9192
1992,1440 7279 1646 611 190 3532 18 1447 1203 775
1993,11744 4563 11743 3089 11742 561 1522 4562 4170 11041
1994,5155 3222 3223 10378 3399 743 10663 2307 9249 1203
1995,5756 870 7421 1728 424 4303 1404 3856 466 687
1996,3262 11747 2221 11627 13052 1528 5195 8172 11586 8308
1997,5195 3262 11627 13052 8308 11586 8892 14194 15070 13735
1998,196 5046 8984 9985 1737 3734 26 3527 3765 8796
1999,6361 1778 9192 6363 1320 1321 9191 6362 1779 4060
2000,2741 1166 2614 2742 3464 2820 404 14712 11899 1165
2001,10176 7344 8365 9149 6382 9313 11751 698 7551 8201
2002,5820 2629 8350 4916 8484 3329 4887 3371 3239 1371
2003,2820 8907 11753 11754 2614 3465 11752 12426 1166 2742
2004,7677 7019 3659 6483 10907 11327 990 10107 7859 7018
2005,777 2838 4080 4079 846 1686 3112 2266 149 4490
2006,7341 9318 11759 9249 1830 6217 7915 2448 1203 323
2007,2711 6680 11761 6008 466 821 163 794 464 8744
2008,11764 11763 8816 13547 11765 7429 7428 11888 6393 11887
2009,11766 11984 11967 13397 13396 13045 1048 1815 11828 7368
2010,11767 7177 11371 3604 5563 4655 4656 4665 14257 4650
2011,1077 1015 4143 11713 1068 3765 4144 5458 3527 6973
2012,11057 6703 11768 5422 1001 7065 1445 3803 6704 2616
2013,3882 1905 7389 11548 8811 8071 8595 8069 10790 2549
2014,7209 11769 14863 7208 8149 12479 561 12081 14864 1179
2015,8931 707 8470 7482 5769 9593 323 1763 1272 3529
2016,2843 11772 3428 1119 8021 9393 1121 5244 8025 4971
2017,7830 994 1191 4178 10170 8622 7718 5140 4179 2261
2018,7721 7985 11774 11773 3489 9327 7722 3490 9449 11147
2019,1354 1866 3846 3688 10843 2875 1003 7065 13111 13984
2020,6847 4139 7062 1778 3001 1320 11777 9192 2371 6362
2021,350 9531 7770 9937 5859 3602 4484 1737 4841 175
2022,7075 11778 9536 3667 9535 7078 7065 1003 1007 3416
2023,5010 11782 11783 701 7660 11781 8992 7659 13530 11689
2024,10631 1761 209 13998 5781 1051 5424 12710 9699 5946
2025,11409 3285 5716 6619 6477 5700 2699 9885 9682 399
2026,1001 4136 11438 8760 8604 11788 3888 333 11533 8341
2027,4229 1062 7037 6260 3765 1737 7021 7036 3243 2072
2028,11791 11334 8178 996 277 5291 6437 1480 8168 8173
2029,6404 7273 7269 4304 11793 11795 11794 986 2300 2856
2030,900 7948 11796 6240 3878 7947 7936 12576 9807 7949
2031,670 4401 8541 9745 11797 11802 5662 11800 8539 8980
2032,5490 4031 768 462 5489 251 9046 11803 1203 5488
2033,11807 11808 11806 1141 1316 11805 4625 5449 1862 1354
2034,890 2677 583 3752 11810 2457 11809 1052 196 6033
2035,9719 5220 6791 2474 8180 122 5812 5950 1870 2484
2036,11814 1617 1618 1619 235 234 1621 1622 1620 1624
2037,5166 7488 203 4479 11815 5946 7479 4166 209 10591
2038,2375 9968 2372 11816 2379 11347 2371 2380 9853 7064
2039,4029 794 4226 4934 2067 11818 11817 11360 1203 9711
2040,304 3807 11819 12771 8655 13784 10167 2694 9976 5898
2041,11726 3930 9278 1414 912 4419 1688 323 12916 1203
2042,3150 11821 6713 8398 7391 1345 4865 995 12904 14463
2043,7906 5475 3364 4205 759 8776 11834 2321 1203 11758
2044,4858 1963 6017 4188 1100 2762 775 2024 1203 488
2045,4256 3181 3811 1206 769 10347 323 4474 6033 3292
2046,5296 6843 8613 6846 6845 6842 13034 13035 6840 6844
2047,11836 4127 2558 323 9678 466 186 2484 3222 10831
2048,5684 1766 4310 9687 3128 7286 5558 9679 3554 9033
2049,4416 1007 3000 89 1158 4414 1826 3843 2876 3667
2050,11840 11842 11839 11841 6510 6513 3522 7168 10658 11475
2051,11844 9648 5742 9249 6987 11843 3222 3109 176 12320
2052,11846 11847 11845 6397 7254 5255 2274 2898 10105 14473
2053,6706 7099 10096 7098 10098 10097 10099 7059 6364 5867
2054,9432 9434 7086 9431 9433 4729 11497 10174 6907 3950
2055,3891 7583 10948 2402 9517 10277 5363 8226 8426 4351
2056,9808 7219 1700 1846 11849 1845 8114 6785 6183 14885
2057,6806 8513 7427 13185 10199 5687 7554 11850 14083 5447
2058,11241 11574 7936 1222 4747 6692 10374 10737 4358 1837
2059,10753 11852 6622 11807 4449 1084 8551 13892 2108 8258
2060,2075 417 10317 11853 2717 1195 10005 1388 2077 3602
2061,9249 6175 8520 1385 8856 4007 7969 1412 769 1203
2062,11323 8273 3348 4427 7531 8350 1110 121 5835 3380
2063,11854 2663 4056 1999 8629 4057 4058 1635 8624 13812
2064,2453 578 464 2000 419 430 775 244 414 3984
2065,9082 1733 2099 6828 9457 2349 11587 8289 15044 6870
2066,2165 11855 8442 6441 4071 12085 3189 478 1347 3642
2067,9248 2305 1394 171 6855 632 633 6822 5917 6086
2068,7260 4535 11856 11779 10289 277 8839 7943 1731 10022
2069,4332 5933 11858 4331 2243 5564 13427 4641 9559 9354
2070,11861 7776 475 11860 11859 9782 5991 7152 506 11364
2071,1050 8294 3539 1280 1484 1103 10762 2826 4975 1081
2072,3902 5076 10740 11867 11866 8823 11865 3714 12343 3901
2073,11639 9826 7934 11869 3671 6251 2438 6494 6188 230
2074,7833 10308 4228 495 7357 1974 4505 6380 1203 5490
2075,8909 8910 8911 5942 11693 8886 8913 8908 8887 11692
2076,11872 876 11871 994 10943 4965 1673 7941 6271 8028
2077,9565 2213 3102 7277 11873 10339 8640 2458 2456 2460
2078,4609 10752 5450 2372 3842 4036 10843 1003 7065 10754
2079,7925 6466 2910 5299 11745 15285 14431 12086 14928 1203
2080,11193 4326 1811 2781 3632 5400 7834 3248 6929 4423
2081,4131 1050 3351 148 4975 9956 222 1413 2826 1080
2082,11875 5503 11874 1737 2063 2691 5501 3529 43 8796
2083,1263 11408 5147 10150 901 9283 8998 6916 9913 2551
2084,11878 2820 2815 11879 1166 12426 1535 2742 3464 13189
2085,5044 2806 11606 8972 11882 10176 5236 7758 9924 5278
2086,11884 7678 11883 3841 2658 14973 9331 3828 13012 10986
2087,7098 3882 11548 7099 10995 8804 12511 14150 10989 10996
2088,7757 10605 13800 1634 13803 13801 13802 11680 10079 4086
2089,2907 11888 11887 2649 11886 9942 11885 4746 6393 11764
2090,2921 4787 11447 4973 2918 10050 2013 5584 213 9448
2091,10067 10068 9399 9628 7554 9625 9645 12662 2875 12664
2092,7078 10750 1007 3667 9537 11892 11896 7075 10843 1146
2093,6990 11898 5998 11899 8810 11897 2614 2742 2741 2820
2094,7519 3191 11836 2781 7901 3202 775 1203 894 7516
2095,11465 518 2213 9619 3917 7039 5720 8601 2309 463
2096,8364 2702 3531 4147 875 1086 2353 2357 1280 1081
2097,5550 2709 6166 1647 9993 8223 10417 2701 3648 5540
2098,4154 11901 11900 12702 4123 12491 8354 8355 2096 10770
2099,6342 11902 3458 424 2571 4308 2585 10564 6762 61
2100,8442 8083 249 96 4863 8918 6204 3277 160 14282
2101,7798 11906 4323 5031 2700 10760 2809 4453 1038 1103
2102,11908 11907 13770 13841 9973 9387 13545 7656 13842 8032
2103,3044 3043 3984 5096 8445 3749 1752 2560 71 4863
2104,11912 11911 11796 717 11910 11909 13420 14513 12444 1510
2105,176 4501 1452 1579 6369 11015 5069 6438 7697 1450
2106,7803 7802 2728 12081 6146 2898 7801 9696 1267 5899
2107,437 3599 9773 3403 2141 7294 49 11916 5753 8069
2108,2781 1732 2933 10473 10472 1203 469 2318 10298 14862
2109,11925 11924 11000 11340 10556 9080 11923 1769 10627 5846
2110,6617 3920 6540 6909 5325 1896 5486 7455 12373 1979
2111,11282 11928 11929 11927 10677 300 11926 236 323 12814
2112,8740 1757 4360 3681 10583 11930 2582 5150 5151 4540
2113,813 4869 1426 128 824 6375 1172 10477 1203 686
2114,4972 3109 1869 7511 9037 522 11933 227 6195 1687
2115,3574 6920 1973 6641 4030 778 1218 2772 1203 3915
2116,997 2629 7339 3147 2628 2630 3717 8415 1495 1461
2117,3850 2781 8566 3705 4817 9314 3110 11934 1203 5928
2118,2784 6977 4227 8568 11935 11906 5278 4 1203 2024
2119,11421 10703 11940 9018 11637 11875 7401 7253 4276 9825
2120,7003 3135 10169 5972 9002 4382 4383 1516 1203 9711
2121,4369 478 11944 1637 5185 3825 11943 1633 13032 10343
2122,7644 1118 3659 3498 7645 3290 226 2736 11229 1014
2123,1165 2744 1533 2742 2741 2820 1166 13327 1532 12425
2124,1462 11946 1395 1465 1464 1463 1461 7749 14489 9405
2125,1320 1321 6363 9194 1001 2996 9192 6362 1779 4604
2126,11947 11948 7755 3838 11426 11205 7756 8860 7754 13627
2127,1001 1317 7427 1011 1719 4687 11949 397 4138 4132
2128,9309 3372 831 3934 3711 2530 5059 1186 6033 5549
2129,2210 1282 8896 3169 1474 3153 6128 2597 471 160
2130,6897 3055 3823 8493 7123 14604 1351 3822 9052 8811
2131,1880 11754 23 12130 10292 8728 1879 10965 13413 11548
2132,1800 8471 11956 7746 5887 13144 9405 7347 14950 15176
2133,3055 14604 7123 11185 1351 9052 14550 15184 14703 13243
2134,2514 2515 2506 10295 9898 5233 2686 6908 9913 11481
2135,4060 9192 4132 4688 4687 1320 1780 2375 1779 4138
2136,10908 3697 9884 1200 8745 1568 8457 3556 1203 8653
2137,3811 2319 1649 287 10347 3292 612 618 2309 323
2138,10415 1396 6047 11960 11741 686 4441 237 323 1203
2139,7100 656 6500 1400 10096 7099 982 466 7518 7070
2140,11743 6226 9475 1679 2722 11964 1680 11963 10269 10272
2141,11968 7349 11969 4701 8323 11967 1885 7351 5572 4670
2142,11136 11970 1338 120 5209 3359 2488 5822 186 7321
2143,5316 11443 1286 6893 8668 5188 11975 11974 7709 9913
2144,6332 11977 3579 383 9020 8499 386 385 2551 11481
2145,2220 482 8988 9274 11190 3935 6869 6563 3749 7244
2146,11978 4530 3428 6884 8033 5788 4350 1878 7888 8021
2147,352 119 5822 3274 2610 2480 4894 4059 3275 2612
2148,4219 8704 3100 4223 3555 2784 1203 9309 4235 3712
2149,5036 11982 6107 5953 4586 5851 11076 4728 3813 3263
2150,11988 4707 2886 10989 11987 7215 1771 5845 10627 1354
2151,11992 11991 11990 8634 14236 14665 14225 9605 14571 11165
2152,3745 4405 11727 5359 6086 188 6212 942 287 12566
2153,3440 11996 11997 11998 11999 11994 12000 7823 10509 6726
2154,5814 7131 5742 4902 10540 8776 7716 9913 1079 2551
2155,463 9250 2448 3250 760 323 128 163 1203 775
2156,4457 8291 5858 1260 1261 3857 1259 13632 4889 7893
2157,12006 12007 1529 13200 2820 12426 1167 1168 12744 12008
2158,1724 5447 1318 3085 2869 10199 7554 2881 4599 1314
2159,12011 8423 12009 12010 4968 14202 14425 8116 14069 12048
2160,6155 5085 9042 6823 2326 495 12015 10178 241 4354
2161,9802 9910 11814 11094 9188 10480 7923 9203 14984 4921
2162,8802 10014 3570 111 7324 8475 100 92 3569 15211
2163,1235 10823 6519 1233 9653 2024 12023 10303 2761 546
2164,12025 5382 2979 5498 7605 12024 626 8928 8298 6622
2165,2721 3509 9848 4067 8898 4478 7927 4313 4469 5589
2166,6586 11274 11648 1111 6185 3781 3091 7939 7938 6188
2167,12028 12027 6414 7393 2614 15038 6282 9001 14155 1740
2168,9123 8761 7333 7908 12842 15038 12648 5228 8489 8386
2169,563 12029 576 1225 5358 8398 7806 8700 5204 11602
2170,3362 5791 4764 5972 5580 1065 6045 787 1203 775
2171,5065 5033 473 5299 5073 5034 5072 5067 5029 4366
2172,2314 6640 3155 7296 5188 9465 10964 3143 6121 10440
2173,4901 4905 12018 9499 4638 12336 4900 4903 7330 4904
2174,7987 7939 5885 12033 6621 6622 6619 4753 9682 7986
2175,6561 8246 3359 1074 2472 12034 9181 8492 3860 3317
2176,11288 6589 12035 12036 1479 11355 2422 9807 5170 13856
2177,12037 7302 4966 10123 13285 127 7613 1269 8125 1516
2178,3859 12040 1716 2845 7895 12041 12039 9836 4455 230
2179,787 7958 797 1213 2456 10420 4085 5972 1203 794
2180,7403 4291 1766 964 7400 6648 974 1584 10571 12191
2181,12043 7833 4857 6367 757 8940 2460 9567 1203 775
2182,3242 11075 5793 1793 8978 5426 705 13141 4568 259
2183,5210 7139 170 3602 1411 6054 9703 11073 4979 3543
2184,2348 12046 4322 9675 10231 9693 8557 11083 5817 9039
2185,7379 1728 11700 12049 9966 12048 1713 12047 12578 8145
2186,8858 1239 8790 2068 4183 3556 1238 4263 1203 9296
2187,843 2572 6967 2711 798 12053 4862 12052 6033 1203
2188,12056 1500 12689 14577 630 3306 6636 11460 4816 798
2189,7554 7570 9479 8555 12058 4606 1724 6063 2876 9748
2190,5049 6836 12064 1033 5047 10169 12063 9040 1035 6726
2191,7237 3010 8624 3009 3380 4899 7558 4882 4887 1370
2192,11111 12070 6990 4791 14803 11108 9788 13854 4329 10563
2193,4688 12074 12073 12071 7074 4132 12076 12072 7554 4138
2194,5958 2262 5957 1252 745 169 2309 1404 149 1641
2195,1629 11375 12081 2982 6541 7104 7625 12082 12566 6785
2196,12083 7002 7658 15059 14911 11163 14143 1631 6625 14613
2197,4987 2480 2495 4815 5828 8505 2136 9525 9913 2484
2198,3546 3544 1737 10710 9800 879 4398 4092 43 8796
2199,4413 2375 6363 1322 1321 1320 1319 4060 9192 1779
2200,8709 6417 3465 2614 2820 2742 13342 1166 2815 8906
2201,12085 10169 12084 866 879 8403 1047 871 868 11855
2202,11149 5712 1951 8521 3771 4385 6638 4758 10125 6086
2203,3152 7805 4261 7910 375 8855 3950 4788 9913 3818
2204,12090 12089 6844 7782 6327 12088 6331 15127 4047 12200
2205,7465 10140 56 5281 2523 742 7549 2551 12514 2185
2206,8392 7756 7903 1635 8215 8214 8216 2662 7444 8393
2207,5974 10542 8544 11113 239 12093 1184 8617 14035 15109
2208,3036 6022 1428 12023 6237 6596 6964 8704 8653 2761
2209,11956 7173 3594 3598 6584 15176 13221 8374 3596 3595
2210,5217 6470 3641 2035 4862 4981 11812 88 3378 3319
2211,11029 5898 7408 3980 8529 914 947 7409 6772 11286
2212,3465 12098 2614 12097 2742 2741 2820 1165 5998 1166
2213,2657 2206 8882 14005 1668 7705 10329 7707 11860 4013
2214,2110 12100 5943 5944 5514 3493 1421 2807 5726 7247
2215,8993 5036 12101 3771 5953 12134 14156 10981 10977 8851
2216,12002 10759 7198 3147 4076 8603 1495 1476 9457 2345
2217,12104 5328 11652 9219 5377 681 7544 191 9365 8397
2218,2529 2505 10676 10551 9481 2559 4001 12109 9913 2551
2219,12112 12126 12120 12116 12117 12118 12119 12121 2614 8709
2220,2250 9680 7971 173 2245 6438 4497 2237 3161 4295
2221,8419 8493 10265 12130 2556 627 9337 5096 3822 11481
2222,104 5304 12133 11672 46 5141 3805 12132 12975 2582
2223,12135 8859 1877 4410 6773 6835 9970 8518 11603 8004
2224,10151 8842 8228 10148 11590 8118 8119 12137 7704 8229
2225,7466 5237 38 3971 385 2457 6909 12373 2911 9697
2226,11642 3887 9458 12156 3665 10701 1840 4700 13691 11967
2227,4199 9527 3517 1571 3553 3048 7616 163 488 1639
2228,6946 3533 12141 3814 12139 12140 116 11719 11479 13313
2229,3037 7507 6367 7412 687 3186 546 5154 6649 7833
2230,4941 3487 1268 7106 10638 7086 1978 10870 7801 10387
2231,1749 7287 2447 3675 7743 12148 11085 1721 1723 4407
2232,10899 5687 1011 7427 1862 10199 1863 5843 5447 12075
2233,10408 9502 7292 3998 1471 1473 7938 29 10409 5788
2234,11752 3143 9936 3155 331 6040 775 790 6033 323
2235,12151 7785 5535 9548 1779 9192 1320 6362 2371 4060
2236,2698 12153 6815 4318 2407 5611 5275 1369 3237 1370
2237,4194 3768 580 8799 1393 10227 7505 10298 3258 1568
2238,12158 6109 4466 12154 12157 12156 4695 11021 2699 8021
2239,7485 12162 12161 3999 10269 6540 6629 7978 6513 8233
2240,873 771 2675 9259 2500 5544 8189 2763 3195 323
2241,12163 3244 8971 12570 873 1803 4353 101 3243 10385
2242,171 774 9620 12164 5725 11235 10163 5147 2261 466
2243,286 9552 12165 9253 3802 6311 9553 2952 10358 3418
2244,831 7816 2494 4249 4573 3316 8949 3350 3359 2484
2245,9751 3668 2874 2875 7817 7554 4599 2871 9628 9645
2246,11168 12166 819 4994 3252 9196 1798 1961 1197 1199
2247,7954 4469 8190 4474 1499 7977 12966 11849 12886 798
2248,12167 7508 3317 4223 1967 778 4217 5079 1203 7516
2249,1382 770 6032 6967 10649 1447 3033 4200 1203 4824
2250,4478 12168 11113 1302 10239 5466 2457 7364 2607 5059
2251,11480 9359 7716 3 12169 12170 6890 611 9913 11481
2252,5047 4214 9153 7088 4635 504 3921 3105 1203 9711
2253,6412 9289 8274 12171 10057 14377 4836 4048 12904 4446
2254,2138 3710 5131 3709 1446 5553 11255 511 1203 4194
2255,5185 4297 4369 2676 12127 3296 11830 8404 1051 6433
2256,3829 1936 5357 1592 3771 4696 6597 2280 8884 10051
2257,2448 1569 6013 7697 7696 182 2829 4757 176 1452
2258,12182 12181 3896 9032 12180 8102 5349 8825 12274 8093
2259,12184 4566 4564 3380 14370 13382 11558 1886 14255 9118
2260,1130 9610 7306 7760 8086 10967 11860 7312 14005 8085
2261,4779 12186 10275 1295 3583 3723 6248 1419 3748 6860
2262,6620 1896 12187 639 5486 2108 7878 6622 12373 1893
2263,9260 6526 8475 8397 1630 11330 3602 8396 8574 5377
2264,503 338 12193 4497 10617 11587 2680 5455 9082 9532
2265,7953 2859 12196 4787 9438 567 2422 2421 2414 683
2266,6153 350 8280 8692 2354 6150 2637 2118 6151 10386
2267,11668 8164 5256 7059 5119 826 12200 5976 4605 7065
2268,8776 386 2533 3458 478 2625 5818 9024 9913 10382
2269,12205 46 1300 4973 1304 9508 213 8261 9500 8336
2270,5244 9392 6531 8291 11358 11359 9393 6761 1119 8025
2271,398 12211 12210 12209 6847 7077 10461 1320 12735 13785
2272,889 879 775 7504 2762 871 323 1203 757 821
2273,12212 6770 9823 7518 7808 4309 6501 7809 6773 8002
2274,9702 3278 11073 14215 7380 7828 12855 2547 964 3311
2275,1431 753 1124 12213 4796 11742 6621 7896 1119 1120
2276,4873 3526 1792 3439 6946 1945 12217 10735 9233 9229
2277,3453 8437 371 12223 290 218 8415 3512 8796 3070
2278,12225 12224 8127 8122 8459 15188 8123 4450 14006 14213
2279,3709 3700 1230 3487 661 3698 1243 8653 4236 598
2280,4302 2270 7295 5096 11915 5748 3403 2958 10291 5753
2281,3888 8378 12227 12226 8231 10431 638 12366 9767 8710
2282,4130 323 10510 873 466 1203 6033 687 2448 2045
2283,3191 5612 207 8953 11250 870 11870 12429 1902 466
2284,10350 10349 11227 6159 2060 5480 11438 3671 3669 6623
2285,12230 8560 14260 5956 5483 12407 12005 5786 9279 5062
2286,8680 2275 5922 8861 11757 5659 14027 14028 5126 2269
2287,8795 390 9998 12233 9581 10174 1472 3642 962 963
2288,263 12005 12236 7954 8688 12235 7653 6924 10593 14731
2289,12241 12240 12238 12237 12242 11225 12239 11436 11226 2379
2290,2643 2647 2642 2646 6126 2645 2648 2644 2649 2640
2291,12018 8053 3834 8273 3280 1285 1760 4921 2605 2606
2292,2116 1480 11706 197 5360 9049 6032 14615 1233 7223
2293,10340 9058 3910 7619 5769 11049 3180 1971 757 13892
2294,5181 3712 790 801 2460 1212 7411 3704 1203 7696
2295,5255 1895 1893 1894 2732 2900 12373 8515 2723 1896
2296,12245 12053 454 7716 1649 5049 852 172 1203 5928
2297,12252 10316 6728 12251 5640 10584 716 12250 12406 12524
2298,3170 9174 3171 8141 9172 9173 8670 8118 8138 11963
2299,5688 5036 2252 9297 8851 10134 11183 8314 328 11587
2300,1775 7217 12257 1152 12260 12258 12255 11641 1136 1143
2301,188 2103 1433 4669 9569 10439 419 3322 1203 2024
2302,9746 7102 6364 4138 4461 10355 12262 11798 9748 8541
2303,6886 1116 6520 10716 12082 6539 6785 6476 12566 13892
2304,3775 754 12265 4705 10456 6819 3012 9769 13399 6818
2305,1888 1076 12267 8294 5863 508 1051 863 1014 3453
2306,1997 12268 2668 1996 12949 1998 12092 2611 7444 14600
2307,11913 2830 11033 5365 6415 12269 7249 6115 10277 5374
2308,9523 10459 3749 11256 2215 5022 2357 8185 5047 1036
2309,2741 7395 11365 11112 1532 2742 2820 7396 12425 4516
2310,12273 12272 9781 611 8111 13989 14727 13259 4669 8229
2311,12275 12274 12182 8757 11402 11403 11404 8250 8663 2805
2312,8161 4403 4597 9751 8152 3075 1721 4407 4135 4137
2313,6259 630 7115 12547 6836 9223 3019 5595 11867 9522
2314,285 9601 9441 12278 6711 2059 12176 12823 1507 11098
2315,12279 9937 3502 10634 350 42 5493 1424 10984 8766
2316,7417 12280 4180 2767 1192 6575 461 1202 770 1203
2317,4121 4313 12281 2405 13267 13265 13029 6725 693 2721
2318,12283 12284 3914 4160 2298 3912 3927 3616 14561 11725
2319,4174 3466 3695 8950 12285 4865 12097 3879 6489 5378
2320,3112 3739 1097 9278 12916 7341 2293 1735 8936 6812
2321,12289 12290 12288 13381 12293 12292 12291 12675 12674 12312
2322,6175 12294 12295 7812 7813 2269 4540 1406 4012 271
2323,7329 4986 5829 2540 7317 3319 3378 6300 5217 5215
2324,12297 2259 7504 4180 770 8004 757 13533 2269 1987
2325,12300 10971 12299 12887 12520 5399 1933 12892 15233 11312
2326,45 4017 8999 1368 78 3055 9119 12810 3019 76
2327,12302 12301 6353 8109 2741 2814 3465 4514 4516 9936
2328,9610 1130 81 15211 8587 25 5304 7121 14296 15045
2329,2650 11701 9275 10633 3242 8373 12303 10632 705 11702
2330,8982 4407 10988 5667 1721 6805 10246 10355 6809 8159
2331,5096 2802 7733 4122 8179 4195 244 5097 11242 419
2332,5916 3734 3360 12308 7515 1085 2257 12306 1737 6433
2333,6833 7198 1213 3945 173 836 6678 2935 2345 10386
2334,8315 4915 186 5820 4916 2484 3359 2216 3302 4987
2335,8508 12314 12313 1343 7753 1742 11284 10587 5254 13740
2336,9891 744 12317 4554 12318 8044 6063 3111 5875 4692
2337,9439 10308 601 83 8658 7357 3291 5512 6689 7580
2338,12320 2446 1728 640 11732 1713 7929 10044 11700 12578
2339,12322 10753 10747 10857 1003 3688 10590 3074 3668 11807
2340,11115 6693 8426 5205 5372 703 10052 13696 7529 8144
2341,686 3811 2703 769 466 1902 870 12429 7717 624
2342,3067 1070 12323 13166 14316 13425 9238 14217 12900 7224
2343,5420 9982 879 511 3223 5067 5034 5186 1203 775
2344,4360 8203 1169 383 5982 10064 7250 707 7104 7103
2345,7946 7711 9398 11708 6058 12326 9824 10108 2420 9825
2346,10498 7088 10492 4320 10495 8407 2993 9986 6708 12465
2347,10572 3723 1103 12327 2101 8339 10142 6980 2097 7621
2348,12329 12328 8712 14664 7236 12266 529 12832 13318 6837
2349,7094 10088 11986 2864 7171 4134 7057 1354 7554 1357
2350,12330 4666 4667 11446 3832 2903 8375 11296 11140 6080
2351,6719 4899 12331 11405 6725 7558 11366 726 4883 3238
2352,9235 12333 1011 7222 1721 7057 12332 8541 6542 5689
2353,12335 11639 9952 14800 8341 2974 1731 6536 11533 1840
2354,12336 9499 4905 3717 10678 9660 2800 4901 4638 4900
2355,1181 12337 2573 6908 7727 1334 178 6901 9913 156
2356,2273 2263 12339 6303 12338 6467 14569 14575 6581 14443
2357,7585 5391 7299 5293 12346 12344 12342 2315 7936 1027
2358,3242 4569 4045 5730 7267 5609 605 11484 705 259
2359,4841 12347 9531 9181 10661 1043 4491 8401 7959 3989
2360,11910 4139 9625 10069 10068 12350 12349 2373 4138 10067
2361,12352 10337 9103 10122 5897 9806 12351 4964 4073 8144
2362,5595 4349 6044 2779 4238 2774 3708 4004 4194 3258
2363,12357 12355 12356 11523 11342 8518 13108 12351 9505 11925
2364,3634 12360 10984 696 7287 4083 6086 4888 846 8418
2365,11090 12361 4454 7247 13632 4920 14355 3494 2739 6087
2366,10721 10456 1953 13399 13367 11205 12265 2015 12648 6818
2367,12362 1544 9249 3222 3114 7411 7310 11844 13936 176
2368,11189 1269 12363 230 10867 9826 2982 3859 6543 6544
2369,12365 12366 1 14659 5565 14034 13072 11425 6819 14664
2370,1136 11099 1145 9437 2996 11847 12367 12368 1146 9548
2371,11960 8935 8782 11140 1284 425 9087 6700 12031 463
2372,3637 4472 12373 12159 12372 7296 1945 12371 6613 14414
2373,1491 1402 3971 4178 322 10614 4179 323 10170 611
2374,400 9626 8849 5848 396 6736 1712 11800 4132 4139
2375,11434 9969 1776 12332 12378 1344 11351 10554 1146 1143
2376,559 4860 3294 5152 193 12380 2256 12379 3190 9613
2377,2148 10381 11424 11235 5961 9 6266 7338 10375 2838
2378,5218 124 1288 334 9655 4805 424 4291 4874 1051
2379,12387 12386 12009 4968 8423 14202 12388 3955 12010 6399
2380,11354 1003 10565 12392 6852 10508 12391 12390 7065 10843
2381,878 1460 2767 1206 10100 4085 1686 2133 323 1203
2382,12393 12399 12398 3967 12394 12396 12397 7570 12668 4902
2383,9686 5735 7389 3923 11930 15019 12128 5733 6890 5736
2384,7806 10788 12402 5485 11529 12401 3889 5395 12472 3852
2385,1446 3891 12405 12403 3948 10784 8247 12404 169 466
2386,870 2157 1445 1385 4482 8219 7800 7957 1203 3915
2387,4465 5197 2699 6097 6498 692 4459 7527 6543 5196
2388,624 8670 2033 12406 11953 8892 8894 3407 1475 4591
2389,7940 4068 1374 5157 13889 11177 1222 2627 13893 9805
2390,3666 1136 10088 1145 1146 1007 3667 5686 7065 7215
2391,12412 12408 12409 12411 12416 12415 12414 7993 8087 9338
2392,12419 4734 4735 4733 449 7771 11376 14452 2928 12795
2393,1997 1996 12949 1998 2668 12092 11714 14600 8629 13814
2394,11481 837 12420 5096 9349 5509 5097 9913 6901 5831
2395,1216 8819 5796 10652 1613 1250 9496 666 6871 6872
2396,10184 7529 8887 8886 11692 11693 14091 5967 9998 5970
2397,3926 5050 10357 2457 9710 11196 5791 775 1203 6033
2398,4056 2591 1181 2663 14527 5016 4058 4057 11289 11366
2399,12325 2238 7267 983 2254 10531 6786 460 2224 6788
2400,4946 4246 9390 1685 4937 6920 3472 8763 1218 2024
2401,3771 5357 3829 3770 10829 9328 12546 13032 4807 10042
2402,666 7483 3479 9149 1867 7286 665 7551 5576 2411
2403,7946 7781 1912 13304 3158 2451 2256 626 21 8529
2404,2614 12425 2742 2741 2820 13327 5998 2744 1165 1532
2405,9033 4780 11550 3313 5852 6579 6575 7290 226 3453
2406,7958 1488 870 1646 40 12428 9595 469 10159 1492
2407,7647 2635 10560 2634 15192 6582 9511 10957 14310 691
2408,6703 3075 3079 3077 6362 3076 6704 3078 7221 1320
2409,12430 1370 8349 3359 4344 6302 5827 694 5822 88
2410,4766 3903 44 3901 3899 5056 9041 3902 9904 7124
2411,6162 12432 6623 2438 6781 9805 3878 3671 2108 1662
2412,6877 336 797 794 11215 466 795 476 1203 775
2413,611 12436 12435 12434 4016 8846 12433 2556 14870 5269
2414,7980 11729 2286 12437 12194 14521 6365 1594 2282 6658
2415,390 9609 12438 7399 1820 12327 7633 11707 12620 6861
2416,10023 11712 14281 11665 13419 8135 7978 4273 5447 4596
2417,10934 1698 7467 1132 7738 11961 4398 10095 2010 6109
2418,11745 2133 9152 10217 3458 8995 5928 323 488 8824
2419,3862 9954 9849 7876 1204 230 463 6427 847 6979
2420,2405 11909 12442 12443 12444 12445 2619 12441 11989 12808
2421,10652 7508 10437 4030 814 8451 252 8728 1203 6033
2422,12454 12453 12452 12451 12456 12457 12458 12455 13023 12957
2423,12459 11145 8844 2991 277 4540 5793 1904 574 13078
2424,29 6280 11968 7940 4068 7349 5157 9502 9766 8114
2425,1753 12460 12461 7940 5895 4962 1352 4964 1757 5896
2426,738 1079 8553 3967 12462 4902 4777 8552 5742 4050
2427,11218 6173 9826 5511 11344 1971 6537 12748 4170 11219
2428,5736 12308 12463 1625 856 798 7952 6064 4728 1308
2429,9603 3222 12468 12467 867 336 11949 6577 1737 5549
2430,11924 796 5508 4785 6919 11599 7366 2582 5151 11925
2431,4753 6750 9225 5897 11432 6618 6477 9226 4964 4962
2432,4838 5570 12474 12473 12471 12472 575 4409 529 10788
2433,7045 6387 9317 4263 6316 3364 1611 8865 3765 43
2434,12477 7477 12478 12476 5802 692 8250 11043 7480 13599
2435,12480 12479 10447 10779 10446 1127 10900 628 8233 11769
2436,9072 12482 9029 2916 13719 2183 13934 412 1191 8639
2437,12484 805 2287 5179 7466 10437 10422 12483 2282 6657
2438,1305 2283 11161 876 2309 3691 12203 169 3811 466
2439,9295 4836 2614 5998 11266 13614 10731 12904 6412 13224
2440,12487 5299 10662 3403 2498 9281 6897 661 8811 3136
2441,3500 2122 4027 3284 5594 6191 6086 5603 8651 4200
2442,3491 9138 3490 3489 13776 13777 8115 13778 11303 10764
2443,3321 3283 10471 3307 10275 6341 3347 3346 2343 1033
2444,8687 8921 10194 12492 4696 1808 12623 8238 4170 1845
2445,998 7926 2575 6914 1090 9282 64 1286 2551 10342
2446,2863 12493 6973 7137 3899 88 7138 4637 3377 6970
2447,6583 6046 6044 11159 5853 12494 9693 1646 1203 7697
2448,12496 5378 5510 10262 5297 12495 1293 621 6481 13706
2449,12017 1444 3725 8473 687 3396 12497 323 1203 14713
2450,5878 12499 12498 10450 13171 13795 12719 13979 11075 6393
2451,6806 4599 7077 6847 5449 3674 10698 6361 1320 6363
2452,11918 8071 12510 2836 12509 12508 12507 2109 8809 8808
2453,8716 2601 8659 7248 9667 1510 8555 9260 14282 4045
2454,6363 1779 1780 6362 1319 1321 9192 1320 1778 4060
2455,10761 3525 2693 5099 5100 6195 8297 16 2358 5427
2456,8298 2439 10151 1655 5384 4561 5385 5383 3878 8335
2457,7115 1755 5347 3982 10336 10642 5923 10256 612 10123
2458,11267 10963 10657 529 10731 4836 11410 11266 13614 12904
2459,5941 4192 5475 10739 481 5190 4300 149 14029 5433
2460,9274 9095 323 9171 10710 2922 7589 4476 6695 466
2461,7289 3140 8068 3153 4736 6302 9429 2674 2700 3169
2462,2234 2521 11376 9315 2514 9930 2501 547 9913 2551
2463,11975 4255 226 5502 3453 26 1014 6987 1051 7644
2464,9556 12525 4629 12263 12524 2839 12523 12522 14039 209
2465,1791 12529 12530 1794 1787 1792 1793 1788 1790 1789
2466,9313 8493 10209 2428 2750 3110 12533 12531 2790 4817
2467,5192 4329 8811 10041 12500 8805 12534 6571 12882 8809
2468,5073 5033 3313 5072 5067 5029 5065 5034 4366 167
2469,6537 12536 2650 11218 12748 3665 11219 11471 10701 13828
2470,12400 11636 12537 11263 10030 7672 3980 10467 5898 11634
2471,4299 2070 10217 5606 12540 12542 7390 12543 5218 2809
2472,242 6575 478 4089 2252 775 5807 873 6033 323
2473,431 4018 12545 9470 9473 8299 4019 7910 1088 11762
2474,1585 7233 5986 3837 2346 5237 1893 8515 12373 5486
2475,10598 4979 3911 3543 7139 3546 253 3544 5397 1085
2476,4603 12548 2877 4139 8159 7554 3085 9626 5849 2875
2477,2902 2903 5969 2905 2899 2895 2894 2257 2900 2730
2478,9318 7912 821 3039 6596 1452 4348 4862 1203 3476
2479,12550 1872 8036 9438 1263 13773 8144 13774 10763 1873
2480,11528 10073 4037 1003 12551 1317 4035 3442 14745 7065
2481,3751 3529 18 16 4512 8404 3352 759 19 13261
2482,8020 961 2891 4599 12562 5931 8868 9084 2874 12757
2483,10102 5350 3156 5022 11584 12341 10061 6116 2309 1404
2484,4832 9935 5190 2341 10715 10266 7114 45 14029 4300
2485,2439 12566 4065 6785 7351 7349 12565 4670 9805 366
2486,7515 5591 10652 2601 5187 2954 4579 391 6930 709
2487,12569 8741 12571 5166 2115 9426 12570 5946 7304 10591
2488,6520 12572 8575 10810 6476 6886 8112 5353 6685 10716
2489,12233 8083 12573 2739 4406 5719 2483 8852 5260 10526
2490,169 2309 685 3214 1404 466 149 686 171 5928
2491,8335 7322 9121 7127 4878 9117 11814 184 45 7116
2492,3280 1161 1501 3727 164 4348 2470 1295 3398 144
2493,9773 11919 49 3403 5748 11916 9340 3599 5750 9024
2494,6577 769 3033 5577 8268 4929 5549 1452 775 7411
2495,8864 9743 12577 9224 4449 8258 12030 4448 7549 13901
2496,11602 4560 4964 5896 4073 5895 4561 4753 1855 10122
2497,1033 2737 10672 687 3662 1036 1035 5167 3749 1017
2498,7968 1074 2677 2097 3317 5720 4340 11980 2482 2540
2499,4230 504 3100 3678 7421 796 10161 5928 1203 323
2500,8078 12583 6489 5607 12582 5754 5253 12581 3596 156
2501,6165 12588 2705 12587 3669 11177 9806 6782 9805 1522
2502,4688 8406 12589 4132 4687 9757 4138 1317 7091 3083
2503,1952 9314 2448 10128 1974 5060 5170 5054 10236 3819
2504,2535 12243 386 7226 7400 7917 4295 5257 9490 12127
2505,11796 12590 11356 7976 1366 5352 6494 6240 14008 7936
2506,8314 7555 8313 8315 8301 7556 8311 10732 8312 1576
2507,1049 3215 10102 5491 690 1413 1050 3351 1250 148
2508,4324 2341 8608 10740 10577 10354 8443 3076 3079 11057
2509,484 10594 12591 5549 775 4479 149 7238 6965 1192
2510,842 4453 7301 9521 3750 3173 3164 585 9616 6033
2511,3257 4875 10210 8427 7265 10111 4874 7133 4873 12546
2512,504 8233 4262 4377 2632 1684 5725 1649 323 775
2513,2521 10480 6474 3157 84 9887 378 12109 9913 2551
2514,3025 2519 2922 5094 8179 128 9607 6651 11758 3915
2515,3848 2268 5023 12432 12459 8471 10619 277 2673 5887
2516,3210 10572 9391 2101 2776 784 6595 8742 1568 6209
2517,5368 9351 11097 10361 4845 6762 2960 10133 61 9913
2518,12597 12599 12600 12596 12595 7715 12598 6589 1479 7719
2519,6761 7262 11358 11359 12948 9239 4971 9393 9392 1380
2520,3558 11004 12602 8168 12601 11042 11039 2086 11198 11040
2521,837 8999 9119 12605 1368 12222 9281 45 8475 78
2522,1446 4220 980 775 7512 790 3189 8660 3217 1952
2523,12606 394 629 13077 399 7852 14667 6488 558 8210
2524,739 11126 15076 14898 15067 15215 14555 13016 14306 2142
2525,4616 5533 12609 7057 4413 2375 2372 2379 9853 7064
2526,9528 12610 8337 9092 5366 9618 873 169 149 2309
2527,4470 11114 3506 2839 12611 12525 14065 1748 11610 4375
2528,11378 8376 10075 10708 6981 5982 2858 3900 4360 2859
2529,12619 6140 12266 3013 10872 8902 12618 12617 13063 3571
2530,6556 4626 10461 3083 7077 6554 12209 7554 7065 9627
2531,11216 635 12621 4003 12620 3577 7633 6178 7399 6861
2532,848 2807 8890 2502 4929 5809 686 1404 169 466
2533,9988 9653 9397 4821 10602 9396 11760 1452 4483 1574
2534,1177 6628 2894 2846 4982 1837 12623 12622 2984 12373
2535,12625 12624 8586 4652 9110 4594 11209 9111 11210 6797
2536,11315 11306 12626 10251 13559 14638 12575 12024 1748 5424
2537,12630 5668 3442 7218 12628 12629 12627 1726 10072 6809
2538,9203 10820 12633 3682 3195 3678 1641 612 287 7525
2539,3620 9216 3703 10505 7774 8970 667 7505 8653 5155
2540,1388 6932 4030 10225 10289 6354 15227 5403 9443 2986
2541,10652 2915 3977 4467 4557 3811 1659 7301 611 7164
2542,2827 46 4992 2117 4775 1032 3971 1281 1036 1035
2543,12636 12635 4567 13545 12902 11907 12355 12956 6223 2279
2544,8477 5536 11723 8443 1003 5871 4693 7077 7065 10461
2545,368 6218 5851 367 5850 2221 6266 14094 6107 14496
2546,12639 6518 3589 12638 9578 2258 12641 10201 2300 2702
2547,2847 6162 6781 1522 1665 6782 2438 9103 6783 6165
2548,6804 4135 12642 12643 11892 5874 1779 2996 7065 10992
2549,5627 12068 12310 12649 1883 12648 10975 12647 10086 8544
2550,1778 2371 2375 11777 2374 1320 4060 6361 2370 9192
2551,4631 12409 12651 8507 10979 6766 7532 12650 5428 7719
2552,3747 8291 5063 8294 6681 1737 11396 12371 8796 43
2553,10881 4281 11410 12654 139 3811 529 10131 5613 10731
2554,12655 670 12657 12656 4138 672 10087 6432 7554 671
2555,6214 5418 5416 6056 10663 5417 769 8441 5419 3043
2556,12658 12661 12664 12660 1714 12659 12662 12663 1317 10070
2557,12665 13258 7648 12236 4150 7616 7665 13599 12530 14722
2558,4669 4350 2547 2200 7370 64 4865 5641 9913 11481
2559,8352 6381 8935 6564 12668 7914 3336 1615 1796 9888
2560,4434 12537 12670 3884 12669 11737 14168 14465 14466 3883
2561,12671 12672 5345 1475 8889 12743 2816 2814 8334 8894
2562,12291 12674 12673 12290 12675 12293 12292 13381 12289 12179
2563,688 5498 637 9071 11361 645 11406 7049 6687 1931
2564,12678 12677 12676 10844 10845 14679 13703 13666 13001 1544
2565,5097 5305 39 5096 9913 6890 11481 12005 11223 61
2566,12683 8781 10219 12681 12682 12679 12680 4375 265 266
2567,12687 12686 3603 11606 1835 806 204 3609 10902 2839
2568,121 1447 3978 9463 5951 11864 9008 12547 1276 6929
2569,12691 12690 11168 4879 1283 5414 1279 3593 7005 9427
2570,9913 1610 2033 2526 6013 7150 797 9603 2551 10382
2571,12694 6674 11773 6504 7172 11147 6525 12693 4371 4172
2572,6596 8046 3518 8763 10307 10302 7696 176 7697 625
2573,670 10087 10090 2869 7094 7215 672 4403 5440 11641
2574,3568 5328 2665 8213 12696 12695 12183 9958 7825 5332
2575,12312 12697 13 8508 10082 12314 9123 14891 8272 11384
2576,6211 4785 1581 784 1568 13169 1443 1969 10227 4739
2577,442 11715 9118 3380 3332 3359 2480 8350 119 2495
2578,12699 12700 12701 12702 12703 6539 12704 12707 6748 15267
2579,3234 11465 9184 5413 4823 295 3378 7499 6300 3239
2580,1833 1835 6427 6176 7303 2457 9849 3223 1204 1832
2581,1683 12709 11576 12318 4924 2676 2228 1993 1949 4925
2582,4663 11370 4653 611 2083 12711 2085 2084 4660 3058
2583,7284 2917 6521 4378 2055 11176 12513 14088 14558 3849
2584,8757 12182 12274 2805 6099 14772 13020 4643 1808 12623
2585,700 1762 2407 6815 6035 12713 9219 12712 15191 4305
2586,3467 12714 2588 11843 2075 5577 1423 4929 182 5549
2587,794 9619 10270 12716 12715 2052 2656 8948 7805 1203
2588,12717 575 12234 8840 574 3814 861 7937 11145 10591
2589,11830 1750 1068 1484 1477 5458 2360 1112 1280 1037
2590,1677 8318 12718 7878 12925 5483 5111 9395 2257 12947
2591,7046 6085 353 6842 5174 12720 12719 575 5454 13368
2592,383 4759 2067 1686 2290 13435 4360 2294 4079 4080
2593,12722 12723 10726 7673 684 8088 12464 12721 1715 6774
2594,11816 3084 12733 12730 10627 11381 6364 10461 2375 10992
2595,3559 3162 7276 11089 201 445 323 873 466 971
2596,3213 651 3936 10477 3682 759 10594 7238 1203 323
2597,4780 9480 3715 10718 3254 6064 6348 10656 9033 7290
2598,7141 9826 5782 10255 14064 5781 13998 5783 6782 1253
2599,3804 8825 12740 5349 12495 9076 14020 6852 8627 3451
2600,3943 3909 3148 7391 3875 4893 12741 1869 9561 12538
2601,10340 10234 5947 7989 3127 545 2080 8186 724 4774
2602,12745 3465 12744 2820 2815 12743 10260 12742 1166 1535
2603,9974 2427 8842 2426 8229 10148 8843 10152 7704 2432
2604,11147 12623 11684 8496 11492 9453 13832 7985 10867 13458
2605,9751 9194 7065 12209 2876 10461 6847 2870 10992 4135
2606,12751 12750 12749 13152 12443 14482 7955 6566 5355 3868
2607,7017 4953 1577 4952 643 990 1576 1565 1564 4957
2608,11329 10334 9702 10763 7415 5145 12752 7416 2989 2988
2609,12753 1675 11030 2523 2563 15125 5476 5477 8934 13645
2610,11183 12754 12755 5815 913 10114 11587 2399 3492 2689
2611,9663 4141 1829 7096 2369 9962 2886 9749 6360 2378
2612,3945 489 2600 5196 2115 5051 9481 9780 6033 2309
2613,336 961 3664 967 10930 12762 12763 12761 9880 9879
2614,3559 11130 6084 6029 797 12764 8817 12150 9024 2958
2615,3038 6553 2880 1357 9851 14745 4036 4037 2376 4598
2616,6957 5001 11291 3620 1963 10909 7973 7631 12012 7829
2617,2133 5725 2469 2323 8525 10813 15218 11251 15169 1206
2618,1147 12765 9939 7694 11534 149 12573 11140 14237 13070
2619,7246 5904 12766 12085 5917 632 10125 5186 6086 5724
2620,12769 9672 12767 12768 2335 7988 9675 12777 9674 9676
2621,1443 3698 3036 1796 9715 4761 2586 1452 10920 9265
2622,9675 12782 4084 581 11609 7386 4577 4440 3560 7493
2623,1702 7245 12784 469 3257 7310 687 323 1203 2322
2624,5280 821 825 4104 5772 5885 10232 4627 5679 4569
2625,466 4032 7918 205 1395 8995 12002 457 323 4031
2626,9050 4235 6859 6578 3335 2331 3458 10659 3819 6726
2627,4257 834 769 830 1978 6920 1218 4876 766 2448
2628,8346 12788 9942 12787 10204 8364 1868 636 7769 3610
2629,12791 12790 12789 5494 3937 323 696 10181 466 1650
2630,3280 3279 2059 2605 4420 1161 2832 2606 2061 3834
2631,11792 4534 12792 7806 7807 7165 8216 12029 5485 13814
2632,6874 8293 8288 4877 1296 185 3275 8284 3274 2789
2633,8878 1408 5090 4219 11170 748 2457 838 2932 7823
2634,9286 11813 6470 896 2561 9975 10505 2573 1870 5633
2635,2735 7955 4365 3441 3702 2164 350 2601 8653 1203
2636,1822 1823 1821 1827 1825 1824 1826 4457 4135 4461
2637,12798 6066 12795 2700 12804 12801 6823 12794 226 1014
2638,2798 3145 2506 11138 4865 12097 8607 4669 2501 1751
2639,6242 687 9499 3383 6302 4736 4638 425 4905 4901
2640,12805 1535 7249 404 1166 2814 9784 4514 2820 3464
2641,12806 3415 6733 6734 9540 7056 4598 4136 9750 673
2642,10781 5401 5402 3387 9867 2587 1682 6391 1022 7155
2643,12445 12444 12442 238 1721 8152 1156 7425 4407 1776
2644,6141 981 10056 15242 8341 13037 13038 7249 2911 12373
2645,3225 1646 10308 2494 10065 11139 10307 6033 3378 5217
2646,8424 11654 3781 9226 1840 3144 2748 6494 14227 6543
2647,1436 149 169 171 5942 2838 2625 651 1404 2309
2648,55 5642 9684 37 9924 3597 2191 10341 9913 2551
2649,12814 1801 8270 3680 2603 12996 4345 14496 6218 2601
2650,5151 811 12309 7931 4189 9089 7231 2582 11141 5482
2651,11283 12818 4843 445 7866 2926 4045 12817 13908 13130
2652,4882 5001 323 12570 7570 2133 12163 4887 1206 169
2653,3403 11035 12821 5096 12822 12667 12820 10880 13315 5750
2654,4185 795 9922 2521 2195 8463 6850 3513 99 7726
2655,12524 12248 1665 12249 1663 12824 230 9809 12566 2438
2656,6326 406 12825 14811 14812 13422 15032 14054 404 12502
2657,10016 3723 2480 3055 4897 5734 1960 1018 81 15211
2658,4455 12039 620 621 5907 7888 9714 1127 7649 12040
2659,5218 10493 46 4014 10564 8829 10655 4437 1869 9546
2660,12232 768 5054 7681 3205 1509 9692 3407 4310 7144
2661,3510 5915 1297 8584 10530 10438 9656 228 1300 213
2662,12829 363 9337 10905 3613 8307 8305 6004 12780 7153
2663,1970 828 8451 5089 1427 1439 2342 5315 1203 5928
2664,6926 5484 6928 3469 5637 4922 119 6927 6925 4894
2665,12835 12834 12833 12832 12831 12830 5159 13823 5625 12329
2666,662 11173 3200 466 618 3438 5003 15065 3811 8451
2667,9297 2557 4307 10381 6970 11713 10380 2148 4143 6973
2668,12836 15282 1508 15201 13 4009 2158 3621 6095 6721
2669,12838 12837 905 1631 431 9470 9473 4018 8299 15059
2670,2540 6203 3329 3289 3316 294 3339 5209 3282 5212
2671,10099 7058 12589 10097 8443 4413 11723 10990 4416 11722
2672,499 994 6523 6522 1551 1799 12840 12436 12434 12435
2673,12842 8761 7908 954 3444 15038 12027 1740 7333 5228
2674,11139 3943 11066 8837 7913 1993 1391 883 6033 1203
2675,765 3811 676 5525 8483 5139 686 2309 13622 3148
2676,12846 10219 13776 11490 8781 11245 7107 14365 14725 10027
2677,12847 5038 12087 1282 5961 12320 12084 6216 3222 1203
2678,3446 4723 11732 8707 3961 11733 10666 13088 3449 1985
2679,12851 2832 980 12850 4420 3280 12849 13885 11366 14131
2680,1879 2324 12852 9715 12144 1796 4761 2586 6577 1203
2681,12853 10972 4180 770 169 7504 3791 766 1797 781
2682,844 11174 11427 11426 4644 5071 2897 1648 4642 5565
2683,12854 12856 12855 383 611 2240 7716 2135 9913 2551
2684,12857 8382 32 2130 13294 8504 1383 8389 12067 12366
2685,12236 1558 9324 9323 11862 12860 9830 1840 263 13616
2686,4735 10197 1365 10194 4733 4734 10196 4361 10195 12215
2687,7406 7674 8322 8821 10506 11657 2831 8385 6849 11260
2688,4059 2666 2610 8632 10980 2663 2612 1635 8629 4056
2689,10656 10823 12862 9322 10822 476 6344 3354 7420 4268
2690,4381 12863 12864 263 13898 10593 13530 6670 10705 13175
2691,5767 12030 7527 6226 11964 2699 1679 10269 4456 4384
2692,8619 7382 9849 9954 12865 5902 7876 463 847 1204
2693,5535 1317 1141 9307 4035 1148 11325 2996 4036 4037
2694,12869 252 11592 5205 1451 12868 3591 2638 13719 8507
2695,12871 12870 14381 15109 8617 10905 2207 13523 13525 6562
2696,8611 4278 7959 2133 10240 11469 6413 7902 323 1206
2697,12591 12873 8398 891 8519 4022 4798 10032 12546 1877
2698,101 3083 7121 3991 3051 3052 7904 3684 7159 8050
2699,6089 7524 5179 8884 12879 12878 6494 8240 3591 6058
2700,2761 143 7724 74 12042 8799 2765 3546 2448 9309
2701,4137 4138 1011 4134 12883 8805 12882 1719 6995 6705
2702,6294 4281 6837 2458 12546 891 6597 1901 2287 10829
2703,12777 775 12886 7100 6123 12885 167 982 1203 2798
2704,12887 12299 12300 10971 13250 9451 3490 13249 11775 1524
2705,7168 1590 12888 6946 792 8233 11986 1680 11842 10011
2706,12890 12459 5886 3814 277 12891 10226 358 11401 1523
2707,6846 3492 6840 6842 6843 6841 6844 6845 668 2839
2708,7523 11303 8842 10764 2431 8843 409 2427 10152 7704
2709,2379 8158 12893 12894 12897 3774 5863 1356 6360 2376
2710,12898 10716 6244 2654 2995 5353 6785 12566 6240 6476
2711,8472 2661 5955 4375 9199 3982 10729 626 13697 9180
2712,12900 12899 3067 13166 14217 14316 8735 4421 11941 3068
2713,9854 8542 1354 4141 1355 1357 10991 10994 10627 2378
2714,6622 12901 3304 2706 10766 1744 13892 2108 6489 6189
2715,7086 12902 9434 9431 9432 9433 10312 14313 14033 15267
2716,7986 11286 9517 12905 12906 5430 12904 12903 13316 14196
2717,12907 4783 13592 10031 13591 4798 970 4799 4800 312
2718,1011 6705 9194 4134 1318 5876 1777 8166 1779 9192
2719,12501 6571 5989 5299 6474 10041 13635 8808 6570 12534
2720,7705 12212 8958 12909 7707 1668 7706 6803 1667 10329
2721,7056 11778 1002 1001 3416 1003 1354 1011 11347 2999
2722,3398 4344 1329 1161 3881 3826 1160 5838 3831 6142
2723,2258 7131 2710 11750 11584 5022 6518 11662 2688 790
2724,4593 5819 12910 4041 2420 3657 7527 14437 11984 808
2725,4948 5380 221 7401 1889 9804 6782 11648 2439 6185
2726,11231 6065 11533 7228 8341 11788 560 8333 11232 1529
2727,5193 10041 8808 6571 13635 12501 8809 2816 10733 14328
2728,12911 2614 11261 12480 5998 12316 3465 8631 2742 10900
2729,3975 6727 743 11379 10376 7764 3174 3160 10378 7005
2730,9664 1146 11639 1145 10751 4596 10246 1152 7065 5686
2731,4037 6162 9810 1939 1522 6783 1663 1665 6775 9809
2732,424 5044 3364 9019 3733 106 7906 10049 9913 10382
2733,6811 1317 3442 6809 1011 6323 7091 9753 9757 8983
2734,10458 2141 5748 8069 11916 9125 7153 363 9773 10291
2735,6839 2295 10272 10269 11964 1679 6838 563 6836 10271
2736,9810 1662 1665 9809 1522 6162 9477 6775 6781 2438
2737,10365 6553 10366 2377 9236 6733 1825 11625 1357 2376
2738,10497 12922 6300 12921 4912 5825 3319 3378 7317 3379
2739,2876 9850 4416 1826 3843 2374 4414 10556 2371 2370
2740,2860 8032 12466 12925 12718 7878 8318 12924 2984 1946
2741,10461 1719 12929 9852 4138 2373 7067 12349 4600 2892
2742,7165 11594 5714 12931 12930 10000 2984 7166 9395 12693
2743,7098 10995 1826 4414 10815 4416 10627 4134 7099 3843
2744,12935 12933 12934 7077 6847 10461 12932 12209 1320 10992
2745,9203 3921 6863 2923 1798 10571 2097 44 8047 3924
2746,1001 10508 9642 9636 2996 1013 6110 1004 4604 4398
2747,12936 3443 1011 4690 1862 4689 7217 1775 1863 14354
2748,2375 1719 7404 12929 4687 4132 6705 4134 9192 4138
2749,15 14 11 12 13 9759 13307 8096 4565 8095
2750,7169 10049 12873 7049 2397 10725 7691 363 9337 8305
2751,10714 6172 12937 10363 1851 11649 12352 12938 1111 8649
2752,6717 6725 693 6719 11405 11877 8726 11366 8517 6718
2753,1041 12939 11733 1116 4948 4455 231 3425 10867 7401
2754,6809 7425 10953 2869 9751 6811 8982 4135 7554 7065
2755,10318 12940 10317 2215 697 2556 10315 10313 5903 9543
2756,4807 12941 4806 705 11854 3242 2266 240 11469 7808
2757,3076 12942 4402 3079 10858 3077 6704 6703 1354 9664
2758,977 12943 12944 3663 967 12761 7655 966 12762 2441
2759,4606 2371 1321 1322 2375 1778 8038 1011 6361 11777
2760,4581 11833 12946 966 2196 4589 9880 7655 1540 967
2761,8882 4352 14005 2206 8078 11860 2657 7306 8086 8085
2762,1648 11014 500 466 476 323 879 12766 3100 10847
2763,7880 12947 2439 6887 6165 7858 7651 5384 5383 1522
2764,12949 8288 2795 1544 1996 13817 14600 12696 13944 2668
2765,10569 12735 7077 10461 5871 10570 12725 1320 12209 10992
2766,12954 12953 12952 12960 12957 10448 12951 12959 8126 10756
2767,2145 8996 746 5831 5830 609 9913 837 4845 10291
2768,12962 5177 11790 10180 9667 12961 4285 15103 9179 4395
2769,5324 8592 12963 10086 2034 6824 12612 11362 13000 12068
2770,12965 11356 1938 4358 10188 1222 9652 7936 2908 1746
2771,4516 2741 1165 2742 6000 10528 2820 1166 2743 13189
2772,5041 5043 1296 3648 795 5540 3645 7491 139 8819
2773,12970 11038 12969 12968 12971 12129 12967 2663 4056 8628
2774,12973 8766 12972 9937 6516 8914 350 8915 7305 1233
2775,8715 4286 383 1170 4404 3153 4395 11289 13697 10608
2776,4204 6070 4569 4627 3241 3242 6228 705 10232 4568
2777,12977 5833 12976 10860 12975 3716 12974 7441 8624 2663
2778,12979 3521 3643 14964 5801 5717 9293 10932 3577 1517
2779,12980 9972 6670 12864 13530 11780 14027 11026 12282 260
2780,2686 1100 3110 1901 6317 1047 9564 9048 879 1203
2781,8980 6397 12983 11862 12982 6931 12579 5889 12343 8981
2782,11935 7400 11905 11707 12191 5397 725 10386 11904 9186
2783,9996 7532 7539 9998 4631 5970 7530 5967 5283 12650
2784,4932 2284 12985 5916 9170 5962 10104 7506 3854 5756
2785,7366 4599 7554 2874 2869 3845 11528 2875 9645 9628
2786,7168 12986 10011 14667 14143 14833 14834 11602 11842 2391
2787,9690 11835 10264 5764 5766 3507 3810 7050 7929 3902
2788,6558 1593 9825 2440 5426 4694 2413 2022 709 5338
2789,8086 12992 12165 8635 12991 1742 3795 7558 2614 14922
2790,11881 12994 9794 5998 2820 12426 13188 1166 1535 6001
2791,7456 5604 4285 1772 13057 11784 2885 5129 10558 9175
2792,6971 8241 2950 4484 9531 9185 8242 8957 12458 6972
2793,7098 10995 1709 5537 7099 10994 8848 8847 12259 4414
2794,12996 4345 10155 8270 10135 2219 10157 14399 2540 2339
2795,4284 9694 5237 2415 202 2911 12373 1893 5486 6097
2796,2375 1916 11347 2379 1860 7056 9853 2372 2380 7064
2797,12645 13001 9652 12677 10845 8085 12495 13000 12676 9660
2798,5879 13004 11153 12463 1625 12479 5970 14090 14091 14152
2799,2815 13007 13006 13005 405 11880 1323 2820 1166 1535
2800,183 3994 280 225 1041 7369 5183 4335 6987 4976
2801,13011 13010 13009 9015 13008 13316 12903 13410 13900 13040
2802,13016 12325 13017 5415 12347 3488 2739 13015 1483 10159
2803,6268 12417 4352 13018 6269 8408 14854 13132 14482 13927
2804,2804 4645 13022 4657 4648 4655 4647 4649 4660 4658
2805,12383 13024 12597 5358 576 11341 13023 6389 13642 8398
2806,3097 13026 2900 12421 9588 8565 13025 2504 9590 6871
2807,8471 13027 13028 4388 13029 1123 9403 13267 5887 13169
2808,3668 8542 8982 10627 1003 3416 2870 10753 7065 10754
2809,2086 3012 5564 4641 9077 11858 9076 13816 9559 13427
2810,3937 7283 4981 4049 2297 1058 4147 4050 4975 11256
2811,10289 11779 11856 8839 12342 11784 13571 13130 6994 10225
2812,13032 11029 10592 10343 11943 5898 5793 4280 11677 1294
2813,13033 11155 1091 736 1192 12043 1417 7402 2067 5452
2814,8357 6525 4371 1910 5296 8613 13035 13034 13798 10969
2815,3222 5145 7415 1054 8249 11058 1052 6433 1687 7416
2816,13038 10056 13037 8341 5109 7249 5430 1529 11231 13625
2817,3921 12634 7771 7304 2118 8556 4841 9484 4126 4491
2818,13039 9015 13040 13900 14075 8363 1883 13813 10917 14074
2819,7886 3128 8203 4933 528 12481 9285 4504 10867 230
2820,6376 3538 7761 9609 7458 2736 217 11476 226 7644
2821,806 3603 1835 1833 1203 873 2126 1646 1832 504
2822,879 871 2764 8403 1047 868 866 869 867 4271
2823,1285 1446 96 6876 4863 198 2471 1388 235 1621
2824,570 9921 7285 894 13042 9215 255 7758 7520 2574
2825,7712 3814 1176 5886 6763 6058 7251 11983 6397 1174
2826,484 9372 324 11302 9033 9680 3552 442 4923 14482
2827,9048 10823 13048 3210 3120 9653 1972 8672 8653 1568
2828,3496 10931 1540 10583 10930 7655 13193 4589 13194 2175
2829,2886 2371 1354 7063 1001 1357 2370 1355 2374 2378
2830,10367 12058 4608 5872 7076 4136 10576 10574 6737 7065
2831,2821 7694 11534 5408 5405 7691 12483 8058 14045 14807
2832,9249 2079 3222 10489 176 13936 11844 2448 10966 7310
2833,4705 1406 13049 10941 5788 6507 6092 6486 11575 7649
2834,8525 13050 15169 14214 13736 11252 10913 15219 11251 7178
2835,11140 4486 10295 7387 12573 11596 8113 8738 11066 4941
2836,7562 2667 12616 7557 3567 7563 3572 7564 3571 7558
2837,3262 13052 11627 2742 8892 2741 1165 5195 1475 1535
2838,10820 56 11136 5097 10364 9592 8711 12287 1203 7516
2839,10072 4035 11420 10071 10073 8645 2869 3442 4036 1317
2840,2014 6432 4598 4574 9853 6360 1357 11347 1354 12376
2841,6938 1693 4406 11070 4213 3696 1398 6022 4157 7697
2842,1584 488 4236 2024 1567 163 1203 6017 8653 1452
2843,6106 2653 2608 5452 2296 2290 7341 2293 8418 12359
2844,1354 1357 6553 4138 9851 2376 8476 1355 2378 6360
2845,8808 5935 13635 14328 8809 10041 6571 9784 14755 12501
2846,8488 7188 11919 2637 5522 13612 14741 9773 14925 49
2847,12551 1859 11120 1860 14458 5673 4062 14209 1858 12756
2848,9032 7825 3568 12173 5328 13738 3482 12646 12647 12068
2849,13056 3841 10591 5166 278 11884 8135 5167 1032 8256
2850,11627 7675 12422 11583 12509 3262 1475 1528 5195 13052
2851,518 5460 7616 9563 2113 13058 6113 15070 6935 4738
2852,13059 12745 13248 1166 404 10525 2820 2815 12742 12744
2853,2980 1011 13060 2996 4604 8542 2997 1862 1321 2998
2854,5364 443 970 3771 4396 3132 3770 5745 5374 10005
2855,10850 13061 260 4537 10832 2003 6189 5391 10853 13598
2856,7094 4134 6364 868 12536 11333 12168 6191 6705 512
2857,7291 12360 7837 5040 5548 1460 1198 5083 4147 11758
2858,2463 2961 4857 169 466 686 149 2262 2460 4765
2859,11347 5671 4141 6320 10365 12729 12332 1011 1357 10366
2860,2787 2793 6136 3275 6279 11202 13064 11544 3572 7557
2861,10427 12685 1554 12684 11689 13068 13403 14119 1555 14446
2862,6226 11592 6623 11177 13070 2627 2166 13069 4068 9805
2863,9348 13073 13072 11472 2789 13071 12066 3282 11544 2788
2864,2207 10 8711 3948 12287 11136 12822 9145 8710 6436
2865,13076 13075 12914 1001 5449 2870 2880 6447 1008 4037
2866,8426 11115 5205 8226 5368 703 5372 8938 5745 10277
2867,794 8190 476 42 1389 4 149 7340 323 1203
2868,6364 1001 12644 8443 4413 10099 1013 10818 10992 2869
2869,6579 7800 5299 10359 3367 10356 14054 6325 11258 6575
2870,13080 13079 10983 13078 12459 11366 13823 13177 277 6725
2871,13082 11899 13081 2614 1532 2820 5998 3464 8810 1535
2872,5505 7645 1052 507 13083 6433 4976 7644 5502 226
2873,6151 6150 2101 7266 5777 6154 11904 6152 10142 6153
2874,8721 2751 3115 1750 8939 2692 3740 2695 6433 196
2875,10902 3526 11474 2839 135 7828 8614 11073 209 1748
2876,13097 8706 13062 13094 13093 13098 13091 13090 8708 11664
2877,987 1256 2669 13100 13099 11584 5022 13101 2671 15106
2878,13102 13104 12521 13103 11783 266 1561 265 267 12681
2879,1371 1370 7558 7559 3237 4883 4887 3234 3236 4891
2880,5063 3355 1612 11088 3705 2250 8293 8300 1203 4200
2881,7704 11656 12138 2431 2432 8229 8842 10151 7401 13782
2882,2032 10729 9180 13105 13236 5639 10180 8691 11266 12717
2883,13106 11337 5297 13107 1561 4528 13403 12496 7469 14177
2884,11625 11225 11224 2379 4145 11347 10747 7056 2375 9853
2885,9855 7206 9856 7207 2954 9293 5049 5819 780 3522
2886,13109 7647 11925 11342 13108 13110 8518 12351 7809 1878
2887,9934 314 1342 6128 12816 2597 160 5116 6003 14381
2888,8059 9655 7625 6252 7628 9650 5617 6883 2108 10025
2889,10627 7215 1771 7427 3083 10991 7094 10543 2890 11347
2890,13112 13111 11347 2379 1003 9853 2375 1357 7215 7065
2891,10085 13114 8275 4718 10976 5554 9575 10695 1288 3571
2892,1017 2117 10885 1035 1032 8303 1036 10459 1034 1033
2893,11135 2112 12640 11401 1523 460 10587 2111 9410 14888
2894,12936 7217 9664 1773 10807 5688 5531 1000 3443 5856
2895,3559 9651 8823 9561 3602 3584 6135 1300 3811 12698
2896,1711 9967 1709 12332 8848 12348 12548 1710 12377 1723
2897,12520 13116 11312 12892 6846 12300 717 13845 13117 14725
2898,12811 8376 5574 7157 12517 6900 9927 9901 9923 9913
2899,10715 2142 7130 7129 79 81 15211 8587 7121 7124
2900,2815 2742 360 11110 2614 11533 11788 2820 2741 1165
2901,3536 1958 13118 1885 13532 13432 11362 12997 13246 5572
2902,1095 4180 6648 169 745 1252 2309 1404 770 1641
2903,4249 878 11758 5051 546 789 457 5042 5045 1203
2904,9150 11129 808 1793 6389 13024 13123 12383 6392 6633
2905,4515 9784 8826 2820 1532 4330 2744 2741 12425 14985
2906,5405 8058 9199 5023 7408 2821 5408 7229 502 7409
2907,3494 9409 5827 9182 7178 3822 9410 3483 7138 10913
2908,2695 13125 4310 372 2989 2988 5145 3538 7416 2590
2909,2820 13127 13126 12426 1166 1535 13189 13188 2742 405
2910,6433 17 2071 5424 7133 1687 4976 3453 1054 1014
2911,11399 8766 11400 9937 12973 6516 14199 12972 726 842
2912,10017 10486 794 3500 1798 7320 2311 618 612 287
2913,9441 2909 13130 9601 1507 888 10809 5126 15121 9596
2914,7855 6236 9895 7853 13879 7854 4753 1676 13541 9502
2915,12362 3753 3114 4757 13132 9343 1808 578 4262 1440
2916,4243 8819 170 5398 143 5540 1811 3648 2448 5577
2917,11586 114 10503 11070 7159 8050 4432 112 80 14547
2918,4692 7217 3443 4689 12936 6363 5688 4690 1704 1136
2919,1441 9655 11058 97 2202 2652 834 10479 9913 3409
2920,7116 8798 11719 3751 7157 7132 8999 7135 8475 45
2921,527 13138 12131 12588 12363 12354 12587 7950 12566 9805
2922,13141 13142 11763 11764 13547 11765 8978 2946 7530 9544
2923,10572 5397 10571 11669 13143 11904 12191 2101 3990 1830
2924,6871 2520 2150 2504 9588 6872 12421 8565 715 9590
2925,6429 2212 12812 9613 4351 2256 138 239 5412 11485
2926,7783 2017 13144 2015 6330 7249 7746 9372 7347 4073
2927,915 13145 639 4009 12187 15005 1896 6620 636 638
2928,8751 9980 13156 13158 13157 13146 13159 13148 8657 8035
2929,13160 2833 8646 12172 13614 13613 3480 2947 5628 6412
2930,7774 4377 1810 7485 4500 1064 7402 4843 8024 14394
2931,3020 1431 4254 12853 476 824 6918 821 1203 775
2932,2860 2067 98 2294 2293 8418 12359 2290 7341 846
2933,13165 11439 13163 13164 11438 11435 4407 1136 9664 1721
2934,13166 9360 3067 10260 10562 8735 14217 14407 7923 5135
2935,13168 10460 11957 2687 10670 3504 10214 9443 7462 10225
2936,795 1219 1798 1233 3033 5041 1203 4200 2228 4757
2937,13169 7829 1581 4739 12031 4388 4785 6406 11101 6211
2938,6685 5157 12567 12082 8968 12928 12927 13170 10870 6622
2939,10173 7613 10634 42 5493 7589 29 4305 5146 14303
2940,10715 13173 13174 9214 3170 8138 13172 11963 15190 52
2941,6086 5917 5904 6228 1677 10125 632 1394 633 6855
2942,2705 5196 2008 7001 8409 6160 6183 1700 13961 6167
2943,10767 2985 6622 9809 2979 13892 1665 2108 8575 6476
2944,4629 7409 13177 13938 9835 7408 12524 14322 914 5898
2945,2869 9194 4687 4132 1001 4688 4138 8983 11387 1721
2946,13178 6543 9661 133 9807 6251 7934 6493 4753 13191
2947,3083 1317 4688 4687 4132 1777 13185 7427 4138 8983
2948,2371 5845 4606 10994 2372 2369 9853 6361 2375 5846
2949,12426 13189 8830 4514 1529 2820 13188 13187 1166 405
2950,6287 8841 529 10731 7236 10788 4836 11410 7748 7293
2951,11769 12081 6772 1179 12479 2982 952 13832 12623 1680
2952,13190 6206 6207 3195 11479 771 116 15211 81 8587
2953,2156 4023 11978 1947 8041 9657 8256 11622 2984 9659
2954,13194 13193 12231 10930 1540 8263 967 957 10223 962
2955,8725 10187 13195 7200 5347 8467 10186 5693 6868 14115
2956,4132 4037 1771 4687 4688 7215 1317 4138 8983 13565
2957,13198 7999 368 13197 13199 1648 1347 5140 8002 7809
2958,2440 1878 8784 3854 13110 8529 563 8840 13109 9871
2959,2614 5998 13202 2822 13201 12007 13200 1167 2741 12426
2960,1321 4139 4600 9756 11225 5848 4138 2996 1320 8159
2961,62 10118 908 12468 11395 6170 9682 13204 9805 12566
2962,1123 13206 9477 13205 6171 6173 1665 6183 9809 9810
2963,1115 13208 9226 1840 9837 3980 9835 2914 6494 6543
2964,7068 2869 13209 10953 6804 10627 10991 8982 5846 5845
2965,9713 13211 12990 13210 3412 3526 2700 2716 6135 13690
2966,13217 13213 5601 77 13216 5023 13215 13214 14201 14443
2967,5694 13218 12088 5696 5695 5692 6327 6844 7782 12089
2968,8381 10064 8111 13989 13308 10130 707 3400 1169 12272
2969,13221 5199 10157 12840 13220 1983 9823 5201 10150 5200
2970,5718 4872 6012 4 4765 686 6025 2457 6964 2309
2971,1352 7940 1753 4962 13191 5157 4068 4753 13208 6494
2972,12334 8153 13223 6364 1011 1862 12644 1863 9539 4743
2973,4284 13224 13039 10731 5570 6722 12323 7685 13425 2415
2974,4528 13106 13107 5297 11337 4527 4526 4521 4529 1948
2975,569 13226 8319 2921 7960 4523 5652 11321 2607 574
2976,11076 6730 1327 9838 9198 8478 12550 5899 1330 11075
2977,1317 4037 11528 7366 2869 10072 14745 2880 4036 3442
2978,13228 13227 175 9602 7913 8268 3811 17 222 1280
2979,4309 5601 10105 2418 12554 7254 7018 7255 6774 6397
2980,8360 13229 8359 8358 8357 9855 9887 3533 4538 11684
2981,1679 11964 1681 6226 10272 1680 6850 5264 10269 11743
2982,787 1331 1213 476 794 469 5972 464 10730 10731
2983,2869 1719 11889 8443 9852 4138 7067 10818 4403 2373
2984,5688 9749 5447 10199 7554 8020 12757 1011 5687 8477
2985,13230 10002 6772 9327 5898 13706 12861 9510 10001 1861
2986,13233 13235 6351 8906 1741 1532 3618 12007 2820 1166
2987,10719 7651 11533 10810 6165 11788 6065 1665 1934 7228
2988,9180 11266 13236 10729 13105 2032 5685 13614 4836 10731
2989,4753 11896 1939 6494 4962 6544 2438 4964 4073 9682
2990,13117 11020 6936 13123 6392 12038 13779 14420 2425 12437
2991,5687 10199 5447 7427 6806 7554 13683 10987 10198 2875
2992,10995 7099 12259 7098 10996 9173 7100 2881 7215 6706
2993,13241 13240 13239 13238 13237 11891 14363 14440 1145 11350
2994,13242 13243 4426 8475 14604 11185 7123 3947 7111 14605
2995,12426 13245 12882 13244 404 2820 1166 13188 1535 4330
2996,1704 7102 9755 6733 3415 7217 6734 9754 11802 4387
2997,1884 12997 13247 13246 13433 13432 1885 14809 5572 13532
2998,10731 4836 529 11266 13614 11410 12904 6412 7685 6712
2999,7929 7050 10264 3810 5580 10171 836 6437 1796 757
3000,13032 10343 11943 10344 1294 717 8003 11029 10592 12899
3001,13248 12745 10525 6351 13701 13059 14084 2815 8906 12426
3002,5368 954 3553 5371 5374 8426 8226 5363 10277 3242
3003,13250 13249 12887 11775 9451 3490 1524 10969 13776 9453
3004,13255 7262 13252 13254 13253 4551 9395 13251 10000 9233
3005,7825 12068 10086 5324 12647 12646 12963 3568 2086 11207
3006,1429 7217 1704 6363 10698 1320 12936 3443 6362 9192
3007,12480 9566 7859 10900 990 13945 13721 8812 11261 13814
3008,1225 10413 13258 576 10412 10553 7436 14112 12891 1755
3009,4284 85 10496 2415 202 5792 5791 5191 865 3407
3010,13260 13259 3463 3464 11052 1166 2820 1535 14712 405
3011,1081 512 3766 9349 4350 5059 163 2200 19 3765
3012,1918 7732 7762 2529 2522 10140 1504 7923 9913 2551
3013,625 7304 3642 11072 6972 4292 10660 13262 6033 9067
3014,10594 4788 5079 10240 3942 2457 13264 4220 775 1203
3015,1265 9998 9996 7314 7169 7171 5246 6477 3522 7527
3016,773 764 11659 7717 5719 624 4441 1404 466 149
3017,241 9082 11652 11587 15044 8420 8315 328 5110 242
3018,11474 4008 5549 3410 8292 5577 3526 7725 11676 149
3019,7631 9849 4127 1204 466 9954 2457 1203 5928 7829
3020,9753 8166 4132 4688 2869 13270 1354 11349 4687 1357
3021,2741 13271 2742 12425 2744 2820 12426 4515 1166 1165
3022,2484 4913 11115 3318 3316 3302 3356 119 5820 2480
3023,683 7409 619 1414 3630 10347 10898 2427 2859 7408
3024,13277 10798 13276 2681 13737 10095 2685 11799 5689 5210
3025,9823 13280 11248 13279 10253 12527 13278 12519 13617 13654
3026,3486 7015 13282 9412 7014 9406 14545 9307 9421 2009
3027,5863 9644 3845 4599 2873 1828 2875 9628 2871 2874
3028,12329 7236 529 7241 11410 6720 10731 13039 7748 7293
3029,13283 13080 13823 13811 9846 8527 5010 9058 2856 13589
3030,10773 5880 13284 1674 13691 13690 11617 13253 10776 13069
3031,12437 92 12194 14521 15064 13890 14876 11314 14619 6875
3032,5846 7404 2869 1357 2371 2369 40 2370 1354 2375
3033,4135 11405 13286 726 693 14136 11877 692 6725 8726
3034,7625 3421 3671 7745 6188 6169 7628 6247 2438 9650
3035,486 864 781 2411 911 9046 7233 10132 801 323
3036,11022 642 2010 2011 11251 11252 13681 11850 9407 13684
3037,4943 4280 5667 4037 1775 1317 1438 3442 10072 5686
3038,13289 11266 13303 13300 13299 13298 13297 13296 10731 10059
3039,10900 12480 3011 8212 3565 13306 11405 3010 7444 8393
3040,11631 13 13307 9759 12 8095 8096 4565 15 14684
3041,11917 9340 8621 5753 2958 5748 11916 12510 9773 49
3042,8504 1009 9639 11722 2957 2891 4605 7553 4135 8164
3043,5191 2026 1087 9926 7372 4284 3164 2145 3173 9924
3044,155 10372 10373 5679 10371 156 10370 153 3595 3596
3045,5203 12573 8056 11140 2560 149 8555 2710 9976 11019
3046,13311 10879 13309 25 13310 1130 715 3560 10123 3405
3047,8528 8728 10411 8870 11556 11561 5754 152 11562 158
3048,6725 8517 3400 5365 6130 693 11405 6717 6718 6719
3049,10880 12820 13315 13314 12905 11555 12821 8362 14180 13316
3050,2067 287 5229 618 612 2290 5452 14127 2294 7341
3051,9337 3405 2067 3404 158 71 8577 6114 3043 4863
3052,2959 12667 2652 1381 5186 3403 7246 7000 12005 9913
3053,12654 4839 538 4844 4281 10881 11410 526 139 4834
3054,8869 13319 11111 13320 13321 5935 4791 13855 2614 6990
3055,12671 12743 2814 1535 2815 2820 13672 12426 4514 3465
3056,13325 2820 6350 1166 12426 2742 3464 1535 13189 405
3057,2745 12426 1532 2364 7396 4330 13326 13005 2820 1535
3058,2744 4515 2742 13327 1166 7686 2614 3465 2741 2820
3059,13328 13234 11897 1532 6993 11112 2742 6995 12883 2614
3060,2042 10732 5732 555 2959 10657 5818 2962 10679 12049
3061,1532 8904 13331 13006 2744 2741 13333 13335 2820 12425
3062,10207 2742 2741 13233 2820 12425 1165 2744 1166 2743
3063,13338 937 13340 7686 6708 2304 13339 4515 2614 13561
3064,2744 2508 11913 5998 7686 873 2614 2741 2742 13561
3065,7229 7249 2959 13578 10657 6415 11533 8341 13623 14800
3066,8300 7824 10528 6789 1955 11064 9467 3784 6790 14043
3067,12744 12426 12070 2820 13188 13232 1535 1166 405 1525
3068,408 4515 2820 2744 2741 4330 2742 1532 11899 1535
3069,12816 12114 1323 2614 5998 8631 7224 11899 6716 2742
3070,13343 8761 12271 7333 8828 12842 7908 15038 2820 14138
3071,404 13344 1166 2820 12426 403 9791 1535 13188 405
3072,8904 2820 12007 1167 13200 1165 11051 13005 1166 12426
3073,13346 11524 1535 12008 13348 13005 1166 2820 405 12426
3074,2489 2133 1054 583 13350 478 2722 8778 3043 2560
3075,7807 2614 2742 9767 13352 5998 2741 2820 8710 10131
3076,8904 1323 1532 9784 13329 11112 2820 8526 2742 405
3077,9784 13354 404 9793 9791 1166 2820 12426 403 4330
3078,13200 11392 1167 12007 2820 1168 405 12006 11393 13201
3079,13355 8726 693 8517 11405 6725 8629 11366 11877 6718
3080,6282 12027 7393 1165 2742 12313 2820 9001 5254 14155
3081,13357 13356 1671 12380 8528 11788 2820 2742 2815 13245
3082,405 2820 2614 1166 12426 13187 11899 5998 1535 2742
3083,8534 5935 5929 8735 1736 7384 15129 14334 14755 14985
3084,6187 7939 13358 9682 9655 5713 3952 9650 9805 13832
3085,2314 4591 9465 11965 13318 1475 11330 1500 8892 8889
3086,9079 1996 11714 12949 1997 11715 8215 8629 14600 13814
3087,7099 10995 7095 7215 2881 7098 1771 2869 7094 6706
3088,1965 9158 9946 2136 12384 993 13362 13363 5828 765
3089,11347 9853 2379 2375 11816 11226 2372 2380 7064 12238
3090,1852 6780 6781 13366 13365 1665 9809 7572 2982 8575
3091,4857 1020 875 5427 6376 138 3525 12180 8297 11004
3092,2850 10444 10443 6094 5199 13368 5920 9823 7359 6842
3093,13369 9552 7702 3802 9553 6311 13337 12147 57 3047
3094,3415 9750 1154 9664 4402 10936 1721 1153 10935 1723
3095,4385 873 149 10616 258 169 13373 3811 1404 466
3096,13375 13374 8989 13376 4569 1718 13131 3484 3242 1720
3097,11642 7328 3847 4796 709 11967 4275 11603 4700 5909
3098,7055 9751 10953 4136 5367 4135 4608 4137 6737 8164
3099,4471 4256 96 2555 10357 7912 6898 6901 12160 624
3100,11212 2137 10892 8240 6764 1809 14511 12694 9147 3004
3101,11145 3388 6305 3387 8844 12459 11141 4540 2174 575
3102,1826 8468 3415 4414 3843 10815 6733 10199 4416 2876
3103,13380 4039 1011 1862 4035 1863 3442 10074 10073 4036
3104,8101 12183 6818 9348 13382 12645 12293 13381 12291 12674
3105,12437 12194 9996 14521 6365 9998 14090 7980 5967 11729
3106,9699 7527 2048 12561 11274 1114 9539 7568 2981 12566
3107,6494 6544 9226 13387 7895 7949 4699 1840 6543 4073
3108,5450 1826 4414 3843 4416 2876 10815 12655 10752 10556
3109,13388 11914 112 4432 7159 80 8050 9043 11126 14639
3110,12617 1128 5634 5 1883 2597 6003 6128 160 14035
3111,7988 2335 12769 12768 12767 9672 2348 1692 2343 2344
3112,12490 11336 8785 13389 13094 13225 5652 13226 3651 8786
3113,2559 2490 5972 2186 7346 4226 9685 4383 4382 11018
3114,3941 6371 2342 8192 9271 631 8193 2340 2588 9580
3115,2208 9822 12170 13126 2820 13127 5547 3787 2029 1367
3116,10518 11228 10188 6354 13359 6251 7934 7576 2438 9805
3117,551 9145 10 8711 9146 4500 2207 5582 12305 5938
3118,13397 11984 13045 11766 11967 13396 8021 1119 8055 11642
3119,6657 6663 13398 10647 10403 6658 3656 2282 13849 6661
3120,4387 12802 1011 1862 1863 7427 4140 9749 14751 2617
3121,4973 10050 4787 1300 2921 1304 9508 15004 6402 9500
3122,1721 8152 2874 7554 6805 8982 12932 4403 2869 4407
3123,13030 2867 5435 9910 1497 6583 9793 3081 10940 8807
3124,13399 3897 12998 10456 3896 5554 3892 10918 8486 6818
3125,2102 2097 5594 1083 725 12267 10555 1807 4827 9985
3126,10487 2217 6377 4725 7187 7212 2785 2117 7247 5146
3127,1582 2913 12168 6441 4230 3338 9888 12862 775 5928
3128,12155 5743 13396 7826 13405 9623 3428 3427 8021 3429
3129,10316 13408 1872 3639 13407 14724 13542 12550 13773 13972
3130,4447 13409 10680 14195 8713 14196 6755 12905 14353 14330
3131,13410 13316 13009 13010 13011 12903 12905 12906 13008 9015
3132,4803 2013 3113 1599 7235 10446 4798 7718 10111 10104
3133,2026 10915 2513 13412 549 2562 9617 7734 9913 2551
3134,10321 2704 3560 12542 13041 1735 4191 209 9278 12916
3135,348 6825 2371 6360 4403 10858 2980 2370 2374 1354
3136,6421 4495 10972 7455 5486 3921 5181 1896 6909 12373
3137,9405 11958 3524 5147 2261 12164 6303 3514 5611 169
3138,12583 9801 328 1660 11587 13364 14767 8315 11183 9082
3139,5271 10855 11837 8176 10654 4341 14344 15159 10653 2230
3140,8190 8944 4192 7299 8068 3382 2700 9993 12886 324
3141,11602 7513 7401 8644 13360 7253 2295 6836 12623 6886
3142,617 13418 4550 11911 13420 12567 13419 6189 2108 13892
3143,5874 4598 9853 3415 3083 4687 4132 7427 4688 4138
3144,13200 6941 2817 11111 405 3438 6866 2820 12426 1166
3145,11112 8312 13323 7393 1532 2742 2820 2741 13329 2614
3146,3726 11976 7865 12189 2631 9932 4804 11834 2521 1919
3147,7336 982 5687 10199 7427 5447 6806 7100 1011 10899
3148,798 1087 10053 10564 8195 10372 10375 10371 10373 10370
3149,2892 7426 1719 4138 2373 7067 12349 9852 12929 7057
3150,3019 13424 11405 14136 692 693 726 6725 8726 11366
3151,8253 12561 6739 6550 10192 3085 9749 8254 8849 1011
3152,952 13425 10731 4836 529 5570 6284 11410 13614 959
3153,9784 404 1166 3464 2820 403 1535 14712 1532 405
3154,13313 3237 3239 3234 6301 1369 1164 1371 1370 4891
3155,4035 4037 13426 4036 1317 2880 3442 8645 14745 13380
3156,5565 4642 4643 12992 13427 4644 4647 5564 4645 4646
3157,177 8904 7333 1532 1323 13329 3465 2820 14324 2815
3158,11208 13114 10243 10431 11190 14790 15264 14465 7244 9357
3159,9457 7371 7730 311 9926 6907 9028 4635 9924 9916
3160,5570 7236 9238 6724 3778 13428 6284 13039 8710 10131
3161,6654 13429 4997 14301 12556 3820 10236 222 3366 1349
3162,5175 5793 9372 5374 9836 5514 13431 13430 11370 4660
3163,1837 1935 3587 8795 7833 1011 4317 3962 1862 5549
3164,13432 8075 2805 1884 13433 13020 13532 6796 12182 12274
3165,2798 3298 125 11607 13379 4987 11944 294 2072 3243
3166,3404 1430 12510 8505 2322 3974 3648 99 9913 11481
3167,4742 6254 11183 3103 5815 336 928 4091 2428 489
3168,4862 10432 8444 7622 4769 578 8467 8953 8397 11870
3169,8796 10025 4914 11924 3750 12188 552 62 1737 43
3170,618 5580 13438 612 7929 287 836 7901 611 889
3171,13440 13439 13850 11384 13166 14375 14881 1671 14376 6572
3172,7679 7926 3507 2779 9690 9049 3902 197 5764 9038
3173,3945 10359 2674 10356 3367 11072 8068 11258 14053 4419
3174,4139 13443 7427 12370 6807 2996 13442 13444 5848 9626
3175,6125 5262 9446 13445 13049 6091 6093 13446 6092 1680
3176,4624 1358 1315 13450 1316 13983 2889 3085 1355 7784
3177,3070 4170 7895 4706 5921 6515 4699 621 628 4697
3178,3493 3441 1970 4819 8549 6959 3151 6963 9816 5944
3179,8629 1634 13451 8628 4059 2610 4058 1635 14600 2663
3180,13453 2814 2614 2815 2742 13452 2820 2741 1166 13235
3181,1006 1001 1008 12354 7629 1013 13076 3674 10193 1012
3182,13454 1086 7152 7776 506 1573 4052 1943 1085 3543
3183,13410 3974 1747 7249 1106 3400 8817 7783 7343 3804
3184,6622 3522 13459 2979 4338 2731 13170 13457 12566 6189
3185,13463 13064 9572 13462 13461 4909 13975 13063 2567 9575
3186,13466 8033 7892 10635 13471 12758 13470 13469 2984 1946
3187,96 3225 163 3097 488 1646 9781 611 1203 775
3188,13478 13477 13476 13472 13474 13475 13473 10604 5515 3433
3189,21 13418 626 7946 13479 4966 9365 1170 13892 7866
3190,5430 2741 8729 2742 12425 1165 2744 13625 2820 11752
3191,868 4228 4759 611 879 8403 1047 5422 871 866
3192,6075 3464 4515 2304 4516 6352 1166 2820 2741 14712
3193,13481 13480 5471 6086 11047 5904 5917 1394 633 1677
3194,11916 13482 8480 9340 9773 10612 12510 12130 3214 2958
3195,11739 5281 2026 742 2551 12514 10342 64 2185 8499
3196,12108 982 8302 13484 12585 7100 4061 11120 12551 12756
3197,11380 13486 13084 11545 6141 646 6136 7353 2792 12538
3198,778 510 1449 658 512 838 3930 5186 1203 775
3199,5104 11031 11032 5872 11034 4174 5157 9092 1785 7943
3200,7341 8298 5385 10894 1123 4795 8882 12565 7349 1111
3201,13509 13507 13505 13499 13501 13494 13498 13497 12454 8932
3202,7020 2560 42 5937 311 4846 9028 5818 9913 3043
3203,707 10064 1169 7783 7671 9366 4440 7104 5650 8111
3204,5742 6114 11072 1079 3109 3945 9337 2064 50 7841
3205,11560 11974 13518 13670 14199 3507 1535 2957 88 2820
3206,3665 7938 13179 7990 2652 7292 4939 6537 11218 10701
3207,2317 7215 7096 9080 10554 3842 1771 3083 4060 7094
3208,7226 13521 13520 8428 14004 14705 14908 14909 7699 8421
3209,6675 4588 10905 3905 5195 10678 160 2597 6003 5
3210,7554 7427 7818 10199 10899 5447 5687 2875 4599 14751
3211,945 8825 8215 9079 13257 6824 13527 14777 14622 8213
3212,8158 9554 12727 1354 1357 2376 9851 6737 1916 12728
3213,7554 2876 3843 4416 1826 2874 4599 7065 10556 14105
3214,6818 1953 13367 9649 6285 13529 12265 13400 10456 11205
3215,11116 11689 13530 7660 12864 6670 263 14001 7653 6924
3216,13427 11854 5329 13001 13531 1885 13532 13432 1884 12997
3217,12049 13533 12448 13263 5973 12297 7571 15 9759 13382
3218,1315 4599 5845 9853 11347 2375 2379 5846 6804 11816
3219,476 3945 2457 5791 8219 466 775 5270 6033 4872
3220,13107 3489 7469 7721 3490 13106 11773 9623 11774 11610
3221,6488 4171 8235 5788 13536 6497 5900 621 6494 4172
3222,13537 5614 13176 6669 13725 7660 12521 1561 14446 13269
3223,10051 13074 1228 13080 11603 12459 13823 13078 10048 6095
3224,644 6346 11610 11921 13538 4808 10121 14106 11611 2393
3225,2197 3333 5012 217 2736 7458 13807 12689 7645 13805
3226,9667 529 38 7748 7293 11410 10788 10731 4836 12472
3227,2996 7065 2888 2998 1003 1001 3667 4138 7554 10843
3228,4882 7559 7560 10977 7558 4887 7561 3239 3237 4883
3229,1535 8905 11749 13332 13539 13540 405 2820 1166 12426
3230,11477 3736 3737 12320 9817 6467 4347 61 5661 9320
3231,583 13044 1676 13541 13545 10557 13543 4191 6849 10108
3232,3057 3058 3059 3056 3053 3052 3054 3051 15001 15061
3233,8982 6805 4603 4139 9889 8272 9626 5849 8159 5848
3234,4907 6681 1745 10045 11160 984 3354 8662 14282 6726
3235,3684 1008 1777 9645 5843 1006 6705 1826 7554 4134
3236,6393 5492 13550 5737 11888 13549 13548 11021 11765 15086
3237,1658 12494 13552 2079 4772 9678 3871 3870 4989 14706
3238,13554 38 9253 1254 8922 12773 13555 8691 3728 3267
3239,13556 1317 4037 2880 4036 14745 3442 4035 10072 4730
3240,13022 2804 4653 4660 11369 11370 4663 11368 4662 4657
3241,13559 13558 11306 11315 14861 12575 7847 6196 15026 209
3242,366 6621 12321 9264 6619 6622 13832 2108 8575 8716
3243,12447 12034 4374 10204 787 5336 7847 13083 8634 14665
3244,2371 2891 5872 2375 3667 2374 6362 2370 7076 1007
3245,5998 13562 8904 13201 13561 12425 2741 2742 2744 2820
3246,13047 12508 12507 11065 12503 12510 11046 12506 5606 9783
3247,9654 6225 9617 3743 1501 12413 2907 10842 7034 4786
3248,9442 13564 2431 11303 409 131 12424 13119 10764 8842
3249,10574 10576 4608 13565 10367 4136 1003 6737 7065 7055
3250,6241 2169 13566 5710 13968 626 10009 6240 8127 8122
3251,3504 206 6343 2711 3441 815 9264 972 1233 4200
3252,9469 7380 6147 14215 11073 9468 14890 6156 14506 6702
3253,13568 10326 4673 8237 7642 8233 13567 5913 621 8231
3254,3735 1639 1409 9459 2960 2556 13569 6762 4845 61
3255,13346 405 8334 12426 13232 2820 1535 1166 13187 13188
3256,516 7370 243 2012 466 1902 169 8403 866 1047
3257,5569 4438 13058 7123 6583 692 707 4440 4439 664
3258,4284 5191 2415 202 3407 5792 5791 2026 9926 3164
3259,13571 2921 7718 2013 8839 11779 12342 11784 1300 861
3260,2869 13572 3094 4132 4403 7091 4688 4599 2873 10992
3261,6738 1151 13573 1721 1776 1155 8152 1723 4138 6542
3262,544 12236 545 14167 198 263 12235 4511 7544 9365
3263,8111 3400 10130 13989 10064 13308 5365 3401 3394 8381
3264,12169 10888 9903 1481 11069 49 11916 23 5748 9340
3265,7266 9241 7551 7226 8922 12127 8421 3267 14563 3153
3266,1323 12426 2820 1535 13260 13575 1475 13271 1166 4330
3267,3413 1987 7080 9195 3414 1013 13984 3415 10857 7056
3268,7057 10953 7016 4135 1719 4138 4605 4597 8164 13621
3269,10752 1007 2891 10754 5673 6552 3667 1003 7065 10750
3270,5255 2393 11610 12552 8497 13577 14147 2839 209 13405
3271,1071 1737 1079 12797 2291 9051 7341 1804 2290 1686
3272,11119 3079 6542 9664 2869 8982 4407 1721 1723 1776
3273,5998 2614 2741 2742 8631 11899 6716 2820 13613 13319
3274,13580 1105 11332 1690 3103 47 10017 13579 2309 14282
3275,1882 13002 3481 3482 5328 5329 9074 8386 3568 5327
3276,5639 11219 13584 7986 12817 2616 12748 9945 6537 11218
3277,13586 11247 11246 3565 11210 7722 1524 3567 11245 6795
3278,10570 7956 775 5482 8300 4252 877 3681 811 6033
3279,13587 9055 7124 92 13890 14876 11314 14619 14578 6875
3280,2063 3529 1035 3751 1272 5503 8470 7646 1036 1737
3281,5058 10170 4178 455 8035 10209 6089 7473 775 323
3282,2234 2026 2497 757 5191 1087 4846 2145 9913 4635
3283,8856 4026 891 12873 1385 8520 8855 4798 4022 8398
3284,3083 10461 4403 4402 1354 1357 2869 7784 2371 12209
3285,10031 13592 12907 13591 4783 10746 6773 13593 7334 7963
3286,7215 2869 1863 1011 1862 1771 7554 4599 14751 13565
3287,11270 9936 10092 7334 13591 3910 13593 3393 5926 12885
3288,2780 10451 9261 8223 1574 9314 9068 215 6025 2767
3289,2875 4413 7218 10989 2371 6364 2375 12644 7554 4599
3290,91 8999 14166 4426 11185 1367 53 14555 4429 14578
3291,13595 6701 4777 12462 5790 11652 9457 10668 6865 2345
3292,13143 5397 3990 11669 10711 3911 10571 11670 3989 10572
3293,13596 13600 13599 13061 13598 13597 7610 7876 13377 5985
3294,873 4355 2763 4354 323 3195 466 149 2309 686
3295,686 1785 873 8577 12429 4025 466 1902 624 7717
3296,3718 13602 1588 15172 14565 15100 466 6952 11026 476
3297,5854 12936 7217 3443 6363 1704 5856 1775 5688 5875
3298,3288 3328 3826 138 865 6138 4344 3289 3348 9090
3299,9062 5360 7390 1503 13603 4 1203 3039 7697 1389
3300,1166 1535 2815 2820 3464 2742 404 405 11524 14712
3301,9990 3142 6132 6220 9497 243 1282 6133 15140 2750
3302,7846 11590 12136 12137 8842 8228 10148 8119 8118 10151
3303,5490 4780 1614 8431 13604 6054 8070 10297 6689 2161
3304,11335 11331 11338 7672 3604 6515 10010 11327 14282 8575
3305,5173 2057 7420 1564 6374 1565 1568 8654 9273 143
3306,1349 13607 13606 2291 7380 9591 7341 14215 4430 9051
3307,3222 1450 11727 794 176 807 10452 5542 1574 9249
3308,2628 4315 6109 2630 2629 72 1381 10790 1146 9553
3309,4339 11967 5914 7183 12803 14969 11642 5909 3615 7349
3310,2942 5830 66 489 822 2200 4334 4075 6033 775
3311,2014 2371 2375 1357 11347 1769 6360 3083 2370 8476
3312,13608 13609 8698 3716 8085 14900 13432 7916 8636 5407
3313,4626 2871 9626 5848 10574 10575 395 1862 5849 7554
3314,2400 13391 908 6181 6171 11912 9682 11773 12566 9805
3315,7247 10984 4790 203 4305 6437 5925 5271 5733 7479
3316,13614 13613 12172 13612 13611 8278 7685 12904 11266 6412
3317,3500 1779 13052 9192 1320 6362 12643 6363 4060 6707
3318,150 11813 2038 2037 4342 9545 2334 1750 5633 2809
3319,3948 9050 2068 676 3879 5789 587 8872 2111 7244
3320,10362 2130 9042 2580 10174 11976 14963 2543 2221 5036
3321,13616 13279 2830 9212 13615 13278 12519 1557 13654 263
3322,13618 2152 2305 11809 4756 1805 1444 171 5928 687
3323,13619 13589 10724 6274 6289 640 10343 11943 10722 10725
3324,9079 2797 8489 11171 2796 14777 13257 14622 8215 1536
3325,5393 8246 88 5829 4910 4901 4921 2957 7759 5822
3326,6286 13620 10918 13256 6754 13527 12183 7224 9760 11
3327,12296 1855 2534 4169 4962 4964 4073 7649 4753 5325
3328,3085 3084 6847 2016 4632 5686 5688 4134 12376 4596
3329,13624 2820 13622 13623 12426 1166 1535 6000 13188 13189
3330,5981 770 4216 3709 6645 3702 9653 2779 1203 4194
3331,2742 2820 6353 13235 5999 1532 2739 11832 1166 2741
3332,437 5155 1656 3277 2448 1203 1568 463 10301 11170
3333,7385 1684 970 8624 980 8891 8627 8628 8629 4053
3334,7428 8816 5527 9706 8046 10307 7580 2161 10306 7429
3335,1177 8788 8291 6613 10868 1897 1896 14414 12373 7878
3336,8860 13627 11948 14465 14168 7993 5365 5369 11737 3884
3337,13629 937 13357 2820 1532 13628 13323 1740 12426 1166
3338,1892 13630 1804 1985 1893 1896 7466 1894 1895 13906
3339,2888 2995 11816 1011 11347 2379 9853 11226 2375 1862
3340,10992 5367 8164 4605 4133 4137 10461 10953 7065 9852
3341,9829 13631 6068 337 4124 8613 9828 9830 12158 8319
3342,4171 4633 5711 6511 8124 9652 7879 13632 7936 7884
3343,1354 2374 2375 2371 2370 1357 13792 2369 6360 1355
3344,11875 2729 6763 9086 11006 5255 2900 2723 4462 2732
3345,7948 8116 6168 9809 7571 12223 1844 1665 9810 4068
3346,2886 7784 3083 11851 6321 12642 3082 1354 2881 1357
3347,13634 1040 11779 9829 9495 4388 11472 12158 8839 11784
3348,8649 7754 8210 7401 11372 7253 6886 7939 4948 12623
3349,5845 5846 7077 10630 13209 4743 12915 1011 6804 10998
3350,5344 13635 8808 6571 10041 8809 14328 12501 10733 1475
3351,788 13637 2166 268 5884 1447 13636 4788 14092 464
3352,11408 6483 7539 11407 8605 2437 901 5283 11650 7532
3353,7629 10729 9225 6185 4068 6623 4531 9226 9805 2438
3354,13639 12131 1767 6225 11964 4388 3070 6226 1679 10272
3355,9856 2983 13640 6161 6499 6097 1896 6785 6498 6244
3356,11131 703 13370 7630 956 990 5368 10907 11115 14672
3357,13642 5288 13641 12439 13643 13023 10253 13551 14087 3428
3358,10000 13251 13645 2984 1795 9395 12930 4702 13253 7165
3359,8078 10558 7407 3661 2421 2422 567 15172 4352 2414
3360,9235 1357 1355 1354 10366 2378 10365 6553 9851 6360
3361,13170 7893 9229 2848 5111 7892 1896 1260 5486 1259
3362,11347 12739 5531 2379 2375 9853 11816 11226 2372 1357
3363,2742 10206 2741 2820 1165 13327 2744 12425 2743 1166
3364,13646 10981 4148 5431 8131 14156 14067 2630 12101 7162
3365,6849 10764 2437 11408 11710 11407 8605 6483 11303 409
3366,12334 13605 2869 3774 4403 4599 2369 2372 2873 3845
3367,2817 13203 12198 2741 8907 8827 2820 12425 2742 2744
3368,1313 9053 6876 3676 1392 10734 2215 11926 10786 991
3369,4687 3084 3083 12733 11347 7064 2375 1721 1354 2371
3370,6618 11310 1366 12131 13639 3859 10867 1269 230 9826
3371,5058 9929 6012 193 1646 787 3739 2549 2551 3409
3372,3613 9024 5137 9337 5096 363 5097 11481 2958 5753
3373,8809 13082 12500 10041 12505 6571 8808 10734 13635 12501
3374,2820 1535 3464 1166 405 2742 14712 404 2741 12426
3375,13652 13653 11105 15197 10727 11009 14303 11781 9827 11177
3376,13655 9623 1555 13068 13654 7648 13278 10593 1557 1556
3377,2870 1001 13076 10193 1013 7065 13075 2893 1721 11778
3378,13656 344 13657 7747 13335 15265 9220 9892 9346 11289
3379,13658 13597 716 10584 4434 3877 13596 13823 7631 6849
3380,3844 1826 3843 4416 2876 4414 10556 14105 10815 8191
3381,13648 13661 13203 13327 1166 4514 2814 405 12426 2742
3382,1776 13662 1887 1888 1010 8822 6734 1723 1721 1354
3383,13663 77 10312 12585 14313 2832 8641 8833 11968 5886
3384,6814 13664 7090 13437 4712 3163 7386 6815 1471 1604
3385,13665 3083 2869 3074 3688 10857 10461 7065 1003 10843
3386,9393 8055 7085 13666 1119 8021 4971 3428 9392 11358
3387,13667 13025 5890 6196 14482 5975 12985 10104 2900 9588
3388,13668 5997 3672 6600 279 3669 3671 13737 277 3670
3389,1336 13669 13654 4361 13278 12879 9623 13279 9506 4593
3390,6737 4608 11777 4136 8158 10576 1354 8165 7055 10574
3391,12426 1168 1323 3464 13670 1166 2820 405 14712 1535
3392,13673 4048 9125 926 9961 12333 13647 12904 4836 7791
3393,9204 9315 7671 1834 10711 11045 10330 10332 5233 9207
3394,10015 2157 2314 2426 10016 12096 2427 2536 2958 6890
3395,13675 13674 12872 10893 611 6083 9594 10385 4777 3006
3396,6623 11227 6622 9805 12566 2108 6189 9682 13892 6619
3397,7552 13677 13676 3945 227 4606 3543 8553 7062 4139
3398,11765 13547 13678 11021 13679 11152 3265 11763 11764 10869
3399,12073 12660 10067 10070 12662 12664 12661 9625 10068 9628
3400,13684 13683 9084 11022 13682 9407 3483 13680 9409 9410
3401,6361 2375 1319 1320 2371 6362 9192 4060 1779 6363
3402,13692 13034 12235 13688 13689 6841 13687 13686 9713 13069
3403,5818 13695 6886 3961 3763 6235 5613 10256 8575 2108
3404,11358 8021 13696 6058 4971 1119 9393 6761 5244 11357
3405,5130 2924 3655 13564 5251 6849 10148 8119 9843 2749
3406,13377 13600 13698 12890 12891 13061 13598 10226 12459 5886
3407,13699 2834 11194 11084 2835 1873 14982 7266 5607 8922
3408,8809 12884 10734 10733 8808 6571 10041 14328 13082 13635
3409,1880 13413 13082 10734 8809 10291 12130 10965 23 9773
3410,6361 1354 2891 2371 1355 1357 3667 9237 1007 2370
3411,1535 1529 1475 5998 13038 405 1323 13700 2820 1166
3412,13701 13248 10525 6351 2815 4516 12745 8906 14084 13235
3413,5431 10981 13646 14156 12101 4148 5405 5430 7229 13959
3414,8542 10627 4743 5846 1001 10990 10991 10994 6804 8982
3415,13703 13620 1884 12647 10918 6286 14679 13256 6754 9100
3416,3415 8822 6733 6734 5863 1825 3413 1720 5020 9754
3417,12734 2888 10556 1354 7065 10461 7554 1013 12209 3843
3418,13571 1609 4998 12044 1302 3977 12342 10333 5000 861
3419,12250 6349 2438 450 1662 3424 11648 13704 1665 6623
3420,2741 2742 12425 2744 1165 2820 13189 1166 13327 4516
3421,13706 9327 13230 12861 9510 9714 621 10002 5363 14555
3422,2916 1489 1481 8853 10499 10132 7695 13199 1493 10159
3423,4600 3694 12349 5531 1001 6552 4138 1719 2373 7065
3424,7815 6059 7540 6060 10624 2437 7539 808 7532 11129
3425,12426 2741 12425 13248 2820 2742 2744 1166 13189 13188
3426,13709 11774 4381 1524 261 1560 11610 13641 10253 263
3427,4322 3097 2950 8667 169 4559 593 2148 1300 9500
3428,4037 12332 13711 1317 5689 2880 15153 14745 4035 4036
3429,2869 3074 10754 3416 3667 7065 1007 3666 1003 13984
3430,8647 7481 8318 7878 12925 12718 4459 9395 8612 12947
3431,4607 12377 8152 7427 11624 13713 4691 8167 4599 2875
3432,11943 6626 10343 10001 8003 10724 6274 6289 13032 10003
3433,2820 1532 2614 12746 2742 1165 360 2741 1166 404
3434,2889 4626 6364 3082 12736 8477 1011 5120 3085 7784
3435,8032 13715 7172 6883 6885 6884 11453 8021 14006 4386
3436,274 13231 13716 5123 273 1799 3074 7952 7096 568
3437,10572 12327 589 12621 286 10571 11904 2101 13143 12876
3438,12805 3676 9320 9321 140 10078 6310 61 5661 1350
3439,2741 2815 2814 404 2820 12426 13624 6001 1166 1535
3440,13116 11312 12482 13719 13718 13934 2183 8639 8507 10103
3441,12905 12906 12903 13316 14196 8362 13315 11554 14007 14180
3442,7346 10641 10390 7006 2490 10958 8587 15211 81 2503
3443,4892 13720 13721 2087 11543 13915 8663 11714 6099 11366
3444,11953 4238 4245 13722 4203 4194 4235 4239 2779 4004
3445,5450 9853 10097 6809 1726 7656 1719 12264 7065 7554
3446,5958 2262 3142 9468 9954 6296 5541 2309 169 7876
3447,2124 13724 2489 4969 7519 2551 9913 2185 10342 12514
3448,12931 12693 11344 5743 1560 12486 8035 3428 1947 8021
3449,404 12742 1166 2820 403 9791 12426 1535 3464 405
3450,10277 5569 13729 13728 8058 5405 731 2821 5408 344
3451,1533 13730 11897 1532 2741 4514 8904 2742 13329 8810
3452,5886 13732 3814 4731 10195 9840 11249 575 12879 5877
3453,8827 1167 1168 12006 13200 12007 11109 3465 2820 12744
3454,1166 2820 13734 8526 3464 1535 404 12426 14712 2742
3455,13737 11186 2009 9409 3483 13736 13685 9410 9407 10095
3456,7099 1145 1136 1146 5686 1143 4596 1775 11056 12376
3457,9032 13738 12646 12647 13269 3604 12844 4639 7825 1894
3458,9237 2370 2371 6361 2375 2374 1354 13792 2369 1322
3459,12959 10756 5601 1265 8984 12954 1016 4334 5287 6884
3460,8964 13037 7442 6371 8780 13740 13612 6940 13613 6716
3461,2218 476 8585 10841 793 794 2307 6411 466 8219
3462,10481 8882 14005 2206 5272 15143 15115 2657 11860 7306
3463,5845 2375 2379 1859 2380 2371 9853 5846 11347 6804
3464,12129 5865 604 10445 2717 13138 707 8004 13892 8575
3465,2437 8778 7627 4383 8259 12267 9985 10555 4827 4543
3466,12007 1166 13453 3464 2820 1535 404 2742 2815 405
3467,7680 10302 10307 8046 10306 595 9169 6689 10297 7429
3468,40 13261 3644 4512 19 16 10000 7166 8404 18
3469,9755 4139 5848 9626 8159 395 11624 5849 396 4603
3470,13742 10103 13934 2992 12482 6849 10104 13719 10195 12038
3471,10992 3082 6321 3083 7784 1314 2889 1318 10461 2869
3472,13748 13745 13750 13749 13747 13751 13746 13744 6745 9837
3473,3733 7160 2576 10274 2540 88 5809 525 9913 2551
3474,4406 10331 6482 794 8398 10642 13755 660 5368 9372
3475,8215 5116 9574 8216 1635 2662 8213 7444 4057 2597
3476,6387 6528 10810 5220 6251 9971 4359 13759 6622 9805
3477,7745 9650 1937 13763 2894 13762 8059 1934 6622 5617
3478,11890 7057 7785 1719 13621 10992 7427 10199 3083 4687
3479,9230 4169 2861 6514 12296 3091 4707 11967 7878 4172
3480,13600 12719 13253 13766 10982 14115 13377 7891 7889 13061
3481,326 1381 12850 13885 14480 14130 14131 14923 14474 5264
3482,5713 10122 7744 4964 5896 7745 8144 9226 9806 5895
3483,12857 32 1383 8504 2130 8382 13294 6894 9913 2580
3484,13573 8152 11578 3072 1776 3693 1721 9968 14736 4407
3485,13120 13768 13769 10145 2434 2435 2436 2432 2433 10146
3486,13770 13406 4667 231 10867 7722 11147 230 8027 8496
3487,12874 2374 2371 7076 1354 11777 7427 4687 2370 1357
3488,13773 13774 2295 1872 13772 13775 12550 1263 10316 7518
3489,3736 3534 323 6577 11759 6220 9265 4085 216 8201
3490,13778 8115 13777 13776 3491 13610 13779 3490 12981 2050
3491,8899 13780 11096 13063 14780 13720 8901 3274 3275 10873
3492,8462 13782 6129 9533 12823 10119 8144 7745 2042 15036
3493,13709 6498 6546 1893 10869 12986 2906 6097 12373 6499
3494,6810 2624 11808 7216 1777 4134 9194 13185 7065 1146
3495,7125 11719 12140 116 12139 3022 3055 7116 7132 7112
3496,9820 7910 2240 6831 10458 13783 10102 4353 1300 4973
3497,8396 2061 10256 2060 3861 2059 5934 3763 230 3961
3498,11819 12771 8655 2694 550 13784 6066 10639 6311 3802
3499,1320 7077 12735 10627 11000 12209 10461 13785 6847 10992
3500,13792 10997 13787 13791 13790 13786 11806 13788 10630 5845
3501,13794 3187 13795 9583 9205 1175 13550 13793 6393 11888
3502,10445 7659 10982 3864 3862 7744 230 7745 10122 14051
3503,13797 8170 6777 10553 13607 12622 13258 2658 11689 11884
3504,239 4286 3943 11711 7363 9667 9488 14707 12474 5294
3505,11680 10079 13800 13801 13802 13803 1634 10605 7757 8629
3506,11040 5556 11042 5409 11039 11004 12187 8585 2086 13402
3507,2951 13807 13805 13806 3333 13804 12689 12886 9306 5216
3508,13810 13812 3010 12992 6793 1996 10079 13811 7444 4058
3509,13819 3896 8093 352 8102 12180 14398 14775 12870 8094
3510,13820 448 5579 13821 4252 9576 13066 5578 8105 6137
3511,9752 13185 6806 7427 2874 1777 4139 4132 5849 2881
3512,879 790 4765 12430 11064 2210 780 9687 775 6033
3513,1523 7233 11690 3857 412 1119 4971 1122 5248 12948
3514,7101 11340 11325 11339 11798 8980 3415 10750 3414 3413
3515,3877 13542 6849 13823 716 13597 4434 2924 11010 367
3516,13824 5079 3267 6018 3266 3268 2897 15162 4031 3327
3517,13825 12669 2707 3123 327 4119 1987 3128 9615 7649
3518,6446 4598 6432 10991 7554 1357 1354 6360 9851 2376
3519,611 10421 7164 9781 10893 9913 11481 3213 1621 2958
3520,3701 2349 5555 2588 1733 4015 8668 9457 6828 2336
3521,5838 7760 667 2350 11291 6560 7306 665 6008 12416
3522,13827 7122 7117 6142 1509 10715 1588 9067 13135 14560
3523,405 404 2742 1166 2820 2741 1535 403 13187 1165
3524,1486 7617 7463 10636 8556 1652 6681 7618 14282 8433
3525,2037 5821 7561 4636 5633 187 4991 5215 5217 3378
3526,13830 11872 13829 13828 7401 2650 6487 4755 4674 2144
3527,5502 1181 12201 2591 226 8984 5505 14527 3453 3291
3528,9245 2246 13831 5632 1017 1035 1045 348 1036 12805
3529,9771 9164 2543 7727 742 13177 737 10132 2524 10013
3530,13832 10126 13487 5515 846 14897 4080 5452 1686 7860
3531,1615 6168 3669 13835 13833 9950 12354 13834 11219 9952
3532,4875 9519 13836 4874 4873 7133 22 2038 5425 5026
3533,12680 7827 2842 1933 1557 12926 13778 13278 13654 12519
3534,5264 13563 2657 1381 6850 1679 10272 11964 5200 5174
3535,7674 11650 6097 6499 1784 9941 13840 13839 6498 1896
3536,9768 7230 13564 7656 11908 13842 8030 7704 10490 14620
3537,12947 13844 1126 13843 8016 3428 5249 1119 8025 3429
3538,13845 3858 13116 13846 11312 12520 14177 12683 14725 12715
3539,4515 2820 12774 12426 1166 2742 1535 2741 13188 4330
3540,3174 8778 13847 2536 131 7462 5023 2696 9443 3160
3541,11718 1368 5047 3749 10459 1036 1035 45 6195 8303
3542,13390 13337 12797 3587 14810 15268 13336 578 2402 7703
3543,13278 13848 13617 13654 13279 12527 12528 1557 12519 13616
3544,6657 6658 2282 11366 7526 13849 1594 2281 14541 2286
3545,13850 10730 2959 10179 10657 5818 2962 12173 5409 14045
3546,11972 2466 85 4024 10889 2543 2551 5187 9913 61
3547,1772 8166 4132 10988 5667 12726 4687 4688 4138 4407
3548,12019 11090 876 6087 2278 2277 1346 994 1347 578
3549,2614 1323 4516 2742 2820 5998 1532 11899 8631 2741
3550,5998 2614 8631 6716 13613 2742 11899 12323 9238 13425
3551,1355 2886 2369 8163 1354 1357 2376 2378 6360 8476
3552,13705 4404 8256 3789 678 5256 282 8258 12219 8259
3553,5271 466 7551 705 6870 3255 8457 10531 775 6033
3554,9077 12615 12171 3275 9076 3274 3012 1636 13064 2480
3555,10918 6063 5517 13527 15251 3896 13399 12 1886 14789
3556,13852 5673 10217 11120 14459 12551 12756 1860 4061 14596
3557,2933 795 736 1203 323 3016 504 5041 2024 4354
3558,2232 9047 10884 780 3290 783 2520 323 775 757
3559,2372 2379 2380 2869 2375 7064 11347 9853 11816 12733
3560,4424 2760 13515 4433 11147 12066 8475 4425 101 4432
3561,7249 13854 12070 1324 8731 11111 1323 405 6990 2820
3562,7250 7104 8432 602 603 83 13856 7585 7649 6494
3563,8230 620 1429 6379 621 9714 12496 13706 4170 628
3564,13871 13870 13869 13868 13867 13866 13865 13864 10314 10767
3565,4641 4594 7559 7561 4884 3236 4887 3237 3234 3239
3566,8239 13204 9661 9807 7934 3878 6251 900 9682 12025
3567,2560 12850 8166 3043 1317 1918 12404 4863 4132 13885
3568,12334 5367 1721 10716 4407 1723 11119 6542 1776 1155
3569,10650 2543 6560 2547 2080 5163 328 10247 9913 10382
3570,5360 5541 846 6834 9314 442 7989 7087 1574 612
3571,12617 11211 12171 8759 13877 5370 10789 9566 8100 9772
3572,5594 1836 4191 5592 2211 127 7050 10171 5396 6985
3573,4696 6597 10809 1592 1936 8059 13130 5353 2108 3091
3574,2432 1513 6246 6181 10716 908 8229 7704 12566 8575
3575,2887 13878 12756 11120 5673 12551 14209 1860 1859 14459
3576,13879 716 9892 9895 13597 13335 8261 9220 13823 10584
3577,611 10893 7164 1621 235 1618 1619 3213 1620 1624
3578,12263 5353 6685 2654 6257 13882 10914 2862 908 12566
3579,3135 3201 3183 4406 1258 5732 6375 8519 4507 5206
3580,9282 1918 9904 97 1919 2532 5309 10458 6914 10140
3581,7401 8144 11568 231 4480 6506 4170 12623 6886 7939
3582,7541 7409 9843 7408 13177 4629 3655 5898 914 947
3583,626 9199 9365 6488 1170 4966 1180 614 8397 2169
3584,4132 1011 13573 1721 4407 1723 6542 4687 1776 4688
3585,7466 6909 1896 5486 7455 5237 12373 1979 7878 9697
3586,9390 5082 3033 13884 7516 795 2534 4769 1203 323
3587,5267 13885 11366 12850 14488 14491 5266 7842 14535 7843
3588,9060 13886 3444 4408 1250 253 4003 2072 3765 3243
3589,3621 1205 649 319 8146 11864 3153 12776 6322 650
3590,6778 13196 1115 7292 5788 11913 1855 12720 11397 7649
3591,961 12945 9893 9880 9966 661 11140 11651 938 966
3592,9804 3823 9659 7259 11622 8209 8035 6945 9128 1947
3593,13200 1168 405 2820 12007 1167 1166 1535 12006 12426
3594,4037 1136 12548 1721 11325 12637 4036 12151 1317 4407
3595,13670 13326 1166 13576 13128 11880 3464 13650 2820 1535
3596,3085 12736 5529 12377 2881 7784 2869 1318 1317 3084
3597,10038 6217 7915 6214 2448 4385 10036 10037 10039 149
3598,8397 578 4350 4025 10432 12011 8445 9362 7244 11484
3599,1176 12459 7705 755 3943 4333 11603 7707 1668 10001
3600,9443 1513 9227 1287 13884 10214 2986 13168 1514 94
3601,1746 13888 6493 10257 6118 9652 626 11601 5983 2256
3602,405 5998 2742 2741 2820 1166 1165 2614 12425 2744
3603,13890 2707 13891 92 14619 14876 11314 6875 14850 13587
3604,13893 6622 13892 8575 2108 13365 6476 6189 6620 6619
3605,13838 13895 5516 13894 692 14224 5107 9106 15163 5515
3606,142 11751 9882 5544 1203 9313 775 3915 6033 6012
3607,12864 13530 6670 7660 13898 7653 6924 263 13175 10593
3608,11019 10121 7688 13899 14106 6346 9199 12134 4395 6331
3609,5686 1354 1355 1357 2378 2376 9236 2369 1136 11349
3610,9015 13040 13900 1883 10917 14075 8363 13813 14077 3780
3611,1127 284 8021 12948 1119 13715 8410 7643 7649 7888
3612,12332 7215 10088 1771 11347 7094 5689 2869 1136 7218
3613,4357 6548 7980 6897 9838 1327 3671 8786 6494 6543
3614,13902 9587 61 5661 9320 140 1350 51 2960 3157
3615,4345 1263 5471 13429 657 5335 13903 4023 9765 10135
3616,13905 1222 7936 4358 4068 4670 1061 1837 4633 9652
3617,13906 1985 13630 2928 6825 5522 7627 1892 3470 1986
3618,2928 3470 1985 10973 14452 13630 2178 1414 1806 6825
3619,4698 5365 13723 15264 8860 5785 14466 11737 4137 6130
3620,4442 7533 5114 5500 3260 3984 4585 426 8913 6679
3621,1862 7469 12547 1011 1863 10374 15270 568 9623 630
3622,3001 1317 9751 4605 8164 7057 4687 6364 4135 4132
3623,5639 4126 7771 5163 5170 12634 7986 2118 4220 3852
3624,13104 13103 12521 13102 11783 265 267 14182 12681 266
3625,11303 10764 8843 409 8842 2431 7522 7523 2288 14724
3626,4086 9880 966 9879 2196 4589 12946 2441 961 12760
3627,13000 1394 2067 6822 633 6086 6855 7697 2290 323
3628,11741 2314 557 1785 6214 4474 873 46 6033 775
3629,10356 10359 13735 5195 3262 11258 3367 5176 2597 5299
3630,8226 5622 11871 380 3391 3393 12817 6942 4356 3392
3631,3046 2741 2742 12425 2744 1165 2820 1529 13189 1534
3632,9493 7326 4823 4813 4884 3239 3234 7330 3235 1371
3633,5879 10154 9971 6769 7808 5319 7410 2437 5199 2287
3634,6360 2369 1355 1354 1357 9851 2376 2371 2378 2370
3635,8376 146 13909 9532 5455 1865 1499 3485 1949 1332
3636,8472 13384 2288 575 3814 4045 574 5174 14509 12471
3637,3468 10267 3043 3044 2560 1752 4863 71 5421 3466
3638,3727 12706 6306 7725 11642 9509 1419 198 13379 1295
3639,8477 8159 11850 5839 10574 13308 1824 10576 4139 9627
3640,7098 7099 10994 11382 10991 10628 10989 10627 4743 6804
3641,7798 11035 13753 2135 3403 9913 381 2551 9694 1333
3642,3083 10365 1011 9236 11321 6315 12282 4285 1357 1354
3643,13912 7124 5219 9158 5642 8073 3402 2497 9913 2551
3644,2870 5447 10899 10199 5687 7427 7554 10987 6806 13683
3645,4235 9715 3358 3712 3476 1796 4821 2697 5541 8704
3646,114 7122 13913 10430 12710 10100 1055 3111 3108 4050
3647,8553 3307 7394 12714 3201 8047 7621 11934 2097 10571
3648,8090 8105 13915 9077 9076 5228 13914 2087 3012 12992
3649,12479 12557 4273 4343 7356 11769 4272 5282 10779 1265
3650,12904 6284 8909 10731 5570 6712 4048 13614 6412 11266
3651,13528 3012 13916 7903 5564 8393 3011 2086 13222 8825
3652,2891 1003 3667 1007 13111 7065 10843 4609 10750 9537
3653,4500 10859 1442 6577 2774 3509 4313 2721 2779 551
3654,2741 8526 6352 2742 2820 12425 2744 1166 3464 12426
3655,7174 5145 6173 11134 7415 7416 2988 2989 4976 6987
3656,505 5341 4406 5250 4244 4333 2423 7174 10001 11355
3657,8245 2140 7927 1952 5632 12201 11242 6075 61 4849
3658,11122 9784 360 14985 14882 6941 11123 1532 14124 11003
3659,216 4085 1660 1993 126 8201 167 1233 4200 11576
3660,13913 12428 7509 13805 9209 6836 9260 1026 630 2808
3661,5881 10033 13922 4794 10005 2284 11024 1263 5201 4023
3662,10863 6725 12885 693 6717 11405 6719 8726 11366 13079
3663,1720 7101 1828 10097 10752 4603 10987 1709 4596 7065
3664,6296 6411 370 794 5717 495 323 2307 793 821
3665,10694 10677 13924 12814 1129 13923 5805 7442 8098 14627
3666,8526 13926 2824 14331 13575 10410 2823 1166 13260 2820
3667,5193 1166 9791 404 2614 3464 2820 403 14712 1532
3668,679 8350 2538 5058 9474 4297 3943 8565 3176 11718
3669,10361 5379 2986 1746 6118 6493 13930 6487 5378 4753
3670,7016 4133 8164 4605 4287 7015 7014 859 4135 10953
3671,3464 2742 1166 2815 2820 14712 2741 1535 404 1165
3672,8338 8343 926 2707 2291 8340 1644 2164 1987 3397
3673,8813 2442 8814 4589 4590 9879 966 9880 12760 7654
3674,5586 8952 3372 10400 4879 2408 2240 5467 3915 10161
3675,2741 12746 11755 13932 13931 14799 12425 2820 2744 13201
3676,7239 9505 5561 13933 4350 4963 4964 6495 5896 4073
3677,1557 10254 7662 13934 2992 10103 10104 12482 13719 1555
3678,1866 7144 4328 3846 10843 1003 4310 3688 12577 4267
3679,6148 6156 6153 6700 6154 6147 3636 6151 6152 6702
3680,11258 2139 1207 9286 5032 7310 2767 10356 14053 10951
3681,3019 13891 8999 45 53 92 14876 11314 8475 7125
3682,1686 476 5544 1984 1831 7768 13935 775 873 2798
3683,3176 951 10566 10968 8567 7373 9024 11364 3177 3178
3684,380 1728 5294 4487 10645 8740 5273 11700 8024 4303
3685,153 10290 2497 2575 8792 4293 12404 715 156 2551
3686,8985 13939 13938 12854 13133 13177 12342 13081 5818 9024
3687,4259 11551 2342 6119 2282 8618 6658 6657 1594 8192
3688,2742 1323 13327 2741 1165 2820 2743 2744 1166 12425
3689,10372 10373 12165 155 10371 10370 156 153 3595 3596
3690,8971 5956 4353 1803 1568 5928 4354 1203 8651 2024
3691,4808 644 10338 6346 645 637 7538 5127 5664 4805
3692,11642 8885 8115 9650 9836 10473 8030 11877 14394 3789
3693,6576 4924 4423 10061 7775 4353 2735 207 4772 9675
3694,1345 12574 12134 11821 1346 5789 7333 7334 3892 9460
3695,13587 13940 9055 15212 92 7124 13890 14876 11314 14578
3696,12809 12577 7144 13177 13078 13938 13080 13741 12459 29
3697,12271 11112 1533 11524 11752 13188 1532 2820 1535 12426
3698,13943 11888 13046 2730 6397 6393 13122 10109 7682 15086
3699,4654 13945 8088 8238 9566 11716 13944 7556 4057 14467
3700,3258 10055 1503 392 7372 1975 6888 6899 9903 11481
3701,10131 11410 5570 529 8710 9767 10731 7685 12472 7748
3702,10992 11889 8443 5248 1379 10818 2869 4413 10099 1719
3703,1615 4801 13692 1114 6476 1616 10468 9682 6619 3878
3704,8536 11099 10819 8538 2372 1711 1710 7095 8537 10627
3705,3055 9480 108 10651 7123 7492 7461 8602 8475 92
3706,13894 380 11574 4940 2705 9492 1206 3344 1053 6726
3707,3043 71 381 12666 2739 10279 7249 3044 4863 5421
3708,11857 8514 13955 3874 4048 12904 7630 6713 4964 4836
3709,5112 2354 13957 15179 11592 12197 12386 3906 6800 13588
3710,8356 4430 378 12716 13958 715 10112 12850 13885 11366
3711,5405 10208 5431 7229 13959 2821 13623 12483 10865 5408
3712,2742 13352 12742 3465 11112 404 2741 1165 2820 1166
3713,9682 8968 7107 9805 12566 6189 6619 13832 5353 908
3714,10008 10009 10548 7646 5775 7527 4792 11204 9648 3603
3715,13191 13961 8114 6183 1700 14885 4962 2008 1846 7940
3716,4962 10490 13841 13191 4753 13208 6544 9344 6494 13829
3717,10714 9103 9104 13962 13392 6262 3671 6170 3878 6781
3718,2865 13845 13846 9695 1942 3541 3088 8966 3540 1893
3719,2741 4516 1534 2742 2820 10208 14084 12425 1166 13189
3720,1758 3181 1684 834 7930 5414 12167 5092 1688 12690
3721,9646 4135 1357 1354 9851 6360 4605 2376 4138 8476
3722,10729 5639 3852 9180 12029 5485 8321 10180 13105 7771
3723,13482 3465 2614 2820 13342 1532 1534 2742 1166 12426
3724,10206 360 4515 2820 2817 12426 2742 4330 1166 2741
3725,13767 7889 6943 13239 9827 7107 7935 6240 7936 12566
3726,2371 1726 6553 7554 9625 9853 7014 7015 9851 6360
3727,8318 7878 12925 12038 12718 5111 1896 1897 12947 9395
3728,5363 8226 12286 5368 6750 10277 5374 8938 5745 8426
3729,13964 13966 13965 13967 13707 13963 6751 6750 5917 5904
3730,13968 8122 4450 8123 15188 13566 8127 8459 14607 8121
3731,8295 12417 13969 13975 6268 13018 10872 8087 6269 9350
3732,5964 13548 13972 13971 13970 5737 13549 13733 13732 13408
3733,6835 12135 8004 1877 7999 4410 6771 5340 5201 6837
3734,13681 13695 576 5358 1225 366 8398 5204 10508 8020
3735,10780 13973 379 1160 7047 3228 8973 9255 1576 4973
3736,13975 13974 13969 12601 2636 4909 2567 13462 9572 13461
3737,2546 10780 9496 9476 2496 9000 3676 61 9320 140
3738,11192 13977 4888 1951 10904 12770 10905 5621 571 10042
3739,8142 12405 67 767 11038 10654 23 15105 12971 9202
3740,4132 6809 8166 8167 10199 5447 10198 7554 7065 2874
3741,4403 9625 10069 10067 7554 3083 10068 2869 10818 12917
3742,13123 6392 13980 13979 13978 13942 3265 6389 13679 12879
3743,7215 5449 7218 1771 10088 7095 2890 7094 2869 1135
3744,12642 4624 7784 3083 11851 3085 1003 12736 6321 3084
3745,1355 2888 1354 1357 2378 2376 9236 2369 11349 2370
3746,11528 13573 8152 12243 3082 4138 13982 13621 1317 7784
3747,2875 12078 2871 12079 2874 9644 9645 9628 7554 402
3748,8160 8152 1721 3693 7222 1776 13573 5129 1317 11119
3749,3843 5447 1826 10199 4416 3416 2876 7554 4414 5687
3750,12661 10067 12663 12662 12079 12078 12664 1317 7554 12073
3751,5863 1011 3415 1828 1862 4331 6733 1863 1825 3413
3752,12929 1719 4138 7057 12349 8541 670 2373 7067 9852
3753,10098 4597 8164 9757 4688 4687 4132 3094 4138 8983
3754,10814 1003 13984 1146 3083 13983 5844 13911 7784 7065
3755,3415 6361 12076 12075 10899 4626 5846 9237 7554 10199
3756,7065 2999 3074 3666 13911 3688 13985 3667 1003 10843
3757,5839 2875 4037 7065 2880 13981 12332 13076 2870 7554
3758,12332 12548 9967 1709 5689 8539 12348 4037 12378 11347
3759,12965 4697 9965 9964 4170 628 6513 14205 6622 7663
3760,9134 5234 9132 2585 9131 9133 3958 5859 9130 2048
3761,9659 1948 11896 10557 13986 8207 1947 7259 9127 14173
3762,13988 12343 13987 11862 8992 11786 14528 7663 8268 3829
3763,8999 53 12810 91 78 45 4426 7111 14578 7120
3764,13990 13989 13308 8111 405 2891 12272 13259 4605 10898
3765,7543 13758 13991 13757 7355 10892 6398 3593 6397 7255
3766,13992 12866 1859 11776 1860 11120 14458 12551 13568 14209
3767,13994 6568 12628 6008 13482 8039 14359 15152 10734 12070
3768,8982 11347 1721 2371 2375 4407 6805 1357 9853 1354
3769,8882 4455 7312 14005 620 2206 8086 11860 613 7306
3770,4596 5686 4688 4132 1136 4687 1143 12376 1146 1145
3771,1522 4697 628 6515 6513 4170 13979 621 3118 9714
3772,6102 13247 6100 9948 13515 13996 13997 9025 9015 12841
3773,13905 13998 4670 1222 5782 14137 7349 7351 10631 7742
3774,1896 9682 4561 5486 6619 6189 10151 9805 12566 13832
3775,11734 4182 133 9197 14001 10982 5053 789 167 1233
3776,13464 13221 11956 10150 12840 15176 6584 14221 7173 8374
3777,14003 7402 12282 9860 3920 4396 13921 256 678 14282
3778,4430 12850 13606 14004 13885 14480 14474 14131 14130 14548
3779,7249 2820 4515 2742 405 2823 1166 2741 1535 12426
3780,11755 13932 8526 14122 1166 2741 13931 405 13334 12426
3781,3464 13701 13235 5998 8906 11524 1330 2815 1166 2820
3782,1300 5978 3559 6126 5213 14005 9241 4023 4973 1263
3783,9340 12764 8811 5753 8480 8069 10790 5096 9773 7726
3784,1946 1896 33 1046 11686 13416 7892 7261 5486 7878
3785,6397 10105 7254 2898 5255 11845 2274 7255 2729 2900
3786,11625 4139 1859 5848 11624 8159 395 4145 9627 12730
3787,6837 12832 3578 12329 7236 9364 8488 7241 3579 529
3788,9179 6184 12962 2982 5617 9650 5177 399 10029 3811
3789,4664 6167 13634 4656 8409 6160 9361 4655 2705 6792
3790,14007 12905 5189 12906 14196 13315 13316 12903 14180 10127
3791,9220 5673 11120 14209 12756 12551 1859 1860 14459 14458
3792,13191 6226 9841 6476 9804 4962 5380 8575 6484 9226
3793,14008 12162 5352 11988 15262 2852 2108 11359 14883 2845
3794,7083 14009 1702 7245 9890 14920 8020 14010 14211 6078
3795,4073 10224 369 8787 5896 4964 6494 4753 9226 7643
3796,673 4039 4138 1719 12349 7065 1354 2373 7067 4132
3797,6705 2883 4134 9192 5876 1011 1779 11352 6707 12643
3798,8093 3896 352 8102 13819 12180 14398 8094 14775 5258
3799,4273 4596 5447 13419 11712 7978 5686 14281 10199 11665
3800,13544 13459 7085 13170 13457 13545 2979 7855 13044 10557
3801,14011 2175 1948 1947 9659 10583 2181 2170 8005 2172
3802,13690 9713 13069 4567 1783 6538 14012 6498 13691 9557
3803,12869 2263 10447 10446 1677 12867 6094 5483 9823 5920
3804,13070 6623 6170 908 2438 9805 6240 2108 2627 3878
3805,9823 5880 2918 7999 1677 14013 13950 12960 5199 5483
3806,12622 6319 10620 5975 3793 3647 7251 10670 5426 7254
3807,9628 9645 7818 6323 1011 2875 7554 2874 2871 9644
3808,6352 2742 1529 2741 2820 2815 1166 1165 1535 3464
3809,13650 13576 11524 8730 405 13332 13651 404 1535 2820
3810,6001 6000 13323 2820 12426 13628 13271 1166 2741 4330
3811,13166 3067 10260 2820 8735 2742 13672 11384 1535 5924
3812,14015 7249 2741 2742 12425 2744 2820 4515 12744 1535
3813,8892 1165 2614 2742 2741 1475 5998 4591 2820 2743
3814,8376 3816 10595 3403 6998 8 12421 9590 14557 2504
3815,1527 10657 5818 13324 11832 13513 8402 2959 1532 2962
3816,13339 14016 13660 3465 5998 13186 2820 1166 6350 7686
3817,1532 2741 2742 11112 2820 12425 1165 2744 1166 4516
3818,7106 1847 13396 4358 2654 7936 1222 1268 6240 10870
3819,12301 6353 2741 2742 12425 2744 2820 4330 4516 12426
3820,11880 1475 1532 5190 11112 8892 2742 4591 1535 2820
3821,1475 11880 12535 12501 8808 13635 8892 5193 4591 10041
3822,8610 14017 7442 11652 10672 10671 9532 13923 5455 9082
3823,6389 1590 12026 8978 13142 13733 9997 2946 11729 13141
3824,748 1443 6813 6636 2138 10469 2928 2781 775 2024
3825,1050 9956 4975 222 3819 10236 3820 3351 1280 4050
3826,11362 9102 14019 1950 11945 14025 12266 12315 2614 3571
3827,14028 11757 8861 14027 5659 2275 9999 8680 5922 9650
3828,2820 1535 11880 1166 11052 13731 11878 3464 12426 405
3829,6520 8575 2798 2321 12779 6476 13892 13365 6622 10810
3830,9824 7536 6396 4272 10109 2137 609 8996 6397 12437
3831,11192 5621 23 1880 1660 10654 2111 8314 5022 328
3832,9179 11406 5126 9650 716 9601 9441 8261 10809 8059
3833,8389 6286 14031 10918 6276 12172 6754 6287 13620 13256
3834,13184 11590 4410 12136 13535 8412 11054 409 7522 12137
3835,9074 3465 13007 2820 13342 12426 1166 1534 2614 2815
3836,2457 5414 4045 4871 11133 5791 661 1195 6033 6104
3837,8671 5299 1738 5528 3552 2448 133 8404 5928 182
3838,11075 6883 9229 10450 9543 12499 13979 8032 6885 9232
3839,3749 5180 14032 6329 12363 9789 6335 3864 10459 2830
3840,10407 6818 14034 11688 9958 13400 6819 11425 11429 14317
3841,956 3852 5485 12029 10907 11354 8210 8321 7806 990
3842,4829 8387 11634 11636 6109 6065 11635 8221 11633 9847
3843,10576 9612 4608 4136 10574 6737 10367 7055 10578 13565
3844,2849 5699 6162 12718 8016 9810 1665 9809 1522 2847
3845,1532 2869 14029 11112 15153 14238 5190 4300 14927 13711
3846,10715 7114 14406 13827 8475 52 14929 14560 15211 81
3847,3404 49 11876 2490 2739 34 2132 10526 2140 3409
3848,1317 14038 12866 11776 13557 4037 4687 3442 3083 10913
3849,10844 10845 12677 12676 14679 13703 13666 62 13000 4954
3850,3667 7078 2891 7065 1003 1007 10843 10750 9537 13111
3851,9784 360 2365 14985 1532 14882 6941 11122 14755 11123
3852,13617 13278 5695 13654 13279 12527 263 9506 1555 6924
3853,4235 3713 6025 2100 3704 7285 3210 9048 1452 8651
3854,12149 4121 6315 6250 3778 6600 11733 9714 1180 8911
3855,384 4393 1409 546 5154 10161 466 2309 375 1702
3856,14033 12355 11961 5909 11501 12902 7259 13691 11967 9557
3857,3996 9824 10108 11293 10109 1896 2420 11708 7432 6849
3858,6510 10205 11849 11841 11840 11839 11842 6513 7605 7606
3859,13641 14040 3428 10253 14087 9393 3427 8009 3429 1119
3860,9435 4445 4443 4444 12636 9452 5279 14540 8400 601
3861,7333 8761 15038 12027 5229 12842 5228 2820 7334 9761
3862,3691 4411 3095 11008 7140 2564 9932 3529 9913 1056
3863,2610 14041 8592 10036 11362 9158 1885 1958 13532 8323
3864,10080 8582 3572 11040 8089 2087 6139 13915 2086 12187
3865,1916 2372 12896 2375 11347 2379 9554 2369 3774 2869
3866,14044 1535 13672 12743 404 1166 2820 405 1525 12426
3867,13914 8638 8629 8628 12290 13381 12293 13361 12292 8624
3868,14046 14045 640 6281 5651 11635 13957 15179 9770 13589
3869,8115 4748 10224 14047 11869 4460 6494 5602 12566 6543
3870,7536 3793 6398 3591 7532 13796 6397 7539 12650 4631
3871,8402 8810 6993 12006 13234 13200 1532 2741 1167 12007
3872,13839 9841 10150 6061 3591 8240 7524 6494 6543 9226
3873,13196 4753 4962 10785 10112 3669 2060 5639 6494 1127
3874,4497 900 102 8677 11142 5338 10021 1781 575 6558
3875,7825 2899 1894 13738 9032 12646 12647 1895 8515 1893
3876,908 6170 6782 7935 13880 6240 9682 6623 4068 6171
3877,9308 7147 6356 12631 4311 15158 9406 14445 15156 12632
3878,13615 10924 13534 7669 7214 13616 7488 13279 9212 2830
3879,8251 10412 4570 2065 1676 3101 7855 10413 7570 10907
3880,12427 7118 11444 7114 14049 7111 7120 8475 7124 78
3881,13715 12622 13696 9973 7934 1874 13887 11911 6251 9387
3882,9841 6253 9842 10122 9226 9225 7629 6494 6623 1840
3883,9607 5299 11258 14054 14053 14052 8747 7730 10359 15032
3884,5163 10050 14055 10784 8870 4045 102 8778 7853 574
3885,3278 862 252 3041 8857 3226 7920 795 1203 1567
3886,14057 14058 10432 1472 13697 11658 6403 12984 11289 14318
3887,5834 5824 4814 3317 3835 1074 8086 5836 3727 5822
3888,6852 14061 14059 273 14060 14062 316 5945 12650 11762
3889,1201 1578 7197 312 2092 6649 3681 1566 4442 546
3890,12186 11441 2614 11899 5998 8631 2820 1532 2742 12114
3891,14063 7310 4821 2324 9249 873 3222 2448 1203 176
3892,9784 2820 8761 12426 1166 14985 1532 1535 404 11123
3893,13387 2683 6854 10255 12009 8423 1510 14064 5782 8116
3894,9074 5328 11942 8698 8386 13002 1882 3482 5326 3568
3895,12263 14065 12519 13279 12926 13068 13280 13278 10253 13616
3896,14066 12967 10979 9772 13063 14018 14781 11680 14797 1288
3897,14067 2630 13646 14536 10981 2629 2628 14943 8131 4148
3898,13225 7964 1011 14069 1862 14202 1863 8423 12009 8116
3899,8543 12091 14071 8363 12999 14076 1742 1883 9015 7909
3900,2287 4274 7809 6944 5793 4275 11733 9823 5199 10829
3901,3296 2080 724 2676 328 1660 11183 2952 8266 12127
3902,7073 14072 3072 3693 14736 12209 11578 1776 5690 9850
3903,14073 12153 1371 1369 9498 6701 5611 2407 5275 3524
3904,14076 9015 14077 14074 14075 13813 12841 13900 1883 12091
3905,2924 2955 11447 5134 5175 8266 9849 4045 6849 5177
3906,12331 9148 11012 323 9251 11836 12034 1994 1203 6033
3907,7218 1777 1317 4134 6705 4037 7095 10072 3442 2881
3908,13361 8739 13306 15167 8736 8737 8734 8733 8735 5929
3909,4406 5140 292 494 7862 12204 1735 4355 1203 323
3910,9472 162 13715 10615 812 6033 8032 466 143 420
3911,13188 404 1475 11524 4516 2820 1535 1166 12426 2741
3912,5215 1074 7914 10666 12766 8446 9051 9933 187 3319
3913,476 10054 488 3284 5414 1387 163 2457 464 2761
3914,6000 2820 12426 1166 13188 6001 13189 13624 1535 405
3915,9818 9821 9819 14080 8587 14081 81 15211 15003 15013
3916,2501 14082 2657 1668 2556 7705 2506 5264 10329 11527
3917,5929 8736 7009 9808 8735 15129 8739 14471 8734 8733
3918,8513 14083 6806 8514 5163 12472 10788 529 6487 12471
3919,2820 12426 13187 2742 8727 1166 13327 2741 3464 405
3920,10679 14084 405 2820 1535 1166 13187 1323 2742 404
3921,14087 14086 14040 5297 13725 5151 14085 1561 14446 1560
3922,6309 13211 3612 11762 3611 5599 13783 2229 8299 9473
3923,13381 12290 12292 12293 12675 12291 12289 12674 12673 12645
3924,405 12509 1528 4516 4330 13331 13651 13308 2820 1535
3925,11200 10456 14071 13399 11426 1544 12265 13400 9959 8363
3926,10423 1616 8425 1615 11588 1613 1605 8864 3698 3704
3927,14088 9055 13587 6106 14988 14989 14990 14991 3062 14558
3928,3677 7751 7750 7752 7749 8832 1475 8334 13336 9892
3929,10909 1351 12286 740 14089 9052 10715 14702 2031 7631
3930,10450 12499 7518 10244 14091 14090 13004 5970 7808 9996
3931,4964 13184 13535 4753 560 11568 4962 1855 4073 5896
3932,318 12640 344 8633 13351 9220 13335 7747 6412 9406
3933,2391 10011 11602 14667 14143 14833 8630 1713 10010 12578
3934,12879 10195 4361 7530 1669 6392 13142 6389 4630 9840
3935,8727 1323 13354 432 2614 13187 2820 9784 1166 12426
3936,14094 14522 577 14496 6218 6826 9499 653 2029 8270
3937,6659 14098 6668 109 10394 14096 14097 10392 6666 14302
3938,12426 13232 2820 13188 1166 1535 4330 405 13189 6001
3939,4551 10715 2203 14100 4753 4962 3089 4964 6494 5896
3940,2742 14015 2820 12994 1535 1166 2741 12426 405 11524
3941,10714 6172 9697 12937 9810 3423 5782 6238 1665 5716
3942,2280 10051 3387 5402 1876 7706 13987 8884 7707 7705
3943,10868 3541 3540 12373 6613 3537 8788 14414 1897 5597
3944,1940 13141 7530 2162 6062 11885 5276 5967 7662 8978
3945,2907 1115 5967 12155 11885 9708 2726 9998 8887 5970
3946,12459 3654 2991 3656 3657 3653 10398 3652 9825 10405
3947,2820 4516 13248 3465 13187 2742 13452 11524 1535 2741
3948,10815 3846 1826 14105 7427 2876 3844 4414 3843 4416
3949,183 427 2553 2104 6901 1334 2532 13124 2551 11481
3950,14108 14210 14984 12668 14264 12206 5219 12875 14827 14933
3951,11773 14109 8358 7721 8359 7172 2050 3490 11147 8357
3952,12293 11186 12675 12673 12290 11630 12104 8211 12292 12291
3953,3016 10369 8671 11174 4943 10227 2024 4757 7696 10602
3954,13885 12850 14131 14130 14480 14474 14923 14548 11366 4430
3955,14112 6165 4601 7651 2439 10810 1665 907 6781 1889
3956,714 3554 2450 4997 4888 7390 1349 10494 1348 9679
3957,10161 14113 7490 5928 3100 504 420 4204 1460 4249
3958,349 205 8795 9223 11815 3754 3755 203 771 10666
3959,3676 14114 10270 8790 5823 9619 7805 5943 6686 3691
3960,9080 4060 1319 1779 6362 1320 4415 6361 9192 2375
3961,1880 7734 7157 3456 3714 82 4635 9913 10017 8690
3962,7250 4399 8225 2182 811 11141 4478 9937 2174 5482
3963,7006 11223 8499 10018 8463 2498 837 7461 9913 2551
3964,13641 12685 12520 10253 12684 14087 1554 13617 13175 2839
3965,7104 2909 13358 14116 7950 6188 5713 4358 7936 6623
3966,902 12892 11782 11684 14118 266 14117 5695 14446 1561
3967,5593 13401 11935 11670 4247 10212 11255 9186 10571 2097
3968,2820 14124 405 3465 1323 12511 13700 13931 1535 2741
3969,2373 11346 4606 10088 7215 4138 1771 11724 11347 1719
3970,4052 7152 506 7776 7907 3538 1086 12543 7697 1943
3971,2563 3459 14125 1018 1090 6889 7758 6900 11030 10546
3972,733 753 6088 11158 1503 4223 11360 4 1203 775
3973,2597 160 11529 2221 6433 689 8172 6128 157 6003
3974,14126 8 1995 3403 154 10370 14208 12793 8591 8382
3975,5229 5452 5615 10124 7684 14127 71 1740 2067 5421
3976,10627 10069 6579 1318 3083 4403 11890 3074 2869 7784
3977,13461 5222 4056 383 13451 4057 4059 13818 2610 2663
3978,5671 1354 5672 3799 1357 1355 2378 2376 11349 2369
3979,10148 8119 2903 2924 13564 13726 5251 12137 11590 2006
3980,2210 10464 1282 3169 6768 10463 8285 8896 9519 7917
3981,726 11405 11403 693 692 14136 6725 8726 11877 11366
3982,14129 2770 11932 11084 8411 2835 10668 7266 1873 8922
3983,5266 12850 13885 11366 14491 14131 5268 14480 8589 14474
3984,11366 13885 12850 10328 14131 14130 14474 14480 14923 14548
3985,11737 11230 1475 8454 14132 8892 10413 4591 8889 8894
3986,5601 5967 9998 4699 6508 13951 9657 6392 9996 5970
3987,3374 5210 7140 8310 630 14080 11150 5056 3902 9038
3988,11873 64 8258 715 4449 2551 10342 6114 86 12514
3989,10480 9920 4024 2551 10213 9913 7734 12514 2546 1918
3990,1172 755 1171 1173 2114 2590 1673 1174 3811 8321
3991,7878 14134 617 8532 12925 7624 8318 12947 5111 12718
3992,1357 11624 2377 4139 4608 5863 1828 4137 1354 4136
3993,1668 1667 7705 7707 2657 7706 4013 10329 6803 11527
3994,13324 13323 1475 1533 1529 8526 4514 12426 2820 2741
3995,9319 1447 7186 6032 770 3033 5724 1439 1199 4222
3996,14137 14136 692 11405 693 11366 8726 6725 13079 14477
3997,3464 8827 13730 2741 14138 13343 404 12426 1166 13189
3998,3662 9203 6532 8306 208 4286 10608 2928 10973 7551
3999,13919 10564 12545 685 14141 1701 14140 2074 12433 9182
4000,1501 5209 3834 137 2474 119 5207 1161 3727 5822
4001,14144 8785 13753 4962 3959 6489 11189 13191 4753 5708
4002,6622 6476 1864 2979 8305 6004 4976 5145 13892 2108
4003,11120 14148 14147 5673 14209 8497 1859 13214 14458 4063
4004,8694 12067 2614 1303 5998 8389 8631 6716 3465 11899
4005,14151 8907 14138 13348 14150 11753 404 2820 1166 12426
4006,10372 10373 155 10371 156 10370 153 3595 3596 152
4007,6186 7574 4948 11912 6782 11227 5157 6779 6484 7572
4008,12456 13046 11895 13023 7532 12957 8126 11978 4631 14235
4009,14153 12748 11218 6537 11219 10701 11471 3665 6298 12536
4010,13738 2899 1894 7825 1895 8515 1893 12647 12646 9032
4011,3482 3481 14155 1882 5331 3568 5327 13002 5332 5326
4012,572 12162 11988 14008 14883 2852 7889 7935 6240 7107
4013,14156 11002 12077 4132 12101 10981 4688 7091 2378 12071
4014,2742 7249 5998 2820 405 4515 2741 1166 1535 12426
4015,7249 1529 405 2820 13187 1535 1166 12426 2814 13578
4016,2614 2742 1166 2820 3464 2741 1165 404 5998 14712
4017,14093 7657 1669 8887 6950 13783 7530 8886 14090 11692
4018,13848 13537 13725 6669 1560 1561 9557 12859 14446 13176
4019,14160 14159 14157 11746 14158 1131 7581 11384 5214 3395
4020,13763 11232 1937 9682 9650 12148 8059 6619 7745 9805
4021,8588 9056 3906 8581 14891 14430 13588 10321 12386 15072
4022,110 14930 14166 7127 7116 12513 7124 91 14824 14555
4023,4164 14114 5538 12019 6063 971 1885 518 8323 5572
4024,4713 14164 6788 11187 12480 2567 9571 8100 4909 6789
4025,1522 6775 6173 11221 1665 9810 5373 6162 6779 14523
4026,5415 8816 9706 2312 7428 10168 2306 9320 61 51
4027,8999 91 14166 4426 14979 14100 53 11185 2203 4429
4028,13725 13537 9557 13690 6669 1560 14085 13848 1561 7259
4029,12486 1561 6669 1560 14446 14085 13537 14086 13725 266
4030,4962 14002 12682 13191 13208 11781 6544 4753 9344 11689
4031,4605 6360 2014 9851 1357 1354 2376 6553 8476 2377
4032,5580 7929 836 546 5154 1646 466 9162 6695 10161
4033,6497 12496 606 13490 12748 621 11219 11218 6537 10701
4034,13726 12439 13643 13642 5288 7940 13023 13551 13741 12522
4035,14167 8786 13389 4171 8785 6626 6750 4170 9365 6488
4036,13333 13187 2742 1324 1323 405 2820 2741 1166 1535
4037,2742 1535 8730 1166 13651 1165 2815 2814 2820 2741
4038,1893 2230 14168 14465 3884 1895 14466 3088 11737 1894
4039,13889 3943 4962 13191 10425 14169 5021 12223 6544 13208
4040,455 7826 14172 13616 10252 14171 10253 11610 12519 13638
4041,2419 6435 14173 11978 13986 14507 14174 9843 6531 3387
4042,14104 2905 6586 14175 9542 13281 3091 2728 10153 2437
4043,2912 7869 6828 13116 13535 13184 1697 13107 8412 13777
4044,12839 12725 11723 8443 7077 10992 10461 7058 12735 2869
4045,8730 1166 1323 13650 13628 2820 3464 1535 405 404
4046,1526 8907 2741 2742 2820 12425 2744 4330 1166 4516
4047,13901 8033 13069 13690 8021 13691 9713 9557 8032 13253
4048,14180 8362 13055 13315 12905 11555 12820 13316 12821 11554
4049,8620 11295 13408 6869 14175 10153 2429 1265 11292 2421
4050,12685 9137 12684 11611 7650 2840 6298 14181 10427 1109
4051,2538 9121 12110 7730 10158 9910 7758 9913 9903 6899
4052,11770 12319 9895 8870 11771 11772 9393 1119 3428 5244
4053,5998 2614 2742 8631 2741 2820 6716 11899 13613 13319
4054,13323 13271 6000 6001 13628 9791 404 3464 1535 4330
4055,12926 14178 6479 8264 12518 13254 11219 3665 6537 12748
4056,9807 11114 9661 7934 6251 12025 3878 900 3265 6162
4057,11226 12242 5367 4137 2379 11225 1721 11347 11224 10953
4058,14185 14190 14192 13417 14187 6943 14188 14189 4708 6486
4059,4379 3609 668 3492 6846 1460 2839 3407 11312 10251
4060,1532 11879 9794 8835 12994 11755 13187 14122 2820 405
4061,13846 12683 14177 13845 14109 1561 13403 2050 3858 12715
4062,7237 12323 2947 13659 2819 13039 10127 14195 5998 2614
4063,9201 14198 14197 14525 14395 5990 1185 5729 5593 14517
4064,13532 1885 12997 1884 8323 13433 13432 5572 1958 14809
4065,14129 11084 5405 11932 2834 8411 2835 7266 2821 14982
4066,14200 3896 352 8093 8102 14398 12180 13819 12870 5258
4067,2600 12868 11405 14136 692 726 693 6725 8726 11366
4068,4766 10962 2807 4115 5540 1404 1028 2781 987 478
4069,12251 5725 10584 12406 2133 14209 3509 12705 5704 2176
4070,14202 14203 14204 14205 7581 14460 6606 5373 14069 8423
4071,5233 3160 12110 13216 8460 11379 7431 11441 2185 9913
4072,13858 10322 12249 12263 12824 12524 9556 12248 4629 6228
4073,14207 1560 6669 12486 13537 1561 13725 14085 4368 14446
4074,14208 10168 9131 14046 692 11405 14136 2306 693 11402
4075,3679 9751 4135 4605 5672 7553 10953 7071 3694 2869
4076,12349 4413 5689 4138 1719 12332 2373 4605 1721 7784
4077,13736 14209 14208 14458 11120 13050 14596 1859 14213 11405
4078,1317 4688 4135 4137 8152 11226 13702 2379 11347 9853
4079,11644 12692 9920 9913 4024 2518 6916 9907 2532 2553
4080,13191 4962 10426 13208 10425 6544 9344 4753 6494 7528
4081,13463 8084 11206 8544 2636 12647 12899 4421 14796 5331
4082,8775 3955 14120 2464 13883 725 6399 12387 14295 10596
4083,14212 14211 415 14448 13167 8020 13736 14009 14214 15227
4084,2651 8020 14213 14209 9749 14494 14214 12757 8477 14458
4085,13771 13767 14215 12142 4629 12248 13141 12524 7380 9835
4086,1323 2820 12426 405 1166 2742 13189 1535 3464 8526
4087,12265 14024 9959 6819 9814 9958 9960 6818 14025 9660
4088,12777 14217 6827 8734 1520 10562 9270 5494 8735 3068
4089,11907 9387 9973 9380 9385 11908 12860 9323 13035 13545
4090,2375 2379 2372 11347 2380 9853 7064 11816 2371 11226
4091,12987 12082 1111 6172 11648 6171 8650 6476 6185 12937
4092,2156 2290 4933 5260 5159 4267 10405 12359 2294 846
4093,4437 14221 9052 10921 3890 8195 5652 14220 9805 13892
4094,11384 5788 11397 7649 11575 7643 1127 7888 6508 14316
4095,13388 75 8587 3063 80 112 7159 4432 8050 15211
4096,1700 6183 2981 8114 14885 13961 1846 2008 908 7568
4097,14224 14223 14222 5757 14483 5516 14429 8737 5513 15163
4098,14226 14225 2869 5673 12551 11120 1859 14209 1860 14458
4099,2839 14065 14171 11610 12611 12519 12525 4373 12520 13096
4100,6477 9213 2731 13460 7649 14227 12881 10337 7643 4753
4101,14209 6331 12188 10121 6327 3395 14458 14596 11120 4652
4102,8603 405 1166 3464 2820 14712 1535 404 13187 2742
4103,13187 13452 4516 13235 8829 8727 2742 2814 2820 1166
4104,7080 9195 10818 1013 4138 11624 13984 11691 7065 1719
4105,14230 13641 12715 12527 14229 11147 12526 13175 9830 1556
4106,7065 3667 9536 7078 4600 10953 1003 1007 2891 10843
4107,12266 9960 13073 14233 8099 12649 14232 12003 8100 2789
4108,1721 7426 4413 7057 4605 9851 10246 4407 1723 1357
4109,12553 1625 14152 14235 8126 6062 12957 7532 13141 13046
4110,7014 14236 4062 7015 14571 12551 14225 8634 5673 4063
4111,8727 14079 2818 1166 3464 9794 6001 6000 2820 2741
4112,10251 6241 6240 6174 9104 8967 14237 11796 908 7936
4113,2742 13005 2820 2823 1535 13187 1166 405 12426 2741
4114,13644 8687 8921 1510 6247 1845 6623 12623 2287 2108
4115,5788 7253 13616 11397 10593 1556 1555 1557 7649 7401
4116,1438 8485 3728 2702 206 2696 12773 3729 3723 2225
4117,14238 11315 14029 8250 692 4300 489 14260 14927 5190
4118,2130 8591 8 10382 10383 3403 3149 11481 10380 9913
4119,14239 2067 2263 692 7109 4470 769 14241 1488 4
4120,4886 5829 890 378 4301 5607 13645 65 2022 13268
4121,5642 3178 3177 1619 10564 7000 131 5787 12005 3176
4122,11405 692 14136 11366 693 6725 8726 13079 14477 8590
4123,443 8823 9884 10232 4568 1589 12698 2122 259 4569
4124,12985 13942 1557 8515 6097 6498 6546 6499 1893 13709
4125,14251 14244 14250 14249 14248 14247 14246 14245 11518 11366
4126,4388 7649 621 7643 628 6613 8788 10868 1127 14414
4127,4507 11252 3483 11251 9409 2011 13684 15218 11022 8525
4128,538 4844 5751 5749 525 6820 536 14808 532 531
4129,7401 9650 12148 7743 11085 1932 7745 13782 9682 7704
4130,2326 171 4364 4774 12163 11803 6859 7327 5928 6198
4131,2665 3564 12268 14041 14600 4058 4056 2663 3011 3010
4132,2156 88 3860 184 12018 9669 7283 5135 4901 798
4133,14253 14254 2465 13524 13525 14358 14357 11579 10058 14318
4134,6905 8884 10125 3396 3387 7809 5904 5917 632 633
4135,7795 10728 3981 7630 14126 10370 10371 8382 10372 156
4136,5142 5794 11993 2327 2938 5801 13560 2781 1520 10579
4137,5502 7021 10236 3820 222 226 6260 5505 3819 4229
4138,8458 4569 14217 8735 3242 10232 3067 10562 4627 10563
4139,6825 6787 46 241 8595 1905 4849 7294 851 10382
4140,139 870 5437 5041 466 1902 12429 8577 4200 1233
4141,14255 9101 6824 13995 14796 9100 5559 7556 13000 5324
4142,3119 3359 9118 9669 3282 10295 4320 186 3380 4987
4143,11119 6542 2869 9664 1776 8151 1721 3079 8982 6738
4144,8848 8850 13713 1709 1711 7427 4607 9645 13712 7554
4145,14257 8077 11163 11963 7739 4651 7658 4665 6795 9558
4146,7910 3903 5952 3899 3901 9041 5056 3902 3900 3898
4147,13193 4257 11139 4489 11706 3038 14258 13194 10930 9833
4148,10001 282 10003 1971 10181 8003 4333 7610 5947 7436
4149,1351 5550 9974 2656 7155 549 10544 8367 9913 8475
4150,4640 164 150 3524 1288 4916 4900 7331 7759 13063
4151,4865 3150 7391 2625 3143 11821 11189 4350 383 3043
4152,14238 489 14260 2750 14029 4300 14927 5190 466 15153
4153,1727 1721 12146 7572 1011 4407 1862 1723 1863 10246
4154,5818 12005 4762 514 4232 170 1980 6031 1203 775
4155,2210 8098 8285 5746 11157 5408 5747 5406 2821 1282
4156,1961 2548 1798 2026 1197 9913 1199 2551 11481 7734
4157,14262 1532 6940 7236 11112 2614 2742 7241 2820 13039
4158,8999 5488 5527 9706 9701 2309 8816 6689 7580 7428
4159,1392 2238 12996 12312 10980 2666 9812 4059 2610 8393
4160,3076 3077 2616 6703 6704 11057 3079 3078 7221 3075
4161,10550 10886 10212 3623 7758 5568 1621 2676 9913 11481
4162,11101 1676 10064 1934 7651 10810 6165 10412 9806 1932
4163,2241 134 385 10432 13130 1507 8397 10809 888 6493
4164,12813 1074 3497 4920 12193 9545 1869 4639 5218 2334
4165,5155 690 4181 3258 1568 4247 1413 2448 4194 1049
4166,14266 4529 4524 4530 11592 8016 11979 1947 3428 10767
4167,7037 1413 466 4861 3960 7845 8568 4396 3596 3595
4168,14267 4036 9951 4035 13982 4037 3442 4138 2880 1011
4169,4498 4312 2672 7977 9991 4474 5325 4186 5294 2673
4170,239 2256 4351 9613 4286 7941 1746 5138 1734 3304
4171,324 6792 4920 5563 11166 9560 9012 8638 4655 6796
4172,257 6094 5920 7359 5199 1263 1467 5650 10446 10447
4173,14268 5226 11366 4576 8454 3116 14396 11630 11253 5225
4174,2984 1177 6613 8788 10868 13644 12373 14414 2846 1897
4175,8474 9427 52 10715 76 15274 10651 78 12810 8475
4176,9645 1011 9752 4139 8000 4607 6347 8847 7554 4599
4177,10820 4856 3720 1297 12200 1620 2411 8521 1622 1617
4178,5563 4656 11371 4655 6792 4657 9560 4664 9361 11166
4179,3348 3602 3834 3909 2076 2075 2077 6263 9772 14066
4180,6046 3740 11751 8129 11713 4143 6970 6973 3115 7137
4181,2347 6041 10303 10532 14273 9069 10274 10586 1203 11758
4182,12069 8714 5723 4032 4031 4029 8295 1686 4717 13063
4183,14136 11402 14208 11405 692 693 6725 8726 13079 11403
4184,6725 9704 4937 12281 693 11405 692 14136 8726 11366
4185,4096 9886 9167 1229 8744 9090 1959 5412 1203 6033
4186,11378 11379 11441 3160 3174 8376 12016 11373 3975 7005
4187,12714 14274 4346 7394 7621 6971 7491 12620 9203 7397
4188,13560 6615 711 7743 6624 7742 704 6622 8862 10489
4189,2804 11368 4660 4663 4653 11370 11369 13022 4662 4650
4190,1831 2525 10137 14271 1984 4894 2798 1832 9160 12531
4191,685 195 6822 6445 169 4771 5755 7239 6034 3206
4192,1215 12162 14206 2108 1491 9563 323 5247 753 6033
4193,1532 8402 14138 11112 2820 2742 404 2741 2614 8827
4194,12549 7831 244 10043 3172 10487 419 709 14282 7247
4195,13725 4458 13537 1560 14085 12486 13848 3877 2263 6145
4196,171 764 964 6198 4862 1684 6641 4468 5928 169
4197,611 488 4953 11333 3576 495 13264 5091 3915 4180
4198,8742 1427 8653 2024 1452 2756 1568 12042 7696 1203
4199,7286 1161 1160 10078 8631 9679 1043 1571 1304 3398
4200,10867 9826 14281 8227 1269 230 3859 2982 13832 10870
4201,2461 2750 839 8391 1397 6411 6965 6216 1203 323
4202,5003 159 2498 7113 10406 13042 14558 11481 52 10820
4203,6805 11347 14283 9173 2379 8982 9853 2375 11816 4743
4204,9912 9911 3138 11848 731 1475 2166 11409 8892 3685
4205,2448 453 3139 775 466 476 879 6033 5549 1203
4206,12440 14286 14209 14285 14458 11120 11318 11319 14596 1859
4207,11170 1408 6645 748 838 2930 1252 775 1203 1439
4208,2826 2764 9439 9518 3748 2825 10762 1086 871 879
4209,467 1423 14287 6216 5057 3222 2765 889 4468 2448
4210,14291 14290 14294 6667 3649 10397 6662 14292 6660 10398
4211,7195 10153 14175 10485 11292 232 6667 10406 3607 7206
4212,1560 13725 14085 6670 8999 12486 11782 14446 1561 6669
4213,2291 4090 9051 7848 10078 10270 2287 2290 7341 846
4214,12513 14295 6399 3021 14930 14427 14558 3955 14868 3498
4215,794 618 5417 6005 971 6063 7633 612 287 769
4216,4426 13587 2326 7115 10602 8653 6148 7124 8475 8050
4217,10731 14154 6129 11410 13856 12587 9945 529 4836 7585
4218,881 14298 3193 2130 5508 2564 12670 546 235 1617
4219,8106 3276 870 3956 14299 1902 466 12429 843 2703
4220,6652 10400 10401 10402 10405 10396 10397 10403 3654 9150
4221,14301 14302 14096 14097 12556 10392 6654 10394 14098 6668
4222,7109 7310 11230 7632 3160 5336 7257 15147 5337 9249
4223,14163 8999 5415 9054 53 78 80 7159 8050 4432
4224,13652 5516 11384 2623 14304 14303 9945 6574 14282 692
4225,9143 7719 6766 15260 13524 14674 6491 7712 14886 9158
4226,3449 9762 12352 10278 14305 8488 12176 10432 5231 3448
4227,4669 4760 3500 2155 63 4031 4965 2106 11481 9913
4228,13587 9054 7124 92 14876 11314 9055 14619 8475 14558
4229,739 14306 9054 14296 7124 15076 14555 11126 15045 7121
4230,2156 14166 9054 78 5335 13912 7124 8999 8587 15211
4231,740 2031 14702 1351 14089 92 15263 13890 11314 14876
4232,9570 2235 7235 7043 138 2709 9448 801 6801 2233
4233,14308 10076 11955 7282 14332 405 5998 8831 2741 13332
4234,1806 32 1026 11969 9906 9902 4601 13741 9903 10342
4235,14312 1418 4223 12403 4739 4175 11666 5049 1203 838
4236,5415 13015 2739 11482 11481 9913 61 66 10375 10382
4237,4359 14313 8527 5010 9085 10746 5619 2856 10002 9846
4238,9266 4494 7773 5567 9904 5233 14100 11646 9913 10715
4239,13481 6086 13480 5471 11047 10839 10838 10837 295 9705
4240,9213 6617 6069 13267 2731 13666 11152 13951 1680 4338
4241,14314 1196 12980 12250 13029 9972 13267 9984 6670 716
4242,13245 13628 13576 13650 13271 2820 404 13128 13323 1166
4243,1533 4514 12426 1323 3465 405 13187 6352 2820 1166
4244,11389 13849 6655 14290 10397 6664 6661 10402 11388 9150
4245,1532 13329 5998 2614 11112 2742 8904 2741 2820 11899
4246,13431 5516 13904 3067 1632 14316 13310 5563 9560 11166
4247,5543 2123 12420 7731 11069 7727 5097 12516 2527 2496
4248,11429 14317 9340 14034 10407 5753 14630 9660 2800 11427
4249,14318 8509 11585 14058 14357 11579 6403 14358 13525 13524
4250,1761 6327 1304 13571 12342 6331 1300 4973 3977 11779
4251,693 14320 14208 692 11403 11366 11405 14136 6725 8726
4252,12195 9508 14321 8976 413 3155 9246 8273 1300 1297
4253,8523 8484 11066 10064 3403 7671 10191 14322 8 707
4254,6023 12855 11917 5748 9340 2958 9773 1233 12918 8621
4255,2957 12918 11480 12666 9024 374 733 2958 5753 5096
4256,8760 14319 7781 13304 8747 7249 11952 14800 11788 3158
4257,6232 14311 13898 13741 12864 12577 13368 13175 10705 4700
4258,11555 14323 11554 13315 8362 13924 10127 12905 2614 13316
4259,14138 8827 14324 12425 13189 2741 14308 7686 2820 2744
4260,1525 1330 14326 1531 11394 1535 13672 1530 11524 2820
4261,4515 8830 1532 3465 2820 13342 4330 1534 12426 2741
4262,13349 2814 4514 3465 13734 12302 1533 9786 2820 1529
4263,8808 14328 13343 5194 12271 6353 14138 8828 13635 1532
4264,11122 9784 2820 13344 2741 11112 10208 6352 2742 1166
4265,11286 2614 13409 14329 12905 5998 13316 14180 14196 4580
4266,13323 2741 14014 2742 12425 13271 2744 2820 13628 12426
4267,3507 14199 11560 13518 9690 9049 8811 11974 5753 75
4268,2614 3465 13578 1529 2820 5998 2814 13342 8631 1534
4269,6352 2614 13578 1529 5998 3465 2820 8631 11899 12426
4270,13332 405 11955 2820 1535 1166 13330 12426 13187 14122
4271,12070 8892 1475 4591 13348 8889 8894 6570 12534 8893
4272,3463 13672 13248 1166 3464 2741 11052 1535 10260 13574
4273,2820 11880 1165 14331 10410 13926 13575 1166 2742 12426
4274,13347 8907 2822 13201 13202 2820 12426 405 1535 4330
4275,13244 13245 13128 13357 1535 12426 404 6000 1166 13576
4276,1166 2743 2742 2820 2741 1165 3464 1535 404 13327
4277,9784 4515 2820 14985 1532 360 2741 2744 6941 6866
4278,405 11753 13661 13203 11051 10411 14332 12500 2820 1166
4279,2614 14323 11555 5998 10127 13924 8631 6716 13613 2742
4280,11112 13319 10508 5998 2614 1532 2742 13320 8631 2741
4281,11112 2743 2741 2742 6996 8892 1535 8730 1165 2820
4282,14007 10127 5998 2614 14180 6716 2742 8631 14196 13613
4283,407 2816 14336 14335 11394 14326 10260 13574 1535 2820
4284,1535 405 2742 2820 1166 2741 13187 11524 404 2815
4285,10679 10963 8906 13330 13931 1323 9791 3464 1166 2820
4286,1165 2742 13629 2743 2741 13352 6353 3465 2820 1166
4287,10410 13575 13260 14331 14122 13926 1535 1525 2820 1166
4288,2820 2741 405 5998 2742 12426 1166 1535 13189 13187
4289,14122 1323 13700 11394 14326 2742 2743 2820 1535 405
4290,11112 2614 1532 5998 2742 8631 13319 12114 11899 7224
4291,3464 1166 13731 13187 1326 2820 405 1535 14712 404
4292,1529 2113 4514 13423 2741 2814 3463 2742 2820 1166
4293,3464 1530 11394 8907 2820 4516 1166 1535 12426 4330
4294,12380 2614 13574 2958 13672 2316 13562 2742 2820 1166
4295,1367 5547 2029 2208 2784 2131 2024 11126 13053 10602
4296,14339 14338 12627 12628 12632 3486 9421 12629 3442 5668
4297,6784 12985 14340 9807 12025 11661 10986 9661 3878 6251
4298,11872 7401 4755 7253 6886 4948 12623 13360 7939 12962
4299,4138 1719 2373 12349 7067 9852 10814 4600 12929 2892
4300,12025 8372 6685 6097 1786 13644 6616 6499 1896 12373
4301,3083 7784 13785 12209 12734 4688 4687 3084 4132 10461
4302,8026 8029 8885 9128 8024 8039 1122 8025 1947 8041
4303,10199 1354 11777 1357 1355 2378 2371 4138 5447 11349
4304,12370 10088 7095 7427 7554 7785 10749 10198 10199 5687
4305,14181 10351 14342 6298 641 10353 6537 12536 6782 13207
4306,1315 3083 12211 7784 6321 10461 4138 1317 3082 4687
4307,13519 12917 4403 1317 2869 8150 4687 4138 4602 4037
4308,11265 576 5782 14064 7625 10255 8423 12048 5783 5781
4309,7436 13258 12891 13698 10413 12890 5947 1225 6290 8322
4310,2930 14344 9688 8176 4963 2230 1747 8794 11654 4965
4311,7427 4599 10992 10461 7077 12735 12725 12209 1320 6847
4312,13557 7702 10911 13212 13556 7014 3486 14762 9307 7015
4313,1011 11537 1862 1863 7819 7427 9195 3085 8477 2618
4314,4403 7215 10992 11120 2869 7064 1318 7096 4599 3845
4315,7427 7498 4402 10199 7554 15049 5687 10935 12942 1011
4316,3980 11949 4437 5421 10706 71 5898 3044 2560 6489
4317,13742 6849 10195 2924 13542 9349 6850 10108 2749 10103
4318,1778 2372 7215 4687 9194 11347 1317 14345 1721 4132
4319,3429 3428 4350 1119 8021 8025 8016 3427 9393 5247
4320,756 2953 14111 8386 6332 5579 9123 7868 3578 9364
4321,12332 11347 10088 7215 10072 4134 2869 6738 1721 6542
4322,691 13214 13215 14721 14443 14575 14201 14148 10561 6581
4323,8542 4461 10990 4145 10994 1709 10627 10991 4743 8982
4324,11347 9850 3083 4687 4132 397 7093 4688 4138 8983
4325,12036 10224 9807 2422 9661 7934 6251 12025 2421 3661
4326,14348 4847 11818 740 8479 1351 14702 2031 10163 14089
4327,5875 11347 7215 14349 14351 1771 14350 5995 1645 2379
4328,14117 1524 13776 10969 13034 3490 135 11246 11775 12846
4329,11249 7714 4373 12527 11248 10253 12519 4731 11620 12528
4330,10627 11099 7095 10991 4743 6804 11000 8982 5846 10990
4331,11218 6537 14206 6163 1592 6623 2108 7625 1127 3878
4332,10388 5782 612 618 11963 7377 9942 6098 287 3878
4333,1360 6231 2840 1947 9659 14352 12486 13176 7259 1948
4334,7242 14353 4447 7241 6724 11219 7571 7401 11284 13039
4335,11840 7168 11842 10658 11841 6510 11839 8891 6513 10011
4336,10216 14354 1028 10217 10219 5195 10218 10764 10316 12194
4337,5686 3003 1136 5857 10751 1145 6847 1146 4596 12376
4338,5288 14356 2274 2729 4582 14355 4589 9880 2196 9879
4339,3075 8167 3083 3079 6704 7221 13270 6703 8166 1003
4340,2820 8906 13660 8727 3465 2742 14084 13327 2741 1166
4341,2891 7217 3667 1007 6363 10750 1003 2869 3666 1704
4342,13604 7506 4567 6226 11964 8070 10269 2161 4932 5756
4343,9309 3555 4196 8704 2761 4483 4821 3258 4824 4235
4344,11626 3667 3666 3074 11892 7065 1007 3688 1003 2891
4345,5625 13823 12831 13080 6095 12832 381 716 554 5624
4346,4607 7057 1719 4138 7067 2373 12349 2869 7426 7784
4347,195 873 7239 5755 2465 13524 14254 11579 8509 14395
4348,1317 6804 13209 10627 10990 13723 12589 4413 4743 10991
4349,8906 3465 14359 2820 13235 13342 1166 2815 2614 2742
4350,12142 7682 6939 13122 11888 6393 14754 13046 15086 5511
4351,5449 2881 6847 7077 13785 1317 2880 8542 10461 10992
4352,3667 10199 4132 4600 11724 2373 7067 4687 12349 4688
4353,5012 14362 14284 8058 2821 13312 12483 217 5042 2197
4354,1354 1136 6364 14363 11099 5672 12728 2372 2378 6360
4355,5795 2058 13305 11019 9199 7688 8210 10121 2059 2060
4356,13763 9650 7745 14002 10870 12623 9999 6685 2108 12566
4357,6729 10432 7544 5355 10490 13841 4386 13715 8032 14006
4358,11665 1837 6240 399 6185 6541 12987 5353 12566 2108
4359,4484 7186 7270 2950 5163 9531 9319 1447 6971 8957
4360,11019 8210 9199 13697 11289 1170 14111 13305 8386 11264
4361,1011 1354 11777 1862 1357 1863 1355 2371 2378 11349
4362,9206 56 1374 2958 13413 9359 5753 5748 9913 10291
4363,6173 10256 10463 1392 2023 13767 285 1895 1893 1894
4364,11632 73 7220 14364 2585 7572 1102 10025 72 2652
4365,11805 11808 2378 4139 5849 9626 10069 5848 1354 395
4366,4172 4527 14109 5354 5907 1125 8231 9857 621 8230
4367,6143 2928 8762 14452 10973 1203 9711 1832 803 3915
4368,5151 2582 5150 11599 14185 11924 4540 4517 3917 4788
4369,1447 12916 344 9278 3739 1735 13335 6812 6032 1203
4370,11115 10052 8144 13696 7529 12351 9806 14886 2991 5372
4371,2379 2375 9853 3072 2372 11347 1010 2380 11816 7064
4372,12985 11983 1174 10644 3854 7251 2284 4932 2287 8784
4373,9100 7009 14010 15133 7556 5929 9797 9101 10429 10428
4374,9796 13307 8095 9759 13 8096 12 15 4565 14684
4375,692 659 11366 14136 11405 693 14477 14491 8726 6725
4376,14367 2597 157 160 6128 5634 8617 9430 14676 173
4377,10985 1506 2428 2790 2750 15144 489 3110 486 8672
4378,3566 9108 10900 2663 3563 4057 8712 10081 4058 4056
4379,14374 14375 14376 9784 2365 15093 13440 4329 9788 9785
4380,4984 2041 10674 3368 7565 5998 7752 2614 2742 11036
4381,14219 7935 14378 10125 5904 9650 5917 632 6086 633
4382,6876 759 775 2781 5731 1207 8383 11794 1203 7516
4383,10958 5555 5294 2588 1254 7006 1018 4866 1733 7124
4384,12007 12008 1168 2814 2742 1323 405 1165 2820 1166
4385,13421 13717 13453 2820 12426 1166 1535 4330 13188 405
4386,4196 3276 2185 9309 2551 3555 4483 6034 761 10342
4387,4709 11417 11416 11412 7640 11415 11411 11413 2164 8457
4388,4591 4515 8732 1535 11899 2820 1166 405 2742 11524
4389,14379 14380 5519 692 11366 14136 693 11405 3951 2661
4390,14382 14129 10060 11084 11932 4772 8411 7266 8922 2835
4391,14383 14384 12081 6228 692 11366 14136 11405 693 9287
4392,14385 5491 3215 6842 3351 14505 6451 1250 14531 11144
4393,4599 7427 10899 1344 11850 1721 2375 7554 10199 2869
4394,4516 2742 1165 1535 10260 1339 2741 2820 1166 11524
4395,2687 2951 14386 13168 10670 13804 541 13806 13807 3333
4396,589 8995 5016 9457 597 3382 590 12002 6865 6856
4397,2814 13672 14326 1535 2815 2742 10260 12743 2741 3463
4398,14389 11405 999 14388 14387 2029 14136 692 726 693
4399,2820 2614 13574 10260 13651 404 1166 1535 12426 2742
4400,3792 9093 7631 4230 463 5544 1187 12019 1203 4212
4401,3943 8140 11809 1270 3260 3263 3813 1311 4585 14845
4402,13067 11208 2793 13066 13064 10082 10431 6755 8899 12618
4403,3134 14393 3895 4298 13930 14955 2678 12020 15099 924
4404,1947 5743 8965 13221 8035 2944 4524 9659 7259 9128
4405,10369 9007 4238 1491 611 801 1966 5552 1203 7696
4406,14395 11035 1633 8300 14254 14358 13525 14357 13524 14253
4407,11599 2582 14185 5151 5150 11924 3917 14568 11925 5906
4408,3811 2519 10673 2551 11481 10342 12514 9913 2802 10375
4409,1572 170 14396 1732 2448 5547 651 8705 2024 1567
4410,3465 360 13327 1532 12742 2742 2820 2741 1166 1165
4411,12290 12291 12674 13381 12292 12293 12675 12289 12673 7376
4412,5264 6850 10272 11964 1679 6226 10269 10271 1681 6479
4413,548 2457 2855 10784 5791 2866 2415 7867 202 775
4414,1532 8904 405 14122 1323 2820 1166 1535 2742 13187
4415,7860 7970 3805 4079 8533 8418 13487 846 14897 2290
4416,9076 9077 12647 8093 8102 14399 8631 9566 12180 3896
4417,14400 2308 46 14423 7153 363 8328 11563 6896 11920
4418,4647 4658 4659 6799 2604 5982 12740 14401 4661 4645
4419,12440 7915 612 618 2448 287 6217 6214 611 10919
4420,645 11406 7049 637 11361 6687 3647 688 1931 6085
4421,1611 4975 3819 10236 222 4050 5427 3820 1280 7369
4422,2614 14079 5998 1532 404 14326 13574 14405 2820 2741
4423,10061 702 7275 6064 9276 12308 2319 7299 12341 5736
4424,10370 2677 46 10371 156 3596 155 153 10372 3595
4425,1216 7325 14406 7121 8999 7135 2951 4427 5056 3902
4426,13166 14217 3067 8735 10562 14407 5929 3068 11384 8734
4427,14410 14409 13101 12961 4034 137 12760 12632 13852 13745
4428,13718 5273 2269 12879 10052 8144 12351 13217 13696 9806
4429,8787 8119 10148 12137 8842 2924 13564 5251 11590 8228
4430,9158 3729 7719 6766 3470 13524 9143 14358 11585 14357
4431,7504 757 1198 879 821 775 1203 770 4180 1233
4432,2219 8270 13877 2094 14413 14399 13484 4345 12624 12625
4433,10843 7065 1136 1146 1145 1003 5686 1143 12376 12378
4434,6506 12987 9810 1665 9809 9477 5373 5518 13205 8116
4435,12557 12038 10868 12482 13719 13934 5492 13941 10103 2183
4436,1403 143 12005 5283 3755 1047 2130 2564 611 170
4437,3540 13979 12959 6613 14414 6547 12373 7804 10868 3541
4438,1028 3180 1397 9244 11230 14415 15199 9245 13831 14524
4439,10259 14416 12504 11261 3651 13813 11597 12410 4840 3716
4440,8907 14308 1323 405 403 404 12426 1166 2820 1535
4441,14417 9131 2291 714 257 7341 1686 11271 2290 12359
4442,3034 10056 1576 11747 1528 1577 14456 8341 379 8336
4443,4350 3308 14419 6178 3309 14675 9802 6791 15146 6176
4444,7166 10000 3086 2050 7165 12931 3644 9395 12693 3087
4445,10517 1686 1732 13048 1198 1661 6328 13435 4080 10472
4446,6392 13117 13123 7356 12437 2425 5255 14420 12194 13779
4447,11283 2741 2742 12425 1165 2744 2820 4516 6350 1166
4448,14423 14422 2699 7527 11238 4456 3524 6477 5246 4465
4449,12779 14424 10163 13570 5519 5520 5518 12497 15177 3951
4450,692 14426 3771 11366 11405 14136 693 6725 8726 13079
4451,13430 5929 8735 14316 11384 3067 14471 15129 15266 1736
4452,8983 4035 1777 12487 4605 1826 2886 12349 4138 4132
4453,3031 8999 14166 1368 13134 14427 5745 8938 10277 5371
4454,2486 14428 13307 6102 8097 1301 2086 9076 9077 13
4455,11405 12669 1475 14136 692 693 726 6725 8726 8892
4456,13807 13805 9306 9208 14120 3333 8581 12689 9260 12875
4457,13000 12963 1886 12612 14164 2636 12311 5559 3561 13995
4458,887 4255 598 4236 10871 5474 4202 2231 1203 3915
4459,4603 5686 1724 2888 4596 3668 7554 6364 7065 12376
4460,2108 10821 6622 4463 6623 2982 6620 6189 8575 10025
4461,10150 14221 13221 10557 14620 13464 10152 9768 1983 3816
4462,6884 12155 5788 7888 11397 6508 7649 6885 7643 11575
4463,10276 2278 6978 6087 2277 2431 7704 876 12019 11090
4464,8890 4927 6493 6451 14434 9995 8517 6718 13355 6725
4465,1277 12152 9554 1916 12771 1276 13784 154 1270 1273
4466,11038 12971 7236 529 12329 13039 7241 6720 11040 12969
4467,9291 10986 7999 10427 10252 8781 13368 12864 13175 10705
4468,7978 11869 10256 230 10488 3859 3862 10867 1269 231
4469,5881 14185 4350 8940 11599 2582 11924 11925 578 14568
4470,14172 14182 265 266 13103 12681 267 14087 13104 12521
4471,5206 8004 2259 1607 10581 5473 6835 6838 7504 8000
4472,13550 14437 11984 8887 4593 11885 14050 8886 5136 4630
4473,12644 12238 1012 11001 11348 10075 11805 7451 1354 8539
4474,13437 6814 1604 7090 7185 6815 13664 1471 5294 3548
4475,5782 7742 13998 14064 5781 10255 9826 5783 10631 7743
4476,14443 14442 7527 2699 14575 14201 6581 14148 13215 2273
4477,1436 5276 2729 3372 3090 2725 2723 2274 11156 6785
4478,11592 12030 6479 4651 4665 7739 11568 1877 4753 6494
4479,4034 12760 14409 137 12761 966 2442 967 4589 9880
4480,740 9106 2031 5108 5107 14702 1351 13838 14089 92
4481,1817 11905 6980 8957 2950 4484 6971 11935 2101 7053
4482,5374 11410 14444 6115 5371 5368 1473 8226 5363 5364
4483,12632 14445 7013 7014 7015 9308 12803 15106 12631 13556
4484,1554 11620 11249 4731 5297 12685 14177 14119 7853 7854
4485,1678 10189 9103 8001 10185 7949 906 4518 2172 9226
4486,11076 9198 1327 8478 12550 6730 9838 1872 5899 1330
4487,11525 8144 10122 4964 12523 12522 1872 5896 9806 4073
4488,3090 4041 12910 5819 4593 7612 5883 2729 8990 808
4489,7749 2170 10973 2928 2178 7752 7750 7751 2172 2173
4490,13015 5415 2739 3960 11482 11718 3471 14560 14851 11045
4491,7526 6667 14289 7533 6658 5114 14915 6657 2282 6666
4492,1578 312 14447 502 2092 664 5023 937 2091 4442
4493,9522 12103 11124 693 630 14448 14205 5759 692 14240
4494,13943 7699 8421 3801 14961 14975 14706 14705 13520 13350
4495,9784 2815 2820 1166 2742 14985 2814 1532 360 404
4496,8103 12649 5222 8099 3349 8100 3318 147 3274 8903
4497,7843 7842 7844 11367 14535 14488 5267 14481 14479 14477
4498,1715 12722 10726 12721 12464 12723 7673 8088 684 8858
4499,3579 9254 3578 876 994 11977 8499 383 6332 385
4500,6978 7704 2431 2432 11656 12138 8842 409 13564 8229
4501,4389 8000 10700 8004 2653 11100 4403 5477 6365 8003
4502,6668 6659 14098 14096 14097 6655 109 10394 6662 6666
4503,8758 11203 5472 14018 10975 13031 14371 12676 12677 11096
4504,11880 7676 726 11405 11877 14512 8726 6725 693 11366
4505,10707 13182 13183 13178 8144 7521 14462 3546 3545 13181
4506,14452 14208 692 626 4966 11366 11405 14136 693 8726
4507,12992 9071 688 13427 9076 10281 9766 11361 9077 5564
4508,8215 12970 12969 1743 14454 9001 14453 12027 12968 14782
4509,14455 14456 14388 12494 14951 14910 14706 8421 8428 15009
4510,12426 405 1323 2742 1535 2820 8727 14457 3464 2741
4511,14458 14209 11120 1859 14596 14213 4063 14494 12756 5673
4512,152 4396 4869 11071 9340 10370 10372 10371 153 3596
4513,5673 14459 11120 1860 12756 12551 4061 14596 2869 15195
4514,13183 14462 14461 11221 14205 14460 13182 6606 5373 14959
4515,9775 13974 12619 4356 14463 1335 5403 9681 2614 2742
4516,495 6155 1440 6427 488 6176 3223 1833 2457 464
4517,10715 7114 14406 13827 8475 52 14929 14560 15211 81
4518,6550 6551 1357 1354 2369 1826 14464 8541 6360 8476
4519,10830 10828 10827 10826 10825 10829 6243 7476 11602 10468
4520,6432 670 4598 672 11808 7554 12657 10087 1143 4398
4521,1706 5857 1353 12378 5688 13185 11850 6806 1704 7427
4522,4776 2220 4772 11193 4774 12280 7266 7989 7725 3386
4523,794 8936 5980 6411 3739 12916 9278 793 1735 6812
4524,11737 14465 12837 14168 14466 3883 3884 13627 8860 9357
4525,14369 14370 9034 14468 11362 5572 12181 4566 10980 8393
4526,2435 14469 13219 11232 2896 11231 2432 1937 2434 13763
4527,9129 8885 9542 2901 2900 3091 6514 13551 7643 13023
4528,7016 7015 10832 2003 7014 954 2092 1578 290 9412
4529,8467 4067 2215 1392 13195 3948 697 578 5347 13729
4530,14208 14136 692 11405 693 8726 6725 13079 11366 11877
4531,6605 14472 149 14523 169 6608 11221 13205 1665 5373
4532,6661 6763 6663 7210 14473 2281 13849 10579 6657 6658
4533,859 11405 11403 6877 692 693 14136 726 11402 11404
4534,13885 12850 11366 14131 14130 14474 14480 14923 14548 7844
4535,13885 12850 14131 14130 14480 14474 14923 14548 11366 4430
4536,14476 12390 14475 14162 8272 15006 13920 2311 1091 14923
4537,13885 10701 2652 3665 12850 11366 6537 12748 11218 11471
4538,9357 12850 13885 14131 14130 14480 14474 14923 14548 11366
4539,13885 11366 12850 7844 692 8590 5268 8726 693 11405
4540,8428 14456 13885 11366 12850 14131 14130 14474 14480 14923
4541,11366 692 8726 11405 693 6725 13079 11631 14486 11877
4542,13885 12850 14131 14130 14480 14474 14923 14548 11366 4430
4543,10200 13511 11366 13885 3898 14478 12850 692 5267 7844
4544,13885 12850 14131 14130 11366 14480 14474 14923 14548 14226
4545,12850 13885 14131 14130 14480 14474 14923 14548 11366 4430
4546,12850 11366 13885 14131 14130 14474 14480 14923 14548 7844
4547,11366 12850 13885 14131 14130 14474 14480 14923 14548 7844
4548,12850 13885 14131 14130 14480 14474 14923 14548 11366 4430
4549,13885 12850 14131 14130 11366 14480 14474 14923 14548 14226
4550,12850 13885 14131 14130 14480 14474 14923 14548 11366 4430
4551,14479 13885 12850 11366 14131 14130 14480 14474 14923 5266
4552,13885 12850 14131 14130 14480 14474 14923 14548 11366 4430
4553,5267 13885 12850 11366 14131 14130 14480 14474 14923 14548
4554,12850 13885 14131 14130 14480 14474 14923 14548 11366 4430
4555,13885 12850 14131 14130 14480 14474 14923 14548 11366 4430
4556,13885 12850 14131 14130 11366 14480 14474 14923 14548 14226
4557,13885 11366 12850 7844 692 8590 5268 8726 693 11405
4558,13885 12850 14131 14130 14480 14474 14923 14548 11366 4430
4559,13885 12850 14131 14130 14480 14474 14923 14548 11366 4430
4560,13885 12850 14131 14130 11366 14480 14474 14923 14548 14226
4561,6196 14482 13025 4028 6270 7110 7847 7109 11366 14484
4562,692 13885 11366 11405 693 14136 8726 6725 8590 13079
4563,11366 12850 13885 14131 14130 14474 14480 14923 14548 7844
4564,8688 12859 13845 12715 13846 13848 12683 263 12236 3858
4565,692 12850 13885 11366 8589 14136 8590 5268 7844 11405
4566,13885 5268 12850 11366 14131 14130 14480 14474 14923 14548
4567,13885 12850 14131 14130 11366 14480 14474 14923 14548 14226
4568,11366 14131 5267 13885 692 14491 14486 11405 14481 7844
4569,11366 12850 13885 7844 5268 8589 692 8590 14131 14491
4570,11366 692 8726 11405 693 6725 13079 11631 14486 11877
4571,13885 12850 14131 14130 11366 14480 14474 14923 14548 14226
4572,14483 4399 14429 8575 12787 366 12850 13885 5757 14223
4573,11273 12632 11366 692 15106 14486 11405 693 6725 8726
4574,14486 5266 14485 11366 14491 14479 14481 5267 692 14165
4575,5267 13885 11366 692 14481 14488 14491 14477 14486 11405
4576,10200 5019 14487 14564 14565 13511 4756 15180 14634 3628
4577,14488 13885 12850 11366 5267 14491 5266 7842 7843 14535
4578,13885 12850 14131 14130 11366 14480 14474 14923 14548 14226
4579,14489 11366 5383 692 14486 693 11405 6725 8726 5267
4580,13885 11366 4412 12850 692 7844 8590 5268 11405 693
4581,5267 12850 13885 11366 14131 14130 14480 14474 14923 14548
4582,692 12850 13885 11366 8589 14136 8590 5268 7844 11405
4583,12850 13885 14480 14130 14131 14923 14474 14548 4430 13878
4584,13885 12850 14131 14130 14480 14474 14923 14548 11366 4430
4585,11366 13885 12850 14131 14130 14474 14480 14923 14548 7844
4586,14492 4532 7719 9143 6766 13903 14674 6491 970 14205
4587,11266 9045 2062 11366 14130 5267 12850 13885 14491 5266
4588,11366 608 14130 13885 202 12850 14131 14474 14480 14923
4589,11366 13885 12850 7844 692 8590 5268 8726 693 11405
4590,681 8042 14131 11366 12850 13885 14130 14474 14480 14923
4591,11366 12850 13885 14131 14130 14474 14480 14923 14548 7844
4592,13885 11608 12850 11366 14131 14130 14480 14474 14923 14548
4593,9307 11273 12850 13885 14762 14480 14130 14131 14923 14474
4594,7527 6785 13885 5267 5266 11366 12850 14491 14486 5268
4595,11366 13885 12850 14131 14130 14474 14480 14923 14548 7844
4596,11366 13885 3815 14137 12850 692 7844 5267 8590 5268
4597,14495 14131 14432 13885 14494 12850 11366 14130 14480 14474
4598,14496 11366 13885 12850 14131 14130 14474 14480 14923 7844
4599,13885 12850 14131 14130 14480 14474 14923 14548 11366 4430
4600,14498 14497 11366 13885 14574 4540 5266 8006 12298 1904
4601,13885 12850 1910 14131 14130 14480 14474 14923 14548 11366
4602,11366 13885 12850 7844 692 8590 5268 8726 693 11405
4603,692 11366 14136 11405 693 6725 8726 13079 14477 14486
4604,14481 14486 11366 4339 14499 692 5267 14477 11631 5266
4605,11366 692 8726 11405 693 6725 13079 11631 14486 11877
4606,13885 11366 12850 7844 692 8590 5268 8726 693 11405
4607,10330 13513 3990 14579 10711 14391 315 13143 14264 5397
4608,12486 14085 1561 266 14446 1560 13725 11782 6669 5297
4609,12850 14500 11366 13885 7844 5268 8590 14491 692 5267
4610,7804 2725 12880 8676 14501 5426 2420 6613 10224 1840
4611,553 5757 12850 13885 14131 14130 14480 14474 14923 11366
4612,14503 6479 607 12466 14502 5707 4170 6226 3070 6513
4613,14131 11366 13885 12850 14474 14130 14480 14226 7844 14923
4614,13885 12850 14131 14130 14480 14474 14923 14548 11366 4430
4615,13885 12850 11366 14131 14130 14474 14480 14923 14548 7844
4616,13885 12850 14504 14131 14130 14480 14474 14923 14548 11366
4617,7855 9830 14279 10986 10941 11896 4753 5788 9324 1558
4618,5267 12850 13885 14506 11366 14131 14130 14480 14474 14923
4619,6623 11912 1510 1864 9805 6170 2108 1845 6484 2438
4620,2823 13187 1166 1535 5998 2742 2820 405 3464 2741
4621,2742 2614 6352 2741 2820 5998 1166 11899 1165 8631
4622,5267 12850 13885 11366 5266 14491 7842 14165 14131 5268
4623,5196 12081 10464 13253 13458 13457 13832 12623 12566 9682
4624,5793 9835 6227 10764 6483 431 14507 11303 14173 4629
4625,3887 13889 4068 2265 14235 238 7940 11177 3665 6494
4626,14508 15177 12338 14860 7937 11820 7110 10871 14407 13780
4627,13227 14509 15191 5972 13228 7913 8268 1039 175 8404
4628,13282 8999 14545 53 91 12810 78 4657 45 14884
4629,14510 4953 990 7017 14458 1577 13414 53 4952 8376
4630,14381 6003 9430 6128 15109 160 8617 5 14676 4738
4631,6982 1337 11873 4933 1269 14511 1748 230 5946 10867
4632,7626 10870 5527 7428 6785 9701 10867 8968 230 5353
4633,14512 2657 726 11405 11877 11366 6725 8726 693 6717
4634,14513 14277 14478 13420 14610 4549 14204 11911 3898 8547
4635,740 14296 7121 15045 15211 8587 81 14702 7124 15003
4636,4016 8182 4074 13649 5853 1646 6192 1203 9711 5972
4637,11367 14165 7844 7842 7843 14486 11366 5268 14491 8590
4638,4382 11367 3536 5026 2836 14432 11030 7844 14165 7842
4639,2210 14514 14166 14979 91 14100 2203 1282 8999 106
4640,10542 14413 13000 14683 1886 13995 14164 14631 1162 2800
4641,14516 10976 3834 10874 10873 10872 1298 12616 7759 9575
4642,4407 9664 1721 8152 3693 1776 1723 11119 6542 10246
4643,8096 9759 13 13307 8095 12 15 4565 14684 13382
4644,14517 3895 7643 7649 1127 10906 7888 14393 7984 5788
4645,11366 14486 692 5266 5267 13079 11631 14477 8726 11405
4646,3462 12713 3629 612 618 287 611 9905 6494 1880
4647,11238 14422 14423 2699 11237 2054 6780 11733 11731 5206
4648,14519 320 10591 5166 278 8131 14898 8135 1032 15067
4649,1617 235 234 1619 1618 1622 1621 1620 1624 611
4650,539 9251 9412 4076 10180 4285 11784 8 3486 14282
4651,5107 7109 13430 3751 5336 7257 13838 14316 5108 9106
4652,5367 13723 7057 560 4137 10992 8164 9751 7065 13621
4653,14156 10981 12101 13646 11002 5431 5036 8669 12071 12134
4654,12297 7251 7210 7867 3855 13408 5973 224 12194 6365
4655,7776 8892 12251 1475 12406 506 7152 10584 4591 4052
4656,14094 14522 577 14095 653 14496 731 6218 6437 10847
4657,2820 3465 12426 1166 13342 1534 13189 13188 1535 404
4658,8244 5485 9830 9323 9324 1558 9999 10986 4309 3852
4659,8727 2742 5998 2817 13327 2741 2614 1165 2820 2743
4660,13324 13271 4515 13628 2820 2741 2744 4330 13323 12426
4661,13660 12426 13187 2818 1166 11524 8830 2820 1535 3464
4662,405 8904 11112 13007 1532 2820 1323 1535 1166 13187
4663,13187 2820 13452 2816 1165 1166 3464 2742 14712 405
4664,14222 11384 5518 14316 14204 5373 15266 13430 3067 10263
4665,6057 6764 9147 12881 3004 12194 12233 1376 2137 12437
4666,14204 4549 14513 14478 13420 14277 11911 6606 14610 5518
4667,11405 13053 11217 14136 692 693 726 6725 8726 11366
4668,13949 14205 7381 14460 11217 8120 21 13948 4960 2915
4669,360 14426 14524 13831 9245 14415 12805 15199 9784 4091
4670,14525 14395 14198 9201 14197 14254 1633 8300 11035 8408
4671,6606 14204 14523 5518 6605 5373 14203 11221 14478 13205
4672,11405 13266 6476 13207 14136 692 693 726 6725 8726
4673,693 14380 14379 11384 692 11405 6725 14136 2661 8726
4674,12013 4757 14526 5552 7696 4262 10920 9306 9299 1478
4675,2591 7663 14528 1181 14527 11786 5016 7664 9964 9965
4676,3801 14530 692 14529 11366 14136 11405 693 8726 6725
4677,1907 14531 5674 13368 10565 14065 11894 12387 12519 14002
4678,173 5216 61 4861 51 8245 2501 5661 9320 140
4679,7581 2591 11289 1181 14157 14159 13697 1170 14158 1131
4680,14448 13167 14212 14211 415 14205 630 693 11124 9522
4681,11366 692 8726 11405 693 6725 13079 11631 14486 11877
4682,7844 2303 1180 11367 7842 7843 14165 626 1170 5268
4683,13272 13756 2425 323 237 9971 10107 6528 5220 6623
4684,6077 2321 11144 14505 14481 1337 15277 14906 15176 2798
4685,3537 12373 10868 3541 6613 3540 8788 14414 1897 5597
4686,12989 8892 7384 13335 1475 344 14334 4591 8894 8889
4687,14532 557 9217 11366 4369 5184 1537 5185 1004 554
4688,2627 6484 12898 6183 1846 6485 1864 5715 1700 8114
4689,8164 1357 4133 4605 5673 4135 1354 9851 6360 9852
4690,1529 2820 12426 1166 13189 13188 1535 2815 3464 2742
4691,13606 7935 14495 5352 14008 4430 6240 10716 13832 13365
4692,10593 10253 10254 14039 7648 8686 12486 12716 13175 263
4693,14534 7863 3993 9339 14275 4351 2927 9341 10943 13191
4694,10818 4133 8164 5673 11120 12551 12756 1860 1859 14209
4695,12577 14311 13741 4700 35 1127 1511 14739 11787 11785
4696,2979 12566 6785 12567 13846 6349 6524 6685 6622 9805
4697,9015 13900 13114 13040 10917 1883 14077 12091 14075 3780
4698,1884 7565 10542 13432 12997 13246 13247 13433 1885 14809
4699,14331 10076 13926 13353 2814 2742 2815 2820 2741 1166
4700,9114 5514 5515 3485 13431 6456 15163 6457 9411 5513
4701,7050 5592 14356 10171 1836 5594 15000 5593 4191 7052
4702,9238 7466 6909 7455 1886 9960 1896 5237 5486 12373
4703,12263 5896 4073 10112 10782 3070 6761 11358 4964 11359
4704,5687 6806 7427 10199 10987 5447 7554 13683 13185 11850
4705,14240 7268 14535 11124 11481 8871 11125 8500 287 13933
4706,14537 14536 12850 13885 14480 14130 14131 11366 14563 14923
4707,924 3771 5369 6329 3770 7984 990 14393 7859 2678
4708,14131 8517 13885 11366 12850 6718 13355 14474 8075 14130
4709,14541 14540 7231 1594 6658 2282 15046 7526 14352 6657
4710,626 9365 8397 6488 8574 7544 9199 10432 5377 5131
4711,14542 5337 5336 14819 7257 14994 1090 14574 6202 15043
4712,12850 12298 13885 14480 14130 14131 14923 14201 14575 14443
4713,13885 14498 12850 11366 14131 14130 14480 14474 14923 14548
4714,6729 9563 14543 14566 9300 14585 4595 5216 10490 14689
4715,9406 14545 13282 3486 9412 9409 8633 13351 14884 318
4716,14538 12850 13885 11366 14474 14131 7264 7844 14480 5268
4717,6553 1721 1357 9851 1354 2376 8476 6360 2378 2369
4718,14538 7264 11341 11366 11405 8726 6725 693 11877 11631
4719,14538 7264 11341 11366 11405 8726 6725 693 11877 11631
4720,13652 11009 11105 13653 9827 1605 8864 14304 2623 14303
4721,11403 11405 14512 726 693 692 14136 11402 6725 11404
4722,726 11405 14512 693 14136 6725 692 11877 8726 11366
4723,9406 14545 13282 3486 9412 9409 8633 13351 14884 318
4724,12850 13885 14480 14130 14131 14923 14474 14548 4430 13878
4725,12850 13885 14480 14130 14131 14923 14474 14548 4430 13878
4726,12850 13885 14480 14130 14131 14923 14474 14548 4430 13878
4727,2957 3500 5751 5753 12918 2958 5750 3403 7798 7164
4728,101 14264 14547 14579 7159 9043 8050 5219 14163 13952
4729,478 14548 149 14923 14130 14131 13885 12850 14474 169
4730,101 1808 14434 12623 8921 7401 4170 175 3746 105
4731,10977 12101 12134 12574 12850 8140 5494 8669 1547 203
4732,58 9013 8050 11737 80 7159 4432 112 14465 9357
4733,10818 1001 2887 12756 1013 5673 11120 15126 15195 13878
4734,14558 14166 78 14557 14556 363 3471 14551 8475 81
4735,4516 1166 2743 1165 2742 2820 3464 2741 1535 404
4736,12850 12134 13885 14480 14130 14131 14923 12574 14474 14548
4737,14490 12321 13885 14417 14142 11217 14470 14674 2101 2097
4738,12426 3465 8828 2820 13342 13188 1534 1166 404 4330
4739,692 14561 11366 14136 11405 693 6725 8726 13079 14477
4740,12481 11055 1173 8997 6537 10863 8921 1172 14181 2086
4741,4465 692 11366 14136 11405 693 8726 6725 13079 14477
4742,1939 9682 2438 1655 5383 5384 8335 2439 11574 3878
4743,7000 14404 5787 5786 12005 11366 3178 3177 12666 6434
4744,12465 14563 13350 13943 13554 14536 14068 7226 10275 9603
4745,5019 4756 14565 14564 10200 13511 13602 14487 15180 3628
4746,13838 14213 10591 14209 5166 5107 14494 278 692 8135
4747,2893 11768 1001 1013 6738 7065 2870 1776 10193 13270
4748,3841 11884 14543 9300 14566 2808 14577 2658 13910 7615
4749,13896 13897 13894 1858 14923 692 12388 15195 13885 14474
4750,383 4497 692 14316 11366 14136 11405 693 6725 8726
4751,14567 6583 692 13058 14241 6044 2013 5853 6582 6581
4752,8454 14268 11630 10679 14161 1527 12509 14633 14740 12347
4753,12339 14569 8250 8956 14238 2263 7841 7809 12338 6303
4754,14570 14241 14316 11384 15060 692 3067 6583 13430 12252
4755,3180 6036 10709 330 6963 8482 4927 1763 6591 6787
4756,2887 8477 5689 14226 14464 13878 15126 12332 7449 14225
4757,14573 8250 692 14572 11366 14136 11405 693 8726 6725
4758,6581 14575 14574 8250 692 14009 14492 12339 11366 11405
4759,13558 8250 692 11366 14136 11405 693 11404 8726 6725
4760,14209 14458 11120 14596 1859 14213 4063 14494 12756 5673
4761,13172 14082 2501 2657 13174 11963 13173 10715 8138 3170
4762,10741 14577 14576 15277 13513 8811 5344 1880 451 1948
4763,12025 2391 11883 9807 14973 3828 2046 3878 9661 1713
4764,14578 53 8999 91 13587 78 4426 7124 92 15013
4765,7944 13192 2230 9341 10653 14344 14168 8176 6750 1893
4766,101 14579 7223 14503 14264 315 13513 5219 14391 7813
4767,10382 10383 8591 10380 131 11481 2325 3149 117 10014
4768,4755 4434 14582 13685 10095 10847 3449 4630 13597 11872
4769,9202 13999 6618 7351 7349 12565 12207 4753 11038 12991
4770,6797 10115 8128 6795 4594 14822 7739 4641 10416 5564
4771,11947 11205 11426 11427 1953 11428 11425 10456 11200 11206
4772,12427 14583 11458 14585 14584 113 11460 14163 13587 14718
4773,10035 5620 5380 1889 9804 3878 2439 221 6485 5383
4774,11622 6181 908 6483 6170 8605 9682 11407 6171 6782
4775,12318 6884 6885 6883 8033 5788 12155 5797 11453 9557
4776,11048 3190 6022 426 14319 8760 1170 1421 6028 8059
4777,4755 14451 5559 14587 1636 10978 13000 12480 3449 14796
4778,12648 7556 10407 10456 11426 14034 11200 11427 13400 13399
4779,5998 13574 2741 9793 2742 12425 2744 1525 12744 2820
4780,7648 12892 8688 263 13654 14039 10593 13403 10254 12859
4781,9852 4605 8164 4133 4135 10953 9751 1719 4138 1357
4782,8136 14281 6476 6520 10870 8575 6622 10810 13892 2108
4783,13726 12216 8410 12215 13642 12439 13643 7643 1127 13536
4784,11781 14365 13653 11177 5923 2627 4068 6476 15197 12682
4785,12092 2636 12612 11206 12311 1886 13000 12963 1997 12316
4786,11366 5226 692 6725 11405 693 8726 5267 14486 13079
4787,14110 9022 12104 14111 12293 12675 10604 12290 6793 11186
4788,13828 2650 6487 6537 12748 4700 12536 13378 6493 11872
4789,12850 13885 14131 14130 14480 14474 14923 14548 11366 4430
4790,13885 11366 12850 7844 692 8590 5268 8726 693 11405
4791,12981 7402 13679 3265 4365 14531 13777 11152 13778 13610
4792,12772 14589 10261 4588 3720 12773 5360 2229 12777 431
4793,1475 11759 8892 4591 8889 8894 2784 1535 2741 13574
4794,5814 8324 5 6003 6128 160 1128 2597 8896 14676
4795,3720 5525 6984 15187 14958 14652 8415 7339 3717 15092
4796,12850 13885 14131 14130 14480 14474 14923 14548 11366 4430
4797,13079 1949 8580 11366 11229 693 8726 11405 6725 343
4798,8590 726 11405 7844 8589 6725 693 8726 5268 11877
4799,11405 14591 14136 692 693 726 6725 8726 11366 13079
4800,2951 5929 4424 13017 13513 8735 14718 14579 315 14391
4801,9106 1605 14592 14821 14822 8864 11731 5108 726 5107
4802,13336 3677 1475 8334 8832 8892 4591 8889 15048 13047
4803,11384 13681 13262 553 6622 13737 13365 366 13885 6109
4804,7941 4351 6004 8305 1108 7863 1734 2256 5138 10277
4805,11877 4074 12838 8832 11880 726 11405 8726 6725 693
4806,9555 13617 12928 3582 2978 14593 12927 12527 12528 13278
4807,5729 2847 14594 6162 6781 6096 14197 6097 1898 6503
4808,10820 4016 6105 8182 13649 11365 11481 14558 52 11188
4809,2152 13435 3542 1686 8533 12359 4080 12233 3112 2290
4810,9106 726 11405 693 14136 692 6725 11877 8726 11366
4811,6719 9106 726 11405 693 14136 6725 692 8726 11366
4812,6474 611 593 10893 1621 3213 7164 235 1618 10385
4813,14301 6654 12556 10392 14302 14097 14096 4997 13429 6660
4814,6687 9655 7689 4169 9650 6187 11406 1852 3672 586
4815,13680 14209 14596 14595 14458 11120 14213 1859 5673 1860
4816,8999 13680 53 14595 91 12810 45 78 4426 10308
4817,14597 1483 13013 1485 11316 13012 1490 1492 1489 1493
4818,12426 405 2822 2614 2742 2820 2741 1166 1535 13187
4819,5998 2742 13327 2741 2614 1165 2743 2744 2820 12425
4820,14598 4550 13417 4151 617 15105 5788 616 6503 4966
4821,5998 3463 3046 1534 2814 14327 8834 3465 2820 2741
4822,8397 5131 8574 6488 9365 626 7544 10432 578 9199
4823,14600 12949 13815 1996 8629 1997 2610 2663 4058 15110
4824,2412 7341 2291 2290 9051 5452 8418 1686 3112 13435
4825,1491 8670 8671 1992 8070 1989 4475 4946 11400 7372
4826,3237 54 1988 11444 2031 47 11440 3021 14702 740
4827,9150 11388 9825 14450 11389 10402 7709 3656 13398 808
4828,589 7765 3678 7832 12163 4418 2321 2542 2309 1499
4829,8020 14214 13736 14009 14211 15169 13050 8525 9749 15170
4830,8798 5415 7158 14603 1496 9913 2551 9320 3409 9898
4831,7324 8802 100 14080 14605 14604 58 8475 15211 8587
4832,14606 12235 10252 5676 5678 10251 14971 10250 10427 8781
4833,6622 7350 7352 13892 2108 7351 366 6189 6620 8575
4834,181 13042 9921 2574 7758 87 9913 6888 5574 9907
4835,3365 1269 14607 476 176 2129 2028 9350 182 6033
4836,989 705 3242 4568 3241 259 12941 10232 4569 5738
4837,14608 9910 14355 977 3663 12762 4088 1537 4087 4582
4838,938 2441 12761 12762 977 9880 12763 3663 966 12760
4839,14223 10266 14610 14222 8737 14483 5757 14429 13420 14513
4840,195 2518 2026 10886 10422 10261 10263 14611 3668 10843
4841,7434 8059 1926 10151 9650 9655 12148 5617 4561 2108
4842,8967 10867 10870 7106 1268 11621 13762 230 1269 6785
4843,142 4942 2229 7831 4246 12347 3033 1686 11758 1203
4844,12786 13233 12380 5194 1166 4330 2742 2741 2817 12006
4845,9315 5313 2562 291 823 1383 4865 12515 2551 3409
4846,9212 230 280 6481 3134 2592 8037 14613 661 10867
4847,1216 821 8074 5512 107 3306 843 8106 1644 5490
4848,1480 12028 6242 13577 5261 4439 5911 7647 546 5154
4849,6572 6570 10790 7389 8071 6569 6571 137 81 2155
4850,488 13603 6339 163 611 6017 744 775 4236 4
4851,12316 3350 1944 11717 11094 10486 11036 3571 2041 11261
4852,786 167 1047 145 2460 215 6575 879 4200 775
4853,14617 3228 379 10780 13973 3968 1576 3967 1160 10664
4854,658 7051 489 462 794 169 686 466 1404 2309
4855,7802 7803 12081 6146 9696 1267 2728 5899 4749 1680
4856,14367 2597 157 160 6128 5634 8617 9430 14676 173
4857,9757 6809 10814 4688 4132 6811 9753 3442 7554 1003
4858,8893 8892 1475 4591 8889 8894 1535 2743 2742 13327
4859,11566 10151 4561 7704 4668 2432 8229 4560 8842 2431
4860,8902 3275 3274 5607 3972 3583 14544 8636 8899 4986
4861,5410 488 3743 11289 1518 8515 12044 13697 1170 1894
4862,12845 651 13264 4085 1993 10484 216 169 6577 2956
4863,14619 3916 1702 2262 788 12421 1409 14618 8475 92
4864,8182 242 578 14621 3407 10893 3214 3956 9913 11481
4865,3510 6467 3475 2041 8602 1910 753 2310 3319 7317
4866,4599 13556 10911 13212 7554 2874 15106 3486 3845 12632
4867,4902 8325 11265 2716 13826 2287 1276 2700 3967 612
4868,13759 7999 1611 1602 14623 4670 3089 3410 4562 2287
4869,14624 9813 12594 5252 12003 13073 9960 13814 12266 13192
4870,10421 3213 12051 3872 3455 611 2061 12568 9913 2551
4871,11878 11110 2822 2814 12426 1535 2820 1166 405 2815
4872,690 9255 4861 1413 1049 9320 61 9028 1404 12197
4873,12311 14076 13611 9015 13000 14075 7909 13813 2636 13614
4874,6108 5289 5338 3547 1053 4871 11328 1881 5294 2673
4875,14626 1365 14625 14640 10197 7259 10194 13799 11419 10196
4876,10484 12845 2956 8408 14854 13018 13132 651 4085 14525
4877,3916 4575 8200 760 1377 9741 9090 4185 4180 4742
4878,12170 14630 14627 12814 14629 3787 14628 2597 7687 13126
4879,14632 5887 8471 5836 5986 6263 8515 1893 6296 5237
4880,8074 634 9706 14297 5488 5490 6689 7428 9701 83
4881,7887 9292 7886 1264 6096 1262 6559 2451 399 10497
4882,7580 794 5488 6411 6689 5490 7357 2307 793 7429
4883,5062 1460 6223 2711 6953 163 7510 3026 1203 775
4884,629 6488 14275 3980 8397 6118 2256 1746 626 6493
4885,14635 5481 7359 4956 8737 7364 3993 8700 7430 9443
4886,14636 5740 2309 11550 3765 10968 2462 7232 873 7233
4887,10834 586 882 14637 1040 9495 10633 10507 10632 10833
4888,14638 11315 11306 14572 14238 8250 14887 13559 692 14029
4889,1282 4850 3500 8195 1905 1333 6896 12016 10564 10382
4890,1572 7388 10760 2332 3192 3153 2337 4319 9457 6865
4891,73 1102 4416 2704 14639 2748 3843 2876 1826 13984
4892,11082 4507 11252 3483 8224 7992 4000 4645 8434 1832
4893,14640 14625 14626 1365 14726 13459 13457 9436 7085 11725
4894,12696 2795 10242 13817 5557 13944 13818 1958 2797 5564
4895,9655 9650 6187 6528 9826 8059 5617 9682 2108 2982
4896,14641 10344 3009 3010 10343 11943 4421 12899 11941 8624
4897,3749 9912 10737 1029 4907 10459 5047 1036 1035 13546
4898,9089 11323 7836 2116 1047 7708 2943 8403 1901 871
4899,14621 611 11483 3214 9913 9320 7164 2958 10893 7230
4900,83 7822 8434 6054 8432 8431 8433 601 7357 10304
4901,7554 7427 10199 2875 9540 1828 11569 3415 5447 4599
4902,224 4120 12652 8898 14611 3759 8879 1424 8140 6975
4903,870 10126 476 4862 10017 2739 228 3811 466 1902
4904,11366 692 14136 11405 693 6725 8726 13079 14477 14486
4905,8035 7986 6482 8751 13069 13691 9128 13162 9126 13690
4906,1660 4419 3945 2952 5022 328 2670 11072 4078 5621
4907,7683 347 323 10181 3930 7763 7996 4801 4083 14282
4908,13017 8572 1489 11316 1488 13012 13013 14718 14979 740
4909,9535 3074 3667 1003 10857 3688 10193 2891 7065 10843
4910,9397 796 7348 4821 1452 6025 10742 3253 1203 1450
4911,188 7371 12433 10547 8724 10915 549 10883 9913 10342
4912,1083 3250 3624 5027 5083 7397 1812 8047 5860 2133
4913,8363 14071 12091 8543 11200 8102 10456 10789 3780 9004
4914,5408 2821 7691 5405 8058 5406 7694 14045 5407 14807
4915,1354 2378 11777 1355 1357 9236 2371 2376 8476 2370
4916,8507 12650 8576 466 13602 3214 14644 10163 4630 3953
4917,4577 8341 5711 7249 12442 7879 7228 11533 8333 11231
4918,3443 3003 12376 1136 4692 5686 1143 1145 12936 12378
4919,7196 7697 162 232 2448 11383 4762 812 7696 323
4920,6595 1474 6383 6380 784 5082 1656 2428 1203 1452
4921,13314 5570 10731 6284 6415 4840 8710 7685 8713 6712
4922,11306 11315 14638 8374 13559 14887 14238 15145 2803 12575
4923,169 2748 12094 10832 2133 1569 5928 1404 149 7697
4924,14646 14645 5780 10441 14304 13919 2439 1889 8298 5385
4925,3510 4236 10840 11481 586 11316 13013 1485 10382 10383
4926,13523 6465 14647 14651 14650 14649 14648 14653 990 7859
4927,4726 1695 1694 6434 2472 2956 118 6522 117 6834
4928,9133 8838 12132 8570 3241 5498 3958 2187 10382 7758
4929,12840 11849 10672 3662 12034 4408 11836 12103 11124 10671
4930,9374 3888 9373 3392 3393 8977 3391 7234 10278 335
4931,645 6823 5866 6477 10599 8836 637 399 11406 5350
4932,10267 6849 578 2924 3984 4350 9349 13542 6489 7783
4933,14654 692 14862 14426 14352 14752 15175 14540 5189 3445
4934,14309 13186 14655 1166 12426 405 6353 13660 1535 2820
4935,11214 13419 5507 14645 14656 8335 2438 8372 5383 9805
4936,13540 2822 13187 3465 2745 2743 2816 2820 1166 12426
4937,3262 12426 2614 1323 13330 2822 13201 13202 2820 405
4938,1535 9786 12426 4516 2814 13425 2822 6866 2820 1166
4939,13628 2741 4515 2744 2742 12425 2820 13271 4330 13324
4940,4605 2614 2820 2743 2742 2822 1326 360 2741 1166
4941,10730 1529 5998 2614 2742 2820 8631 2741 12426 11899
4942,2820 12426 1529 5998 13188 13189 1166 1535 2614 4330
4943,14657 626 1339 4516 12426 11524 1535 2820 1166 404
4944,13330 2614 1529 1323 405 2820 1166 12426 13187 1535
4945,2614 1529 3464 11393 1166 2820 5998 14712 11899 2742
4946,3602 2699 1752 7527 4456 3044 3043 3909 2076 2075
4947,12911 14315 11261 13904 2614 12480 12582 10524 13210 3067
4948,5567 8802 9901 9749 7315 1489 2205 10158 81 15211
4949,8693 12440 5498 1262 1979 12133 9242 7495 1266 5486
4950,2959 235 234 6716 11254 1619 1617 1618 1621 1622
4951,14659 14658 13020 12480 3894 14043 5559 2805 10900 14772
4952,665 1160 3369 1161 379 10245 5149 3398 13577 667
4953,14660 9799 15242 259 924 9533 516 6129 3394 526
4954,11079 2901 5766 6060 14175 6059 5764 10153 3091 9542
4955,12053 506 1943 880 3100 6027 5539 3915 775 5928
4956,10491 14284 14507 13312 14173 13986 14174 14362 10063 9519
4957,3663 1538 14608 938 12762 977 7039 8695 12761 2441
4958,6517 14661 1194 9090 1203 775 4185 462 1452 806
4959,14662 6726 7236 7249 14330 3539 13578 6415 8341 8297
4960,12160 8313 5277 3171 2807 1028 5653 624 3170 686
4961,2352 9693 3192 9253 2952 2249 2078 3297 1660 324
4962,3222 8075 11201 9352 5808 14663 1742 9249 13936 10966
4963,2823 14139 9793 13260 2820 1535 10410 404 13575 13187
4964,12366 14024 10967 6819 13072 14034 8698 11425 2800 9660
4965,8102 8363 10789 12180 14398 8093 5370 5258 352 3896
4966,14666 7276 8133 14667 13077 8210 394 10011 14313 8664
4967,5351 8376 12421 9590 4850 8195 9588 6872 2504 8565
4968,9215 2033 13412 8872 3428 6589 1479 2121 9913 10382
4969,2296 5452 11483 2653 7341 2293 1686 2290 13435 4080
4970,14670 8999 91 53 4426 78 45 12810 4429 8475
4971,10237 1085 1484 10235 8347 3605 11746 1098 4975 5423
4972,1806 5577 4929 1641 481 9903 9911 5549 1640 745
4973,1820 347 1732 502 4479 10166 6825 13722 1233 4200
4974,73 3663 3626 14534 8898 945 967 4305 977 12761
4975,13651 13332 405 2820 13330 1166 11524 14122 404 4330
4976,4818 11461 4817 3110 7723 2809 10275 2936 2758 6022
4977,5788 5287 2108 12159 13951 1896 7172 7878 12373 6494
4978,3222 1734 10787 9249 176 6034 2448 11844 13936 12320
4979,9248 1854 2130 3375 6832 7912 8286 496 6865 2336
4980,7920 10909 1347 3955 6399 12387 14295 10596 7631 8220
4981,4363 467 3510 447 8722 1381 10547 1453 1423 9913
4982,6068 13631 337 9829 6069 12305 10422 5275 1292 4536
4983,2333 134 6679 12097 4497 6504 10432 207 2336 7775
4984,6836 5785 13588 3906 14278 10321 12386 11592 2354 6800
4985,1916 11777 10072 1354 3442 2371 1317 4138 6847 9751
4986,651 3222 216 6577 8201 126 9249 1203 167 323
4987,14671 14672 13956 9172 14673 13488 11577 13935 8833 2552
4988,5255 10936 7217 1011 1773 1353 1704 1774 5856 5870
4989,8555 9976 2710 8056 304 5203 1992 2679 6782 6188
4990,11366 10867 230 692 15119 1269 14486 5267 693 6725
4991,5829 3339 3831 4344 2473 2540 3826 5820 5209 5220
4992,11419 12399 12653 9140 7259 4130 6599 10381 4562 9659
4993,11217 14674 14470 14417 14142 14490 13949 7719 13948 8120
4994,1880 12574 12134 23 12130 1879 1345 275 10292 10965
4995,5299 3222 9314 9068 1574 9469 7310 8705 9249 5549
4996,7400 10305 12185 11904 10571 10301 12191 11935 3992 2773
4997,4063 4062 9853 11120 1769 5846 1011 14209 1859 14458
4998,6244 6785 13640 10716 12566 8136 6476 7950 9805 10870
4999,8815 14676 10077 10340 4988 11609 9457 14675 2484 12336
5000,3272 3271 3270 9931 3273 2794 11481 9903 7758 7118
5001,3549 5145 5790 7416 7415 11589 6477 11074 2988 2989
5002,10626 6432 9851 2372 1778 11808 1357 6360 2375 2371
5003,13236 7108 5685 1712 8680 12913 1146 9646 1354 1136
5004,13666 10845 12677 12676 10844 13703 14679 62 12990 4954
5005,5848 10367 5843 5847 7094 13444 396 1824 4139 4608
5006,2313 2750 611 4848 5016 3909 14680 3602 6681 10893
5007,6110 2011 2010 11251 11252 14681 11368 11370 4663 4660
5008,14064 6540 14265 3425 12472 6171 9826 9806 5782 10255
5009,11188 14145 10084 4053 2593 11365 6105 9004 692 11405
5010,11386 4624 13983 1315 4618 5844 7784 4611 13911 12642
5011,8181 3863 290 1451 5988 11469 3533 8777 3676 4069
5012,12259 6067 1705 14682 5857 2875 7554 2874 1724 1708
5013,780 89 10929 801 3982 7364 8953 476 8039 11870
5014,13904 14684 688 14106 1302 12 8427 10524 2614 9759
5015,1834 3989 12621 14258 5398 1811 11904 5623 235 2097
5016,53 14579 13513 13991 10820 315 14391 14264 5219 14578
5017,13559 14259 1808 14685 8921 4073 10821 9267 8687 12623
5018,8999 7121 15045 14296 8587 15211 81 15003 14306 7124
5019,13692 10951 3069 3072 3071 7571 9803 10481 5151 3070
5020,5210 6786 2227 10798 4977 7139 10095 4979 14534 10508
5021,4313 10591 198 7380 6603 1765 3553 4541 5166 14215
5022,8471 13637 10839 5887 1800 11956 2657 11527 7632 10329
5023,13231 5123 274 13716 5629 686 9811 5916 1992 2601
5024,14687 9511 6582 15192 10957 10560 2634 2635 14310 691
5025,6836 8190 12886 630 6259 798 1499 12967 14984 1500
5026,14689 14688 10384 14984 14928 12206 14108 12875 14827 6581
5027,10715 8999 14690 101 7114 8475 53 45 78 12810
5028,14691 11397 5708 6489 5788 14492 7649 7643 11575 6481
5029,11961 4532 1752 10596 10516 287 1697 12276 466 1404
5030,7229 14693 9486 7244 14539 14694 9244 15199 2111 12483
5031,3969 5950 5612 8953 3963 3455 7176 3191 207 8063
5032,8348 5049 11159 1684 2753 7957 893 3117 1203 323
5033,12134 14696 14697 12574 12850 9564 14847 1518 389 14341
5034,14698 3950 13716 7552 9502 4365 10344 5146 4305 7247
5035,6191 1186 14699 5059 12168 6365 512 149 773 1620
5036,14700 11045 15289 9471 1889 13227 1386 14928 14689 12886
5037,7554 6323 9753 6809 9628 7427 2875 4688 9757 2874
5038,5789 2129 4849 4095 2834 71 2532 3607 9913 7734
5039,10715 8376 14703 2204 106 14100 2031 3021 92 8475
5040,643 2287 12546 13571 2428 4111 9657 641 637 644
5041,8334 1475 405 12426 3677 13336 13346 13232 8832 14662
5042,2075 611 3602 6632 10893 2077 3909 2076 9989 1621
5043,14707 971 3805 14706 8428 7545 1885 944 14975 13521
5044,12340 13838 8250 692 14572 11366 11405 693 14136 8726
5045,7205 12565 9845 14708 9251 9202 12470 7349 441 399
5046,14646 13919 14304 1078 12433 4881 5780 14163 14645 14303
5047,8576 12269 12886 11189 8640 14710 8944 7945 8190 12689
5048,10441 6484 11384 9113 14316 13430 3067 15266 10263 12382
5049,2498 11563 1696 11148 101 8272 15211 81 8587 12065
5050,14136 11405 692 11366 693 6725 8726 13079 14477 8590
5051,11405 14711 1627 14136 692 693 726 6725 8726 11366
5052,14538 12850 12134 8200 13885 11366 14131 14474 7264 7844
5053,2556 11574 6202 14574 8335 5383 14819 1090 14994 14542
5054,14163 8999 53 9043 3063 12810 8050 112 4432 7159
5055,3464 11109 14712 11111 13348 1166 2820 12742 2815 11052
5056,4020 2748 2318 3049 753 6411 794 11360 775 11758
5057,14511 11134 11089 11212 11204 14567 323 4939 8589 8590
5058,9943 9979 3457 5459 13139 6604 10591 14838 745 5778
5059,3002 8042 11895 11894 8031 9198 8730 1535 11893 8405
5060,11671 12668 502 2320 312 6088 14295 5721 5023 7914
5061,58 8050 80 7159 112 4432 11737 9043 5311 14163
5062,7140 2438 2358 2360 113 10664 9367 14669 3534 2357
5063,488 1686 10884 794 3266 775 9250 6870 1203 2798
5064,11717 9374 7 13367 11425 5329 1883 2614 14787 5998
5065,2930 14227 11654 10102 10625 10200 13511 1747 6543 5708
5066,5087 6527 3216 8963 3539 3682 3217 462 1280 3544
5067,11958 3050 3811 3613 3833 363 11333 7385 632 10125
5068,8747 8760 14319 7781 11952 7249 11788 11533 46 426
5069,11303 11129 3753 11144 10764 808 6614 9999 6633 409
5070,2607 7961 7960 3197 10239 102 7250 8885 15004 8973
5071,6327 2059 12200 6331 15127 12188 4047 4652 4594 10684
5072,5161 2409 13690 9557 14715 9713 13069 13691 13284 1783
5073,4359 14416 14440 11137 7857 2830 6333 7938 10961 6328
5074,9088 11466 4075 10642 2111 2927 4669 439 7863 2122
5075,8367 10612 11478 8480 9913 11481 1490 1880 5574 61
5076,14108 14210 12668 14984 10541 12689 7914 14933 1287 12886
5077,486 2428 2790 2750 4541 489 3110 6603 4817 7038
5078,7396 13235 12426 2820 1166 1535 13189 404 13188 2742
5079,14717 6493 6505 14716 5788 5379 6495 4700 6494 6487
5080,8780 13513 1670 14036 14718 13017 14579 15277 14391 12061
5081,10346 13485 6754 2811 7347 7224 4751 13612 6712 7685
5082,11586 14413 2800 9660 14024 11429 11945 13000 14630 11688
5083,1058 3903 692 11366 14136 11256 11405 693 5056 3901
5084,12675 12292 12293 12290 13381 12291 12289 12673 12674 6792
5085,7971 7453 3542 8303 4210 1017 1737 7454 1036 1035
5086,14721 1028 1351 14720 7967 14719 13947 4671 15018 14089
5087,13666 11355 11988 10254 12683 265 10593 14039 10253 13638
5088,8166 2399 10461 8167 7784 3083 12209 1003 9194 10992
5089,10027 9661 7934 9807 12858 10982 1178 6251 12025 3878
5090,13779 14109 2050 13777 13778 10869 13678 2728 13610 12981
5091,7853 14722 7855 7854 7639 13419 13457 4130 6515 6476
5092,14723 7712 2726 14724 10229 13839 13942 7952 7019 7713
5093,13776 12846 7107 10027 14725 10969 11490 10219 8968 9682
5094,14726 14640 9436 13457 13459 7085 13544 13170 13458 6622
5095,13796 2992 14728 10104 7471 14727 6397 12650 10103 8507
5096,6503 14598 4151 4550 13417 8206 274 8209 8207 8205
5097,14410 12961 13101 15106 14409 15235 12632 15209 14445 9667
5098,14173 3387 14507 13986 14174 5402 9867 6978 5908 10781
5099,14174 14507 14173 13986 8218 9843 13760 7522 6978 8843
5100,13950 231 7107 230 10257 7940 5157 10027 7568 10867
5101,5387 13254 13502 13509 13493 4551 13501 5390 13492 13508
5102,9718 14721 691 9264 8716 9938 1550 10957 9511 6582
5103,12055 798 12682 12981 4645 4658 4659 4647 4661 4648
5104,14437 1784 2434 2436 3798 8229 13769 2430 10145 9116
5105,11346 7057 11724 4138 2373 1719 4687 4413 12349 9851
5106,12159 11249 11620 7801 14161 9857 4731 6069 14177 12973
5107,2959 5818 9024 13081 12854 10657 2958 10679 5748 12509
5108,11984 10244 13396 8 10116 12588 3535 1122 3428 9393
5109,6614 14731 14730 9555 13617 9999 9506 6924 7653 14028
5110,12037 7302 8125 1269 13391 14637 12694 13692 12496 12249
5111,5729 9828 6607 5759 14733 3469 5905 4709 908 12566
5112,14725 13116 11312 12520 13845 3858 12846 13776 7107 13719
5113,3077 7222 1863 1011 1862 6703 3079 6704 3078 1721
5114,12219 13705 678 3789 4404 8256 282 3886 3072 6475
5115,13418 12389 4706 13777 14169 5124 12827 12926 13778 11989
5116,1846 6173 6490 10714 5716 13962 8649 12928 908 13170
5117,3977 9 13571 4973 1304 1300 213 12342 1609 4998
5118,9308 2998 1321 6356 2996 2997 1320 6363 12631 4604
5119,13988 230 3862 7568 231 13950 5614 3753 3859 10867
5120,11486 14735 9050 676 10 8836 5789 4965 3948 10432
5121,3667 7065 3688 1003 3074 10843 1007 3666 2891 10750
5122,2379 2375 7095 9850 3667 9853 1001 8982 11347 7065
5123,4141 1355 1358 1354 9236 3416 11778 2999 1357 2378
5124,5193 3464 1532 2816 2947 13351 11899 1166 2820 14712
5125,2372 12332 14736 11347 2869 5689 3072 11598 2375 9968
5126,14737 10156 4275 4274 13119 9823 14738 12424 14724 13564
5127,1204 585 873 466 6033 9849 2763 775 323 3195
5128,8167 12209 9194 2874 10461 7554 7065 2875 1320 2869
5129,1001 7062 9640 2370 2371 2374 1013 3674 1354 13792
5130,11777 2371 2375 2374 2370 1354 1778 6361 4142 1140
5131,1777 1012 9640 1008 6705 4134 6707 1779 12643 9194
5132,13683 7784 7093 3083 10818 1357 2371 1003 1354 4138
5133,4693 4687 1011 11387 4132 4688 4138 7092 1862 2869
5134,943 3435 14739 952 6772 6773 934 3432 3431 3430
5135,14105 3843 11382 1826 4416 2876 3844 10556 3845 10627
5136,7554 6806 5447 6555 10199 7427 2875 2874 4599 9628
5137,10115 10416 7179 13560 14822 6797 10489 7180 711 6615
5138,2351 3589 5097 6062 4327 14096 2281 5096 8512 14473
5139,404 2820 11122 1532 11121 1166 3464 1535 403 12426
5140,1146 1136 7215 4596 1145 5686 1143 11056 12376 1154
5141,6660 14099 4276 6666 3988 3653 3652 6653 7253 7401
5142,9308 12079 12078 2871 9628 402 2875 12073 6356 9644
5143,6244 9682 12082 6476 9805 6785 6619 6189 8575 10716
5144,13768 6332 7869 10108 13119 764 7432 725 13542 2924
5145,2821 8058 10387 12483 14284 5405 5408 7229 14807 14045
5146,6284 2086 14744 5570 6712 12187 12904 10731 11039 9558
5147,12933 5673 7215 7057 5845 2869 14459 5846 6804 1860
5148,4035 14745 4037 2880 4039 4036 1317 13380 3442 8645
5149,14748 14747 14749 14746 12807 12942 10570 10568 7077 10569
5150,10073 1316 4036 10817 1344 13982 673 13426 3442 4037
5151,2428 13571 643 12546 4111 2287 9657 11961 3069 1577
5152,101 105 13136 10774 14898 14088 6760 11442 4424 15013
5153,10246 14751 12376 1011 7817 4407 9625 9851 7554 1721
5154,9195 11724 4403 4138 13984 2869 1354 4599 4402 12917
5155,11490 11245 12846 14365 6090 13776 11491 10219 10833 10834
5156,10110 10316 13760 1872 3639 13408 9843 8218 409 13407
5157,14062 2730 3091 2896 2905 2900 2729 11729 2895 5157
5158,6614 12833 2581 7913 5467 2927 5468 9999 9506 2675
5159,13573 4138 1354 1003 1357 13111 12349 2378 2373 10843
5160,14752 14352 14540 15175 14654 14426 7264 5189 8434 4443
5161,5399 1933 12892 12520 12300 13403 6846 5491 13116 12685
5162,8477 4063 8708 2875 7015 1146 7014 10953 2874 9852
5163,14723 7952 14527 1181 13121 14754 275 5614 2591 5016
5164,1317 1777 7426 2996 11724 3083 10461 8167 12349 2373
5165,4851 7936 1837 1222 4358 1847 6240 7940 5157 6187
5166,8135 14281 11712 13419 7978 8227 11665 10023 8409 13832
5167,11620 12520 13617 12528 12527 13278 9555 11249 6069 13641
5168,14752 14352 15175 14540 14654 7264 14426 5189 10560 3445
5169,1002 9173 3083 8932 1001 7784 1013 1354 10461 1357
5170,10293 67 12764 8811 9340 2270 11916 7726 8817 3501
5171,10035 8025 5244 11357 5243 3428 10535 5620 9392 11358
5172,12503 14756 14707 14755 13350 11046 10160 12507 12510 12506
5173,1914 9665 1917 5671 4608 5669 1915 4136 9662 6552
5174,9124 11660 13881 6330 2017 11256 2925 8386 13880 995
5175,9950 9952 1344 8382 9951 9948 9949 13834 12378 3669
5176,2858 12379 7410 3993 2856 953 5982 11285 6939 683
5177,13548 6589 7532 1479 4631 5737 5964 13549 12650 7539
5178,6048 11589 1547 1545 5507 3120 8678 203 2054 1546
5179,3429 1119 8016 3428 8021 9393 5248 9394 1122 5244
5180,9784 2614 4515 8526 1532 1323 2820 2742 8904 2741
5181,10104 5975 13667 12985 10103 2992 1784 7662 12482 13719
5182,12892 12682 1561 6748 12486 13403 14446 6669 11781 266
5183,9624 10087 4132 8477 4688 4687 14759 14758 4138 2869
5184,9127 9659 14394 1947 7259 1948 8885 8035 9128 9126
5185,5687 2618 11107 10199 7427 5447 1011 2870 10899 2619
5186,13557 3486 9307 14764 10911 13556 14763 7014 13212 9412
5187,1011 6360 12895 1862 9851 1357 1863 2371 9853 2377
5188,1498 315 5219 1500 14579 14264 13513 14391 1499 8579
5189,14023 8593 2665 7321 8216 13814 2746 4755 8215 1635
5190,13318 12328 14664 5563 14658 6792 15166 14024 11197 6099
5191,12740 12495 6940 1630 8825 5349 3804 1631 4651 3451
5192,12311 13995 13000 14796 2636 14255 1886 5559 9101 12612
5193,14768 14766 12317 14767 6063 4554 10258 9891 5688 12107
5194,14769 14770 10695 13019 9558 10085 3896 6269 4594 14781
5195,3994 14665 8757 12274 12182 14658 6099 14451 13020 9012
5196,6136 13003 6139 7563 7309 6137 8582 10080 13067 8089
5197,14774 8696 8040 2382 1645 12165 14282 11415 429 5699
5198,11943 13032 10343 14641 1294 11029 10592 1293 1633 8003
5199,10666 337 13714 12305 3188 5275 11732 13066 3755 11815
5200,6576 4766 11429 14617 7248 14664 12328 14024 14317 14658
5201,13019 9575 9572 4909 11095 14775 4654 14781 12619 7443
5202,10696 14775 13019 4654 13945 14467 14769 11716 11281 6268
5203,10696 9077 8487 9076 3012 13945 4654 13019 12314 14467
5204,11038 134 12187 13402 11040 11042 11039 11004 2086 8585
5205,13816 14776 6672 5564 9559 9354 6679 2795 13528 11858
5206,13944 4056 4058 2665 4057 2663 14041 4059 1635 14600
5207,11163 11717 2614 14023 1161 9374 1884 12311 3571 12104
5208,8594 12092 1997 13818 1996 2668 4058 7444 1998 12949
5209,14370 5328 5330 5329 5326 3482 9034 12184 1882 3568
5210,14600 1130 8814 7565 12003 2665 4058 8813 14041 12949
5211,12480 8487 6824 5324 11365 12288 8072 8825 1743 11188
5212,5254 1298 12314 13 8096 9759 12 13740 13307 15
5213,3380 13461 14587 14779 10978 10872 2480 9118 13462 3301
5214,8211 6268 13927 14019 9112 14658 5556 4657 4655 4656
5215,13740 13 11427 12 9759 8096 12314 13307 13382 4565
5216,14454 1883 8631 2614 5998 9015 11899 7909 3780 9026
5217,13975 10975 9573 8903 13461 14781 13462 186 12310 14779
5218,13019 14781 14066 14769 14770 9573 4654 10696 14775 14467
5219,12614 13114 6139 14780 4713 11096 12619 6136 9575 4981
5220,13247 1884 13432 13433 12997 13246 13532 14809 1885 8323
5221,14782 2795 5564 13816 9559 9354 4641 13427 11858 12696
5222,14453 9001 1743 12093 12969 1128 8215 12970 14454 12274
5223,14783 1883 9015 13900 8363 12091 3780 10917 14076 14075
5224,2086 14784 9077 9076 3012 11039 12187 8585 3563 10980
5225,4643 9083 5565 4642 4644 4647 4645 4646 4648 4658
5226,11187 5407 13929 12997 1884 14785 3330 14392 13246 13433
5227,6099 13433 12997 1884 13532 13432 14809 13246 1885 5572
5228,4064 2664 14026 8095 13307 5326 5328 9759 13 3568
5229,6333 2830 13567 7857 7938 2831 11201 10961 5346 12363
5230,5258 8102 14373 12180 8093 14398 352 3896 8100 8099
5231,5024 10497 1369 1082 5413 186 2510 3368 1370 4891
5232,9576 10874 3831 10873 7759 10872 3339 4344 3826 2540
5233,5253 293 13954 6716 14985 11254 9032 9407 5732 4398
5234,14454 12968 12969 12970 9001 1743 12971 14453 8215 2663
5235,7443 4718 13780 13720 13383 12601 8617 14035 11096 5634
5236,14779 10872 13974 10873 10874 13461 12619 9027 2567 9575
5237,11284 7746 14377 13900 14392 8416 1475 14783 8892 13144
5238,13527 10918 13399 12998 14789 3896 10456 12104 6818 3897
5239,3568 5328 5327 3482 8631 7562 5326 1882 5332 5329
5240,9575 11095 13822 2795 9079 12619 13720 1636 8544 12646
5241,8488 13612 13614 7347 7188 13613 12172 13611 13296 8278
5242,14772 12182 12274 4643 2805 13020 8757 4642 5565 6796
5243,12618 9576 11191 12999 13067 8899 9575 9348 10874 12091
5244,4594 6795 9558 11209 9111 12624 12625 9110 4652 4641
5245,14515 14233 12094 10978 11096 12203 14780 13780 7759 3571
5246,14089 1351 740 636 9052 14702 2031 10715 7258 15263
5247,13781 12331 14018 9708 8759 8100 8099 12619 11211 14798
5248,13304 9353 13529 9772 6139 7781 12614 4713 14066 8899
5249,14794 9184 6373 232 5679 9328 10605 12673 12983 2809
5250,14787 13099 5377 615 626 9365 7544 11425 13118 7
5251,14795 6101 12274 8757 12182 14233 14781 14066 7444 10980
5252,11096 14369 3480 8646 14780 8901 14370 14791 13780 13720
5253,12647 11206 14796 8544 2636 13995 2989 5559 12645 13099
5254,11210 14128 6115 5374 5371 5368 5364 9111 11209 9110
5255,9575 14515 8101 1074 14797 7443 12614 13063 5836 14372
5256,4714 12601 11202 4718 7443 12602 13969 3558 4909 4716
5257,2636 8545 12316 8544 11206 12311 3561 12612 11261 5559
5258,13608 13432 12182 12274 8757 2805 13433 1884 13609 12288
5259,2789 12648 13946 6101 9348 7556 13073 10456 7759 10696
5260,5332 6 6788 3482 11268 5331 2567 6789 7701 11428
5261,2567 13974 4909 4910 6788 14779 10872 12601 4638 14413
5262,14399 9896 3113 6094 5349 4834 10058 2833 3651 7687
5263,8634 5565 4644 4642 4643 4647 4645 4648 4646 4658
5264,783 13486 8759 12619 12066 2792 11543 12431 6139 13063
5265,6102 6101 13946 6100 6099 9948 13996 7556 9566 1883
5266,2611 2612 2610 2613 4059 8632 8629 4058 2666 14600
5267,13059 404 1166 3464 2820 1535 403 14712 405 2742
5268,13731 1529 2614 5998 2820 8631 11899 1166 3465 3464
5269,3465 2614 1323 5998 2820 8904 1532 8631 2742 13342
5270,13326 14079 12747 14457 2614 1532 4515 405 2742 2820
5271,13052 14053 405 13708 11112 5998 1532 2820 2614 1535
5272,5998 2614 1880 10730 2739 407 13650 13628 1166 12426
5273,14326 4330 1325 13323 1165 1535 2820 1166 2742 2741
5274,12826 405 11403 2820 13187 1535 1166 11404 11402 1323
5275,8731 2614 14800 7249 5998 13578 2820 6415 8631 3465
5276,1535 6113 1475 8892 405 13186 1166 2820 3464 2742
5277,8526 12426 1165 13524 2817 8727 1166 2820 3464 2742
5278,6489 11899 2814 14801 1525 9784 12426 14122 1166 1535
5279,1165 6989 11112 2742 1532 2741 2820 1166 2743 13327
5280,6351 2822 13201 405 11112 1532 2820 1535 2742 1166
5281,9784 1165 2743 2741 2742 2820 13327 1166 2744 12425
5282,13202 2822 1529 13518 13232 8907 2820 1535 1166 405
5283,2822 1323 2614 13352 3465 2820 5998 12426 405 2742
5284,14599 6352 13346 12426 13005 11051 13347 2820 1535 4330
5285,14308 13730 8831 14802 14124 9115 6350 13245 13244 2820
5286,13327 2816 2614 1166 8641 8732 2820 2742 3464 2741
5287,5998 1532 2742 2614 2741 11112 2820 1165 1166 11899
5288,5998 1527 7917 2959 13315 12905 2614 13316 14180 11555
5289,2742 13661 12742 2820 2741 1166 1535 1165 13327 2815
5290,13235 2742 1165 13325 13659 10160 11046 13327 2741 2820
5291,8301 11899 405 1532 2820 1165 1166 2742 1535 2741
5292,12426 1165 13625 2820 404 1166 9791 403 3464 1535
5293,2742 1532 2741 11112 1165 2820 1166 13353 13327 404
5294,13717 1165 9791 2743 13187 2742 12426 404 2820 1166
5295,13187 1535 8730 404 5998 1166 405 2820 12426 11524
5296,1166 6416 1165 2741 4515 2742 2820 3464 404 1535
5297,11822 4514 14803 4791 12070 11111 6990 9784 4329 9788
5298,6416 2741 5998 2742 2614 2820 11899 4516 2815 14084
5299,1532 9794 405 13188 12426 404 1166 1535 2820 3464
5300,14327 10260 13727 14804 8828 1535 13672 3465 2742 12426
5301,2820 4516 1475 2742 12426 1166 1535 2741 13189 3464
5302,1532 405 2835 12425 13336 9784 2820 2741 2742 1166
5303,11555 10056 13315 12854 14805 8362 11231 12820 12905 11554
5304,13333 9784 2741 11112 14806 1475 1532 2742 2820 1535
5305,2741 2742 12425 2744 1165 2820 13189 1166 13327 4516
5306,2741 12425 2744 2742 13327 1165 10206 4515 2820 2743
5307,5998 1529 12426 4516 2741 2820 2742 13189 7396 1166
5308,14807 1323 13562 1168 405 2820 1166 1535 12426 13187
5309,1532 11754 12426 13188 8828 2820 4330 404 1535 13189
5310,11555 8362 13315 12905 12906 11554 12820 13316 14180 12903
5311,2744 2741 6352 12425 2742 4515 2820 4330 10206 12426
5312,13834 12748 11219 11218 8057 10062 7045 11041 6537 10701
5313,538 4840 14808 2811 536 4844 6820 525 529 531
5314,538 14808 536 529 6820 4844 525 531 530 532
5315,11288 11355 12885 7986 7987 12035 6482 10863 5395 4352
5316,14809 14045 6789 919 12997 13433 7824 13432 13246 13532
5317,13593 12885 7208 10092 7209 8149 8147 8376 11270 6725
5318,4844 9656 538 536 578 6820 14808 525 531 532
5319,14007 10127 5998 2614 14180 6716 2742 8631 14196 13613
5320,5325 9467 12822 10432 5744 10211 11069 11953 6679 5378
5321,12667 10175 3403 11919 1383 1995 5809 9094 9913 11481
5322,2614 14196 12905 13316 5998 14180 12906 11554 14007 11555
5323,8110 14590 2614 3551 8108 5998 2742 6120 3465 1532
5324,5998 11098 12821 13409 12820 14330 14180 14195 2614 13316
5325,5036 3771 3770 2786 8635 3324 2221 10655 134 7984
5326,234 235 2556 1622 1621 11563 1618 1617 1619 1620
5327,11790 5177 10180 12961 12962 9667 14322 7671 8484 11066
5328,7486 6129 12823 9533 12278 11098 14154 15036 10059 2042
5329,11871 5615 4753 11397 6544 6231 4965 1673 994 4350
5330,2614 14180 5998 8631 6716 13613 7224 11899 12323 12114
5331,13989 8111 13308 13990 405 12272 10898 13259 10064 13932
5332,14811 2820 12426 1166 404 2742 13189 1535 13188 405
5333,6380 985 1575 2764 6342 3372 7697 6383 6575 6028
5334,14813 5208 14814 5220 3831 4431 11058 10738 1649 3319
5335,6224 14818 7735 4649 3657 7131 14817 14816 12992 9559
5336,14540 7231 14541 8075 5634 1400 14352 14752 15175 14426
5337,9620 8047 14819 1935 10494 14574 1930 7621 7689 14994
5338,10407 14034 14317 11429 13400 14024 11426 9958 13072 6819
5339,6103 6152 8518 11132 7996 11862 6838 7809 7808 8002
5340,8940 548 6264 2457 4497 10784 4350 3605 2855 51
5341,476 3391 3882 7687 6958 3100 1280 6428 4080 846
5342,14307 10715 92 14703 2204 740 52 13890 11314 14876
5343,1297 3891 6210 8867 7837 4045 12475 516 10277 15092
5344,11049 14709 7945 12886 7943 11189 8944 11865 12269 8640
5345,14820 8186 10340 3127 545 10234 2080 7989 5947 687
5346,482 7863 5088 8522 178 2479 625 9067 2028 5298
5347,11835 5677 13798 6011 13654 7606 7605 9393 263 13278
5348,7155 6391 5401 10781 5402 2507 3387 2587 9867 6390
5349,1977 3610 7504 4704 1401 4180 770 6053 323 1203
5350,13214 10561 476 12085 3004 6090 14147 9404 14148 14575
5351,4406 1374 7734 2548 9582 5989 8195 8504 9913 3149
5352,11405 14200 14136 692 693 726 6725 8726 11366 13079
5353,14822 14821 1605 14592 10115 8864 11731 10833 10834 15252
5354,4360 383 7250 13766 5982 2859 683 14115 611 14112
5355,12165 6399 9263 14161 14295 3955 12387 3588 10596 10373
5356,9682 9805 12566 11143 6189 6619 13458 6785 6623 908
5357,12850 13616 1558 13885 9324 9323 9830 263 6924 7653
5358,12875 14827 14826 14825 8873 14824 13587 14997 13414 15067
5359,8045 5255 11729 6785 2729 3091 6498 12566 9805 6097
5360,692 11405 14145 11366 14136 693 6725 8726 13079 14477
5361,11799 8541 13277 5689 12332 4401 8539 11797 8540 9748
5362,1778 1317 1319 6362 4060 1321 2881 1320 9192 6363
5363,11977 6227 6614 9999 9506 14028 3753 7851 9847 14731
5364,5224 12966 7966 6075 10076 9044 8009 6021 11955 7282
5365,12603 5757 11384 14223 14483 14429 8737 5513 14471 14316
5366,3072 5690 12209 9850 2996 10461 1861 7065 1001 2998
5367,6537 11218 3665 12748 11219 10701 12536 11471 11055 2652
5368,1067 2590 3765 5862 10244 1059 1278 3766 2072 3243
5369,726 816 13804 11405 11877 14512 8590 11631 11366 693
5370,7719 6589 14674 9143 1479 6766 15261 9240 14470 9581
5371,3270 3272 3271 9931 3273 2794 11481 9903 7758 7118
5372,11306 11315 13559 14638 12575 10251 14861 14238 14887 12626
5373,10892 12694 11692 8887 11693 2137 6764 6504 1809 11212
5374,14813 14814 5208 2851 9829 8319 9576 12158 11275 11276
5375,13074 10741 1880 451 14434 1948 1947 9659 1808 11708
5376,13427 5564 4641 7738 11858 13021 4649 7735 6796 9558
5377,14148 3864 14829 3862 5180 14201 14575 14443 14147 11120
5378,13281 1123 4300 14830 12889 6774 7018 2633 7019 2420
5379,14831 14832 11266 13144 5572 3320 3868 9545 4901 12336
5380,14394 1925 11622 8978 8035 1267 11077 9696 4982 5244
5381,4861 11405 14224 5514 8696 14136 692 693 726 6725
5382,10011 14834 14833 11400 14436 5709 5788 14667 14143 11602
5383,58 8050 80 7159 112 4432 11737 9043 5311 14163
5384,726 8562 11405 11877 9779 14512 8590 11366 693 6725
5385,611 10893 7164 1621 235 1618 1619 3213 1620 1624
5386,731 14522 14094 14095 577 15026 5405 10277 11880 6116
5387,8145 4417 11760 12047 14959 11700 11196 12578 8335 10298
5388,4524 9188 7730 174 10648 7283 4988 2551 6199 4635
5389,6622 5383 8372 3955 10414 11310 13892 8335 2108 11574
5390,12707 1559 14101 14836 1554 7544 9365 12236 14167 1556
5391,6604 14838 13139 3457 5778 8670 8399 7256 14366 1874
5392,699 13937 692 702 5120 13388 12689 10203 13930 1215
5393,12683 14171 12520 2839 14065 14687 12521 6846 9623 14593
5394,13388 14639 653 9830 14839 14686 14841 14840 4432 8050
5395,7946 14542 4126 14819 14994 1090 14574 6202 5163 15043
5396,11765 13547 11763 11764 11021 11887 11888 10869 6393 13678
5397,14351 14843 106 14350 14349 14100 740 3093 5995 1645
5398,936 13008 14844 10731 13039 5570 6721 14021 6284 4836
5399,10523 6417 4516 14084 2741 3465 2742 1532 13701 13235
5400,8112 2046 680 13697 2391 4463 9199 11289 10821 1170
5401,11188 11365 6105 4053 2593 8891 10916 10658 13008 7385
5402,5387 13510 13509 13508 13507 13506 13505 13503 5390 13499
5403,3004 14738 14056 13758 14845 3813 9589 12557 2828 1311
5404,14847 1523 12893 5249 3428 13403 12892 6435 1119 5244
5405,5820 3690 1686 8107 1200 7619 1734 8795 7759 2482
5406,7065 1354 9192 7546 9194 1916 6806 7554 12209 1357
5407,1333 1384 3149 131 3955 10382 10383 8591 9913 2551
5408,3717 2254 12341 4553 12447 198 11977 10728 578 7339
5409,14513 14478 11405 14848 14706 13420 14136 11911 692 726
5410,771 14849 875 5520 5427 58 874 3530 6608 11737
5411,14850 14851 14555 9510 7124 13587 14296 13912 11061 108
5412,1471 13847 2410 14221 12800 12137 14738 14734 1473 11590
5413,311 14853 9023 645 9028 46 8829 12977 2818 7759
5414,14329 6270 14854 8408 10484 13018 13132 14482 4028 14525
5415,9053 14070 8999 10786 13755 5897 2149 6332 11189 6073
5416,1766 1295 5836 3727 2471 6905 2606 13379 2475 2216
5417,14856 6977 1763 6816 3292 38 3453 4928 1014 10347
5418,4887 3236 4815 9719 3641 4897 3438 2473 3239 4921
5419,12928 6483 1222 12927 7936 4358 8605 11407 4068 901
5420,4036 1916 1779 9192 7065 4138 8541 1320 12643 6362
5421,466 11735 6115 3714 11476 10440 5364 2136 870 7716
5422,851 3397 2859 709 383 7480 42 11043 683 5982
5423,11168 1242 4206 10227 7361 8651 3696 3139 5054 8654
5424,8541 11799 5689 12332 4401 8539 11797 8540 9748 14464
5425,12156 13887 10701 3887 3665 12748 11471 11218 6537 11055
5426,13559 7876 14861 14860 11306 14859 11315 12575 14637 9954
5427,14465 5369 13627 14168 8860 3884 11737 14466 3883 9357
5428,14863 7209 14864 7208 8149 11769 9615 10062 192 248
5429,13737 2681 13276 2685 10095 10798 13677 11186 13277 13685
5430,7777 6863 3020 8427 5335 10210 9203 10111 14526 11087
5431,14824 14870 12434 12436 6522 14558 93 14554 8475 8587
5432,4380 14872 14871 1452 4383 4381 4382 3697 3690 1566
5433,1332 3093 6306 1949 7580 8560 5817 9509 3092 11198
5434,14873 4960 13949 2835 1078 11217 13948 8198 8120 15082
5435,10168 7164 7336 2312 611 2306 14276 9706 9131 7495
5436,14875 10715 52 3055 716 14100 14307 8475 7114 10820
5437,5759 14733 11124 14240 12103 14361 11125 6197 3469 9116
5438,2081 2304 9429 9082 11183 2079 9680 305 10678 937
5439,1969 1443 6211 11017 8877 3188 579 6143 2448 182
5440,14185 14186 14187 14188 14189 9659 9231 14133 13417 7259
5441,11887 12523 4524 12522 8770 5136 4964 4151 5896 12879
5442,5437 7305 139 5041 870 1417 4942 1255 438 6516
5443,14877 408 2814 4514 13635 5190 1529 2815 2741 2820
5444,8110 1909 13908 8108 8109 3892 9761 12818 9763 9482
5445,7767 2962 14878 13825 9050 3123 2225 327 10657 3128
5446,10338 922 5664 11685 6754 8056 3676 10632 7224 1985
5447,14844 1475 8892 4591 8889 8894 13008 1535 2741 13574
5448,9197 11734 9947 8012 4182 133 10982 14001 5186 11196
5449,10784 2122 5911 14734 6663 4283 5134 10329 4045 7705
5450,13865 11456 14258 11904 1834 12621 11706 3038 13193 4489
5451,7348 5001 5064 3253 2548 10019 10532 10676 9913 8872
5452,14879 1534 13910 13269 4516 2741 2820 6353 14084 3465
5453,1036 8240 2137 1035 10892 6764 7524 1017 2117 12011
5454,5199 13942 10229 9823 5201 5426 5200 6397 7712 6094
5455,14880 8534 8361 6337 5929 1237 6986 5935 6341 611
5456,2084 111 8802 2085 2083 12711 15215 3057 10651 11061
5457,7224 2811 7748 12748 11529 7293 11219 529 6537 2614
5458,14845 1311 2828 3263 2829 3813 11981 9589 4586 3261
5459,3398 506 9591 1161 1943 7152 1160 7776 3229 14428
5460,13879 7264 14538 13177 11341 11366 14752 716 8726 11405
5461,693 692 7457 14136 11366 11405 6725 8726 13079 14477
5462,10192 4036 3442 9751 10072 4138 1011 1317 8645 4035
5463,607 6486 5354 13029 4709 1521 13843 7744 13267 4170
5464,5896 4073 7401 6131 6618 11568 7342 5708 4971 4964
5465,7124 13912 14555 15211 8587 81 14296 44 7121 15045
5466,14884 9361 10222 9375 1671 13308 6622 8081 4664 5563
5467,6622 13892 14885 8575 2108 1700 13365 6476 908 6183
5468,13220 13696 12351 8144 14886 1311 10052 9806 14845 2828
5469,257 14887 11315 6094 15145 14681 5920 2803 14638 10713
5470,14080 9056 8588 8581 14891 14430 5053 1233 8587 8802
5471,13212 10911 6260 4229 7021 3765 2073 13556 14762 9478
5472,1620 14261 2311 1649 7412 9010 1648 1617 1621 1622
5473,6484 3665 1852 8454 10679 6537 6485 3878 904 12509
5474,11405 14208 14889 692 14136 693 726 6725 11877 8726
5475,3962 12178 11383 794 1219 514 1416 463 1203 5928
5476,1837 4851 231 13950 6170 7940 5157 7936 4068 6240
5477,5104 4696 1936 1592 6692 1680 12129 14890 12566 10867
5478,8581 14891 8588 9056 14430 1233 12105 2489 2106 2520
5479,5852 14892 5193 4516 4515 8826 3046 2741 2820 4330
5480,9957 10982 7940 11227 5157 4068 6623 9805 2438 7936
5481,2448 7915 182 6217 176 180 6013 10919 6214 7696
5482,13388 112 4432 80 7159 8050 9043 14639 5311 114
5483,2782 550 3341 6055 1416 2024 5724 8767 3791 3338
5484,9944 14556 5895 2277 7583 10954 5896 4964 4753 6544
5485,5250 5377 626 9365 7544 8574 8397 6488 9199 9362
5486,4861 4961 14893 15082 4960 9320 13948 11217 61 4871
5487,1734 3993 2415 4351 8028 3662 14275 3984 578 202
5488,14689 14688 14928 14543 2318 10384 8272 8352 14668 3203
5489,10012 1544 14771 9770 14045 10230 11042 4657 4655 4664
5490,7953 11296 14894 10522 5261 6766 7719 6312 667 8557
5491,7937 1847 8081 7936 6785 6240 11375 4358 12717 7940
5492,9380 9973 9323 12860 9324 1558 9387 9830 12858 12864
5493,4138 10754 7065 12656 1003 3667 1719 10843 1354 13984
5494,14862 11308 14334 3152 714 14742 889 11309 11271 7384
5495,3928 1812 13401 6974 1807 1083 11904 2101 6861 5594
5496,8577 1504 14113 8464 420 3195 1641 663 139 3678
5497,4426 6785 91 11185 6244 12566 14605 4429 13243 14826
5498,14897 14498 11366 5266 14497 846 13487 4080 7860 4079
5499,10651 52 2203 8474 76 14100 3019 11313 10715 81
5500,1445 4544 12491 4123 6857 6746 13196 7292 2096 6778
5501,13609 14900 12266 3722 3721 13608 8099 11425 5407 1956
5502,9955 383 10371 10372 10373 611 3595 1622 1617 1618
5503,626 949 4966 14699 7946 7866 15105 9365 8467 15159
5504,13050 14901 8525 14214 15169 8020 13736 692 15086 14209
5505,14425 14463 9011 8423 14202 14933 5998 14505 3840 9775
5506,680 10865 8184 859 12020 7229 15199 1782 5721 14393
5507,14904 11310 14903 11630 692 9300 2933 9056 6693 5216
5508,10412 13428 6710 10875 2920 3678 2435 5640 11019 6721
5509,27 3214 3365 817 12004 4230 12005 2309 1203 775
5510,8581 9299 14430 8588 14891 6025 9056 4757 8654 4200
5511,3885 11124 7438 5759 9116 14240 9522 14361 11125 14733
5512,9970 5608 14905 7643 7649 1127 7888 5788 9363 1113
5513,14907 14906 740 15190 363 385 11391 46 4845 14979
5514,13521 14908 14909 14004 8428 13520 14705 14942 14944 14975
5515,13805 6216 11550 12320 13936 3222 1423 9249 10966 1452
5516,10715 7114 14406 13827 8475 52 14929 14560 15211 81
5517,839 14063 3476 3223 5042 14261 9459 3962 879 1203
5518,12546 1183 10111 1677 10210 10829 8427 5483 9328 5730
5519,14911 2982 4656 4657 10604 6793 6087 1195 4664 4655
5520,4841 1436 1873 14092 585 14865 7115 14550 9043 8050
5521,10496 13207 7663 14528 9964 11786 7664 10497 13183 9965
5522,3055 14604 7123 11185 1351 9052 14550 15184 14703 13243
5523,14496 6196 11366 692 14486 5267 8726 6725 11405 693
5524,13885 11366 5266 14479 14486 5267 14491 692 7843 14535
5525,11366 14574 5266 14497 14486 692 5267 14479 14491 14481
5526,726 8988 11189 13956 11405 7244 11877 14512 8590 693
5527,11366 692 8726 11405 693 6725 13079 11631 14486 11877
5528,14801 14912 13923 7442 8429 6489 14122 1525 405 11052
5529,14498 11366 5266 14486 692 5267 14491 14479 13079 8726
5530,13885 5266 12850 11366 14491 14486 5267 14131 14479 5268
5531,13933 6764 14461 11739 13370 9147 10892 12011 3658 5325
5532,12298 13885 14497 11366 12850 692 7844 5267 5268 8590
5533,11366 13885 14488 5267 692 14481 14477 14491 14486 693
5534,8609 11366 692 8726 693 11405 6725 14486 5267 13079
5535,11366 692 8726 11405 693 6725 13079 11631 14486 11877
5536,692 11366 12297 3857 7643 7649 1127 3428 5788 7888
5537,11366 692 8726 11405 693 6725 13079 11631 14486 11877
5538,11366 6750 4962 13928 692 14486 11405 6725 8726 693
5539,11366 692 8726 11405 693 6725 13079 11631 14486 11877
5540,11366 9424 1386 4176 692 14486 5267 11631 14477 14481
5541,14645 10441 8335 12576 5780 2439 5384 10007 5385 8112
5542,14491 14486 13885 11366 12850 5266 5267 14165 5268 14479
5543,11366 692 8726 11405 693 6725 13079 11631 14486 11877
5544,14913 10591 11366 4207 692 14486 5267 14477 13079 14481
5545,11366 3828 692 11405 693 8726 6725 14486 13079 5267
5546,14479 692 11366 14486 11405 5267 14136 693 6725 8726
5547,11366 692 8726 11405 693 6725 13079 11631 14486 11877
5548,8031 13885 14480 12850 14131 14130 11366 14923 14474 14548
5549,9424 14222 13885 12850 11366 14131 14130 14480 14548 14474
5550,11366 13885 12850 7844 692 8590 5268 8726 693 11405
5551,11886 4746 692 11260 11366 14136 11405 693 12897 4745
5552,692 11366 14136 11405 693 6725 8726 13079 14477 14486
5553,11366 12850 13885 7844 5268 8589 692 8590 14131 14491
5554,692 11366 13885 14486 13895 11405 693 8726 6725 14136
5555,11366 14913 692 14486 5267 14477 13079 14481 11631 8726
5556,11366 12850 13895 14222 13885 7844 692 5268 8589 14131
5557,7876 14222 9954 13885 11384 11366 14223 463 9424 12850
5558,14131 11366 13885 12850 14222 14130 14474 14480 14923 14548
5559,14500 13885 12850 11366 13993 14449 14131 11463 14226 9303
5560,11366 5266 14486 692 5267 14491 14479 8726 11405 6725
5561,11366 13079 13392 2439 8335 5383 11574 692 14486 8726
5562,11366 692 8726 11405 693 6725 13079 11631 14486 11877
5563,5267 14479 11366 14486 692 5266 14481 14488 7843 14535
5564,11366 9473 692 11405 6725 8726 693 14486 5267 13079
5565,14486 11366 692 5266 5267 13079 11631 14477 8726 11405
5566,12162 6761 11359 11366 692 14486 5267 6725 8726 11405
5567,14481 5266 11366 14486 692 5267 14477 14491 11631 14479
5568,11366 692 8726 11405 693 6725 13079 11631 14486 11877
5569,5266 5267 11366 14479 14486 14491 14481 14488 7843 14535
5570,11366 11260 692 11405 693 8726 6725 14486 13079 5267
5571,14181 6298 14153 12748 13207 8127 8122 13968 4450 8459
5572,11366 692 8726 11405 693 6725 13079 11631 14486 11877
5573,7526 6658 14915 6657 2282 1594 2286 13849 2281 6667
5574,11366 11359 4350 692 8726 11405 6725 693 14486 5267
5575,11366 11893 8405 692 11894 14486 8031 5267 11405 6725
5576,5267 11366 692 14481 14477 14486 14488 11631 7843 14535
5577,11366 692 14136 11405 693 6725 8726 13079 14477 14486
5578,11366 5267 692 14481 14477 14486 14488 11631 7843 14535
5579,11366 692 8726 11405 693 6725 13079 11631 14486 11877
5580,11366 692 8726 11405 693 6725 13079 11631 14486 11877
5581,14477 11366 692 5267 14486 14481 11631 11405 8726 693
5582,14490 13885 12321 12850 11366 14131 14130 14480 14474 14923
5583,2604 12485 2605 7468 12480 14401 8921 10836 8825 14402
5584,14497 14137 11366 14574 13885 14498 14819 8006 14994 6202
5585,14790 3886 11190 7244 14276 8988 1387 14694 15108 9362
5586,8034 11007 8143 11006 6623 1665 4753 6483 6621 11005
5587,11405 693 692 14136 6725 8726 726 11366 13079 11877
5588,14204 6605 6606 625 13183 14846 9258 14523 5518 5373
5589,3771 11711 10508 3486 3770 2009 9422 8020 6110 4311
5590,14032 14917 14916 14919 6334 14918 12363 6335 5180 6329
5591,13388 112 4432 80 7159 8050 9043 14639 5311 114
5592,8550 9703 169 2346 1404 149 2309 466 686 171
5593,14167 12236 1559 7544 9365 8397 5377 626 8574 1556
5594,5919 14920 9209 6078 9890 1702 9889 8708 12249 9551
5595,11260 11143 6849 8576 7438 13756 12196 13272 2924 13542
5596,512 8407 4350 10495 10498 10492 578 6191 5059 3428
5597,9144 14921 7109 12803 4756 625 5552 2067 9143 7697
5598,3665 6537 11218 12748 10701 12536 11219 2652 11055 10143
5599,14486 4575 3771 11366 5266 692 14491 3770 14481 14479
5600,739 11126 15076 14898 15067 15215 14555 13016 14306 2142
5601,14307 10715 92 14703 2204 740 52 13890 11314 14876
5602,6785 366 12566 13832 6109 6244 8575 9805 10025 2108
5603,14923 14476 8272 12065 14548 14130 12850 14480 14131 12689
5604,7124 9054 13912 14555 14296 15211 81 8587 7121 15045
5605,8473 4033 1301 14926 6079 2049 7711 2262 169 1661
5606,11084 2834 14129 2835 1873 14982 7266 8922 8411 1756
5607,10615 12554 9472 11391 5172 7543 5170 5163 4126 3028
5608,2200 5113 10183 4474 8037 7977 4074 13196 14953 6481
5609,12670 876 4474 14953 8412 7977 11053 11054 5313 994
5610,14449 14927 14555 14500 14976 13993 14404 14843 14895 14029
5611,2687 13168 10670 10289 10460 10214 541 9443 7462 10225
5612,14163 9043 58 8050 80 4432 7159 112 14547 12427
5613,4426 9055 6106 91 14989 14990 14991 3062 14988 13587
5614,12264 908 9299 6170 6025 6622 6240 9682 6181 6183
5615,8581 14928 10897 8588 14430 14891 14709 9056 14689 1233
5616,14930 14427 12513 9052 13134 3021 14929 11440 14166 7123
5617,14449 14843 14404 11366 14927 14500 13993 14976 14895 13112
5618,8581 747 14396 14709 1396 14933 14162 4191 14475 14430
5619,14936 14924 13455 6714 6992 4515 8810 8904 1533 2743
5620,9054 14824 7124 14558 14555 8999 7113 78 13587 93
5621,4426 8999 7124 13912 91 53 8587 15211 81 8475
5622,685 14937 11259 14931 9043 15134 112 8050 7159 80
5623,13208 10106 11654 13191 8782 12012 10909 7115 4962 9344
5624,4758 14939 10321 13588 1619 3906 14391 5037 8748 12386
5625,14709 5137 10690 2595 14910 9278 14699 12916 15009 1735
5626,7632 1845 8282 1510 2287 8299 6623 12581 7944 13644
5627,3471 14552 14557 611 6998 3470 3816 11718 14550 618
5628,10833 7848 14940 10834 10835 7849 6090 2287 14822 11731
5629,14163 1493 58 1485 7115 11737 8050 80 7159 112
5630,14941 14162 5581 14475 4191 14709 6576 4287 794 167
5631,14705 14942 8428 13521 14706 14975 13520 14908 14004 14848
5632,14067 14536 14943 14537 2630 13646 12850 14563 14068 7226
5633,360 11027 6836 9784 14882 14985 6259 11122 630 2742
5634,12784 14742 11865 625 12689 9296 8050 58 14669 14862
5635,14853 645 637 11406 7049 8829 2818 644 9023 311
5636,11401 1523 11135 12640 358 12890 7643 11397 11398 7649
5637,10333 10638 709 14946 8985 12342 6562 11779 8839 13571
5638,9373 9960 14947 9374 9814 5329 1886 9958 335 9959
5639,13935 14672 14671 14673 13956 9172 13488 7630 11577 1752
5640,13033 5726 7229 12483 5271 5405 13959 15199 12099 9486
5641,14484 4028 14482 6270 8340 1539 12538 1784 2283 5259
5642,8833 14673 11577 13488 14672 9172 13956 14671 7342 11069
5643,10820 714 11271 11481 14558 52 7124 8475 14875 7113
5644,14435 14948 12815 14943 999 12772 12700 15182 6928 15288
5645,6836 13335 10124 14452 6489 2928 10973 2557 6679 5375
5646,6761 11359 11358 1379 9239 9292 1380 4971 9392 1124
5647,650 11812 10679 8454 12509 3316 5818 2959 405 1528
5648,13885 11366 14491 692 11405 693 6725 8726 5268 8590
5649,12950 14949 12828 14691 8626 11709 12371 12173 6613 13577
5650,14388 14951 14950 12494 14910 14455 14706 14456 8421 7700
5651,4426 91 11185 14605 4429 13243 14826 13414 15247 53
5652,14952 10381 2319 2148 11318 11319 14286 11424 6266 10380
5653,3930 2290 8935 3221 4090 4175 769 4777 1203 323
5654,3055 13430 14471 14483 14714 11391 14429 5757 14223 8737
5655,14224 13836 9583 22 5516 13794 14223 15163 9519 4875
5656,14224 14157 5107 14952 14159 1131 7581 14158 5516 14160
5657,9430 160 4738 2597 6128 6003 157 5 14381 14676
5658,4426 91 11185 14605 4429 13243 14826 13414 15247 53
5659,14129 4711 11084 11932 2834 8411 2835 7266 5405 1873
5660,1292 337 4536 12305 6068 13631 1291 1289 13714 10666
5661,23 14953 10183 8412 1880 11054 13184 11053 12670 1697
5662,5107 5108 13838 9106 11668 14157 3751 14952 14224 7109
5663,7109 12803 14921 9144 5336 4339 7257 7110 3615 6196
5664,11213 14695 5465 6983 7479 8863 2753 4186 893 8348
5665,10238 14705 14574 14819 14706 8428 6202 3624 13521 14497
5666,10566 14955 14954 14393 6135 12020 9269 10865 9553 9024
5667,577 11405 13286 726 693 14136 692 6725 11877 8726
5668,14505 8866 2128 13761 11575 56 392 5788 3840 46
5669,9490 5026 10743 223 9519 15044 4031 10667 6518 11466
5670,9615 14864 14863 7209 1917 9139 3128 89 9616 3217
5671,14157 14158 8734 14304 12032 7581 14159 1131 14160 11384
5672,14304 12020 919 10865 14393 14955 14809 2210 13246 5572
5673,8323 1885 5572 13532 1884 13433 1958 11362 12997 13432
5674,14932 3261 3263 1311 9542 3259 9543 3260 3262 5287
5675,14958 3720 434 14957 14652 6984 15187 2112 15149 7339
5676,12281 14390 2405 4313 693 6725 4121 13267 13265 9704
5677,1746 6493 13888 7944 626 2256 13526 9652 6118 629
5678,11221 13424 13432 5373 6606 1884 13433 5518 13532 13205
5679,14132 6610 7229 12483 5016 5405 13959 15199 9486 4074
5680,14276 8237 14790 15108 7336 11043 621 7444 13810 14777
5681,11366 692 8726 11405 693 6725 13079 11631 14486 11877
5682,14460 14205 9590 7126 12421 9588 2504 14202 13949 11221
5683,3068 11401 3064 3065 1523 3066 8734 8735 3067 8609
5684,11405 14136 14704 692 693 6725 8726 11366 726 13079
5685,10263 9805 12566 9682 13838 14009 13893 6189 6619 13458
5686,14205 8145 692 311 10233 11366 14136 11405 693 6725
5687,692 13937 11366 14136 11405 693 6725 8726 13079 14477
5688,11702 11701 1926 11232 3781 7962 11700 9275 10632 2650
5689,2986 8979 14227 5708 6105 74 10214 5709 541 679
5690,14823 14637 692 15196 5986 882 10507 1040 586 10633
5691,14873 14946 12779 4960 13949 8575 2835 12324 2321 6520
5692,14304 14961 14960 14848 14706 886 13943 3801 8428 13521
5693,14691 14949 12950 12828 5708 6489 11397 5788 14492 8626
5694,6484 6476 5923 6622 6485 8113 8575 1852 1864 6623
5695,7664 4959 8177 5937 11229 4958 14963 10655 5036 8172
5696,6685 6622 13892 8575 2108 13365 6476 6189 6620 6619
5697,13838 12778 692 5107 9106 5108 3023 4711 3121 14136
5698,12009 5514 12059 8423 4968 14202 7457 13431 6456 5515
5699,8423 14069 14202 11428 12009 4968 14425 8116 12048 12010
5700,8452 5514 12840 11956 13431 6456 5515 15176 6584 8374
5701,5521 14472 11221 13838 2835 5373 6608 692 5518 6605
5702,11366 692 14136 11405 693 6725 8726 13079 14477 14486
5703,692 11384 14964 11366 14136 11405 693 6725 8726 13079
5704,13838 692 14136 11366 11405 693 8726 6725 13079 14477
5705,692 11405 14136 1667 6803 11366 693 6725 8726 13079
5706,13949 11217 14426 13948 8120 4960 14470 7381 14873 14140
5707,6622 13892 908 8575 2108 6476 13365 6189 6620 13458
5708,8326 14729 13004 5273 3602 6909 14091 10169 5465 14090
5709,11384 692 13183 7663 11366 14136 11405 14462 693 9964
5710,12009 14202 4968 8423 14069 14425 12010 8116 8117 12048
5711,693 6604 14838 692 14366 13838 7256 11366 14136 11405
5712,187 5215 4884 14858 6300 3319 3378 5217 7317 3379
5713,692 6312 12557 14472 6608 5521 14208 11366 11405 14136
5714,13673 9961 12333 13647 12659 14169 14013 7086 12741 12385
5715,14208 1701 692 11405 14136 11402 693 11241 11877 6717
5716,13838 14208 692 6608 11366 11405 14136 693 8726 6725
5717,8272 8581 4934 14102 714 12031 5734 7829 11271 1647
5718,12161 8233 1680 3118 11475 3999 4464 8237 6629 4170
5719,6622 2337 9614 6620 7936 2108 13892 6623 12566 6189
5720,12392 14968 14615 14579 11354 10565 6852 12390 12391 12389
5721,6183 7940 8114 1700 13961 14885 2008 1846 4068 908
5722,11221 10836 9226 6494 13191 6495 7528 4962 6543 6544
5723,11172 7782 7780 7781 6327 6844 12088 12090 12089 8339
5724,11786 7663 14528 8992 13988 8268 7664 9964 9965 8678
5725,13378 6487 13359 4700 6493 11642 3878 4753 6494 9682
5726,8114 14885 14706 6183 1700 13961 2008 1846 14705 14960
5727,6183 7740 14706 13943 14960 8114 1700 14961 14848 14705
5728,11384 9965 14205 4046 9551 13838 692 9964 7663 5107
5729,12519 14065 7660 5614 13368 13405 14531 13530 13616 6842
5730,9249 14663 682 14057 11289 191 372 13697 3222 13936
5731,9106 5383 9594 8335 11574 1655 5107 5108 2439 13838
5732,9594 12872 611 10893 6083 3213 1621 6016 235 1618
5733,11126 3055 11424 9594 739 15076 7123 14604 15215 15067
5734,14579 8190 11959 13513 315 14264 5219 14391 12886 798
5735,14733 7320 8351 5759 11124 618 3469 7398 12103 10960
5736,4726 2956 383 118 117 11481 10383 10382 9913 1694
5737,7012 11654 9228 4964 5896 4073 5895 12353 1697 1855
5738,6768 7844 2957 7842 14165 7843 11367 8590 5268 11405
5739,12574 14606 5676 5678 14971 12235 2393 13837 209 7602
5740,7183 14969 4279 1575 11967 10625 12541 2685 5914 6342
5741,8702 1988 12483 2821 7229 8058 6465 5023 1683 1028
5742,12633 7170 5972 12245 4382 4383 463 1516 1203 9711
5743,14538 7264 11341 11366 11405 8726 6725 693 11877 11631
5744,14538 7264 11341 11366 11405 8726 6725 693 11877 11631
5745,14068 8428 14972 13521 14975 14705 14944 14456 14706 14961
5746,726 11405 11877 11366 8726 693 6725 14512 6717 8590
5747,14973 14538 7264 11341 11366 693 6725 8726 11405 11883
5748,14538 7229 7264 11405 11341 11366 8726 693 6725 11877
5749,8577 13831 14142 9245 14524 663 12805 139 14415 14417
5750,14538 13623 6071 7264 11341 11366 13959 11405 8726 6725
5751,14222 14538 14415 14223 14483 5757 11366 7264 14429 12850
5752,8425 1616 10423 1615 1605 11588 8864 8423 15197 231
5753,14542 5337 14819 14994 1090 4126 7946 6202 14574 15043
5754,14513 14277 14610 8547 13420 14478 11911 4549 9038 3902
5755,14163 1697 14523 58 13205 14204 5518 112 8050 7159
5756,10715 13584 8298 1655 5383 7114 8335 5385 11574 6485
5757,14538 611 1621 1618 1620 1617 235 1622 1619 234
5758,14974 1697 4576 12353 2166 3685 10334 5896 11654 8412
5759,14974 10608 8428 14975 13521 14705 14706 7699 14961 886
5760,1754 12134 14976 12024 13764 11575 14593 7649 12626 7888
5761,8988 11189 7244 1387 726 13956 11190 482 6563 6869
5762,14974 4576 1697 2166 10334 1904 3685 8969 10608 8428
5763,14974 4576 1697 2166 10334 1904 3685 8969 10608 8428
5764,14656 14977 13405 14978 13026 12525 59 13689 14065 14531
5765,11959 13056 10591 3841 8190 14579 4481 14937 15244 14867
5766,36 11404 1367 11403 8250 11402 12275 11126 11405 7844
5767,9300 9749 9851 12551 1357 6360 8477 6553 2014 2376
5768,10497 9606 12788 12922 1548 8202 10494 8309 12787 10496
5769,11405 726 693 14136 692 6725 11877 8726 11366 13079
5770,4746 4745 11366 692 11886 14486 5267 7252 693 6725
5771,726 12650 6852 11405 5428 1249 11877 14512 8590 693
5772,58 14979 14980 8935 740 14013 8050 8475 80 7159
5773,363 14981 9337 10905 8307 6004 3613 8305 12780 7153
5774,14616 8081 13365 553 4399 6476 6622 8057 6785 8575
5775,14756 13350 14563 13943 14755 12503 14707 3334 15009 8428
5776,14579 14615 13513 315 14264 14391 5219 8190 2116 11632
5777,9467 14804 9300 14566 14543 11064 13727 10528 11167 5752
5778,10865 12020 14955 14393 2210 2678 924 3895 10906 15099
5779,14580 8281 13268 11310 692 8258 8250 4449 11630 7233
5780,2449 6943 5670 1947 8041 9659 8979 7889 10735 9128
5781,3116 11253 14268 5226 1742 4576 11630 14396 8454 1032
5782,12251 14209 14458 11120 14596 12406 1859 10584 14213 4063
5783,13896 14285 13897 1858 14286 13894 13395 14923 15173 2134
5784,14210 6881 10541 1287 14108 12689 13977 14933 12886 630
5785,11322 10414 14714 11321 773 7175 14471 1855 5325 6622
5786,1655 11309 11565 8298 5383 5384 11308 9682 2438 1654
5787,8590 8589 11212 14511 726 5268 7844 14491 14165 13079
5788,14983 4961 14874 2834 14982 11084 2835 1873 7266 8922
5789,6609 5373 14203 11221 14204 6606 14205 14202 6605 6608
5790,14862 8586 5945 8581 2781 10298 14654 12886 7461 12624
5791,8397 626 7544 9365 5377 10432 6488 9362 8574 12011
5792,692 11366 14136 11405 693 6725 8726 13079 14477 8590
5793,714 14984 3152 889 11271 14108 12031 14264 12206 5219
5794,9424 11630 3152 14985 9781 11310 9784 611 360 889
5795,12748 692 11366 14136 11405 693 6725 8726 13079 14477
5796,8281 11630 4449 8258 14580 8250 692 11310 11366 14136
5797,6583 692 13058 11366 14136 11405 693 6725 8726 14241
5798,8022 692 11366 14136 11405 693 6725 8726 13079 14477
5799,8250 14569 12339 692 11404 14238 14572 12340 11403 8956
5800,11384 12252 692 11366 14136 11405 693 6725 8726 13079
5801,2699 7527 4456 3524 5246 4465 7169 2865 3747 3522
5802,13559 14861 11306 8221 4829 7328 14835 11315 14860 12575
5803,8250 14964 14572 6581 692 14575 14443 14201 11404 14238
5804,14692 13843 7696 9466 7697 6596 1568 1452 4757 182
5805,14888 10093 4954 13395 11405 11230 14136 692 726 693
5806,9094 3874 4574 165 476 13487 2134 14897 149 846
5807,259 14861 14573 14549 11306 13559 3242 11120 4085 692
5808,4085 14861 1993 12845 216 11576 713 14839 11458 11306
5809,14819 14574 11630 6202 14994 14542 1090 14497 15043 8006
5810,14458 14209 11120 1859 14596 14213 4063 14494 12756 5673
5811,7876 5407 8374 9954 15177 11187 14950 11306 14242 6584
5812,11120 14861 5673 14209 1859 14458 4063 12551 12756 14213
5813,8423 14202 14425 3840 14505 14933 4968 12009 14069 8116
5814,3887 12156 3665 10701 6537 12748 11218 2652 11471 11055
5815,3747 7169 6617 12083 5246 399 1840 7171 2864 2848
5816,53 14988 14989 14840 14990 3062 3061 14987 9055 6106
5817,12304 12748 11219 6537 11218 10701 11471 1109 13584 11055
5818,10420 10897 10653 9347 10782 9341 4351 9352 3304 6849
5819,10484 8408 14854 13018 13132 14525 14329 6270 4010 14482
5820,11405 6113 14136 692 693 726 6725 8726 11366 13079
5821,14581 14204 5518 6606 14523 5519 14478 5373 14203 6605
5822,1627 8411 1628 14129 14986 11405 14711 2835 11920 12201
5823,12841 13997 13813 14074 1883 13515 9025 6100 6102 9015
5824,9836 11384 14316 13430 3067 692 8735 14222 5924 15266
5825,2681 13276 13737 2685 10798 13277 13677 2701 438 1750
5826,1575 6342 2685 7183 4279 920 2702 3811 5778 6591
5827,14961 3801 886 8421 7699 14441 8428 7700 15009 14004
5828,14757 8529 947 6272 3437 7408 914 3552 6292 5898
5829,8979 10214 5670 2986 13168 6465 9443 7462 10225 94
5830,13587 7124 13912 14555 81 8587 15211 8475 92 14296
5831,14995 10921 6881 5541 7898 10215 149 5971 10922 14221
5832,4756 13511 10200 14564 14565 5019 15180 14634 13602 3628
5833,14689 14688 14928 14543 2318 10384 8272 8352 14668 3203
5834,9245 12805 13831 14415 15199 14524 9244 4091 2113 6310
5835,14102 14721 9938 13570 691 15192 6582 9511 14829 10957
5836,8421 7699 3801 7700 14961 13520 14975 886 14441 15009
5837,886 726 13852 14996 11405 14961 14512 11877 8428 8590
5838,12059 7457 8299 3516 14136 692 693 12009 5514 2771
5839,12541 10625 4279 10633 7183 14969 5265 2581 8373 2706
5840,8421 7700 14388 7699 3801 15009 14910 886 14961 14456
5841,11994 14565 14564 4756 5019 13602 10200 13511 15180 14487
5842,14986 14997 645 8780 637 8873 10933 12295 15246 1627
5843,726 11405 693 14136 692 6725 11877 8726 11366 13079
5844,4865 1499 14140 663 10522 8190 14718 713 12886 798
5845,14157 5515 8013 2985 3673 14159 7581 14158 8022 14160
5846,12810 11184 8999 7135 7325 3022 7112 3055 7125 7132
5847,14998 7681 101 105 6699 15069 1685 13136 9845 4467
5848,11405 14512 11403 726 693 692 14136 11402 6725 11404
5849,8408 14854 10484 13018 14525 13132 10259 14970 4010 14482
5850,726 4703 11399 14199 75 8411 11405 11877 14512 15215
5851,11405 7229 14136 692 693 726 6725 8726 11366 13079
5852,8892 11655 1475 4591 8894 8889 8893 2742 1535 13515
5853,10897 9423 4552 14928 5441 9347 7748 8581 10653 10420
5854,7583 365 4397 12487 4400 4399 364 6109 553 363
5855,7017 9226 309 6622 9841 6484 6485 2108 13892 6476
5856,15000 7050 10171 4191 5592 6861 7053 14356 7399 12620
5857,1277 1916 9554 2372 12896 1354 1357 11347 7065 10192
5858,13672 5998 11493 2742 2815 2741 2820 2614 1166 1535
5859,2820 13651 405 12380 1165 2742 6351 1166 2741 1535
5860,1259 1260 1261 1262 1266 13632 8291 4889 1264 688
5861,13587 14583 14584 15002 3059 3058 3057 3056 15061 15062
5862,58 8050 80 7159 112 4432 11737 9043 5311 14163
5863,8039 12897 1011 12896 3774 8029 8026 6931 12894 89
5864,1534 13561 2741 2742 4516 2820 12425 7686 11899 2744
5865,2744 1166 3465 13574 2820 3464 1535 2742 2741 404
5866,611 10893 7164 1621 235 1618 1619 3213 1620 1624
5867,2659 11440 14586 13134 3021 11718 6135 2700 10912 2716
5868,9021 5329 15005 14149 9023 9022 8097 8748 9913 2551
5869,15006 1091 14475 14162 2311 14585 625 3821 11462 4287
5870,15007 14475 13920 14162 6576 4287 15006 15204 2311 14476
5871,5369 15008 11332 924 3771 6329 14168 13627 8860 14465
5872,8691 5016 4316 8995 14527 14132 6109 7032 4315 365
5873,879 6821 502 871 8403 2764 866 1047 323 868
5874,14458 990 4953 14209 1859 11120 7859 4063 14494 924
5875,8421 14910 15009 8407 3801 7699 14388 10495 7700 14441
5876,2820 2614 1165 405 3465 2742 1166 12426 2741 1535
5877,13248 12426 360 2820 13187 13540 1323 2822 3464 2742
5878,6689 8074 5488 10304 5490 5489 5527 10306 8433 7580
5879,577 3600 712 14094 14522 658 706 11395 15147 1392
5880,15011 15022 15247 14519 12877 11378 15079 803 12785 14876
5881,2816 8889 12671 1166 2820 1475 3464 8892 1535 5345
5882,13398 10647 3656 3654 10403 6657 6663 14450 3653 3650
5883,2569 3181 4411 746 3735 2199 2533 851 9913 61
5884,6004 6002 8305 7941 4351 363 8891 618 3213 407
5885,53 3055 78 4426 14604 7123 45 76 12810 14578
5886,9241 10230 570 7520 7521 7519 255 571 7517 7266
5887,11392 46 10732 1576 1577 8336 8314 643 10632 1101
5888,10705 14837 12926 14087 13103 265 10253 267 13616 10593
5889,14856 38 1763 3453 6816 6977 4928 9142 3292 14855
5890,15014 6967 1382 2448 1231 2765 3697 3033 1452 7696
5891,5455 11862 4924 4742 12343 1949 2676 12318 8266 7369
5892,4553 7398 7691 339 730 5408 13609 344 2821 6746
5893,14442 15015 14443 7527 1015 1543 9812 8803 12544 7142
5894,4036 1320 10355 9192 8541 7062 9853 1001 2375 6363
5895,9758 4139 4603 10988 8159 6555 9647 5667 5848 7554
5896,2206 383 12204 5044 7906 6048 2493 2157 9913 2309
5897,13885 12850 14131 14130 14480 14474 14923 14548 11366 4430
5898,9412 12143 7014 7015 3486 9307 9406 9421 6099 13282
5899,12850 11366 13885 14131 14130 14474 14480 14923 14548 7844
5900,349 4830 8176 10102 2790 2428 2750 3110 489 4817
5901,12726 10574 4596 11891 9664 5686 1136 12378 4407 1721
5902,3663 15016 962 963 3006 977 13556 14764 5058 967
5903,5216 14971 4861 8 8578 10832 14903 611 61 9320
5904,14752 14352 14540 15175 14654 14426 7264 5189 8434 4443
5905,14155 14789 6273 15198 3896 3481 9001 3482 12027 5571
5906,5447 10199 15017 1011 6807 2996 2998 6356 7554 7427
5907,7129 7130 79 11045 3598 5191 11876 3594 6523 14870
5908,11859 14609 9782 11861 11860 7776 475 5991 4087 4088
5909,6267 7170 14719 7967 14721 6785 13947 1028 4671 14720
5910,1484 3506 3027 3267 12057 2696 10181 3029 2700 1103
5911,5266 4862 10611 11366 14486 5267 14479 14491 14481 692
5912,1125 4697 6622 8136 616 12129 12264 12039 7643 5788
5913,6686 4559 3676 10338 5177 11469 10333 10507 6404 9655
5914,4414 4413 8164 11347 5845 4039 7215 3003 6804 5846
5915,14387 13959 5405 7229 3465 14388 5431 13623 10208 999
5916,9987 3209 1981 8768 1982 1206 4157 1552 323 7696
5917,1602 8468 7898 10509 2733 2734 6881 2297 3543 1611
5918,11930 12128 3923 9686 7389 15019 8071 1905 1738 8668
5919,7341 2306 10968 2291 2312 3112 2067 2290 2309 10168
5920,6491 7719 9143 6766 6492 14674 14886 6589 12598 13524
5921,6707 13076 1826 1008 4134 4626 1777 6705 1779 12643
5922,3438 5003 3200 3440 1390 1389 696 11173 842 11111
5923,611 15020 10893 4209 1621 7164 235 1618 1619 3213
5924,1287 2798 9273 1564 7420 1565 4268 775 6374 7697
5925,6027 466 10168 167 6821 2312 2306 879 4592 1233
5926,8218 14298 2597 160 9484 6128 157 8896 5634 6003
5927,7014 9307 7015 14762 11273 9412 9059 3486 9406 10911
5928,1295 8248 2471 5836 3727 12186 2474 2606 3317 4341
5929,9115 13957 2096 15022 62 6065 15021 1300 12018 2155
5930,6073 13695 9966 9893 576 13681 6886 5616 7964 5582
5931,36 3726 3179 3178 3176 3177 9913 4635 5574 1367
5932,220 14898 11939 11936 11937 424 1426 5078 2551 851
5933,381 1291 13753 7798 9913 12666 3403 3043 12918 10124
5934,10796 3408 2174 9402 4785 10795 11141 7611 51 7210
5935,8582 3462 10978 11824 919 12991 14975 14809 12997 5572
5936,8413 12853 10111 12546 10210 9055 8427 14559 4180 14612
5937,2498 7189 12634 2185 3456 10886 7800 6695 9913 2551
5938,13803 7563 13801 13800 13802 6136 7309 10605 7557 7562
5939,11256 6330 2017 2925 13881 2015 1058 10763 4073 9226
5940,13983 1011 13911 4611 5844 3085 1862 1863 12609 12608
5941,11171 4892 4717 10967 2095 6099 2796 9494 2797 4891
5942,13809 6100 6138 13975 11544 14377 10057 12069 8274 9348
5943,4882 10916 14600 12964 13432 12288 13532 1884 12312 10918
5944,11952 8760 14319 8747 7781 7249 11788 8285 11533 426
5945,15024 2153 3743 1501 12413 9654 4024 10842 2907 7034
5946,8242 2762 4770 5088 1417 8418 2239 2294 2290 12359
5947,476 12325 692 11366 14136 11405 693 6725 8726 13079
5948,3699 4762 7403 7697 3705 1452 11383 4821 1450 6026
5949,11938 7970 3021 11440 10820 3742 12326 9588 14929 61
5950,7401 4948 7866 576 10955 8424 6886 7253 6887 10644
5951,7283 3359 3317 11748 11215 10050 10910 1836 796 4988
5952,15025 9433 4284 5792 5791 2415 202 3407 5191 2457
5953,1320 2375 11532 2371 4606 1779 9192 9191 4060 6363
5954,2925 10042 5143 9442 10763 8052 6103 2918 571 7809
5955,128 9250 5419 9263 821 794 1646 11761 1203 775
5956,740 101 2031 14702 1351 92 14876 11314 14089 8475
5957,7047 1760 715 10664 8024 8973 11873 13973 10685 3228
5958,4305 13958 4776 4946 3479 2244 2118 7190 9679 4772
5959,15026 2301 6620 13832 8409 14281 637 2705 6167 6622
5960,1713 6944 6349 6623 6476 11780 716 13597 12566 9682
5961,4201 1212 9248 1282 661 2457 10471 1567 2024 5791
5962,10893 2200 3597 7385 7832 6969 1206 46 611 7164
5963,11355 710 1896 7936 4358 1222 2908 5486 4851 1938
5964,1190 9164 2516 2532 1395 9906 742 10013 7758 9913
5965,7346 49 8874 1374 61 2501 9340 7726 5753 12666
5966,6178 2107 793 2307 4128 4496 6176 10607 1203 794
5967,4037 12914 9194 4039 1711 8848 7819 1135 1317 4035
5968,13072 8215 2662 1635 8216 8214 8213 7444 2663 8393
5969,342 12776 1205 11864 9142 6981 8141 3621 8604 8146
5970,4201 6999 10418 12862 5553 6047 141 7799 2024 1567
5971,9443 8700 3993 7364 10304 5481 7430 9370 7359 5466
5972,2342 2588 1282 8192 6865 631 2210 9271 2345 9580
5973,13388 9610 4153 3051 3052 3053 3059 3058 3056 3057
5974,5580 711 2277 1346 11654 2278 7929 6087 1347 836
5975,11385 7785 14791 10819 6286 6276 7754 12227 10461 7554
5976,15029 494 2711 466 9200 15028 8999 14163 10380 11481
5977,13312 9519 4350 5026 223 10063 578 10278 11189 3428
5978,12507 7295 12130 8480 12510 9340 15030 4302 5998 1532
5979,5927 4095 10494 6325 14054 5299 15032 14811 13851 12826
5980,15033 13122 6702 14221 10112 8037 9806 10140 9569 10122
5981,4138 6847 10072 1001 5686 7215 4598 2375 1354 12376
5982,1317 9886 4687 3684 10494 7760 2987 2719 4132 4688
5983,4884 3236 7719 14321 2483 3305 4392 3988 4891 4887
5984,12939 14313 4068 11265 7940 1222 11264 6250 11177 7625
5985,10353 12748 8997 11219 6537 11218 10701 12481 11471 641
5986,13610 13777 7138 13778 13779 4637 12981 14177 13117 9182
5987,2820 13562 2822 2742 2815 12007 1165 1166 2741 1535
5988,13960 13007 11753 15035 2820 10207 13259 13651 12426 3464
5989,3465 12744 12007 1168 2820 13200 1525 13574 1166 1167
5990,1323 3464 14712 13661 12747 2820 14084 2815 1535 2742
5991,1323 2820 405 2815 14879 3465 1165 12742 1166 2741
5992,13672 13518 12426 2820 2822 1535 2744 1525 3464 405
5993,10192 1011 1357 6360 2371 9851 12075 7554 1354 2376
5994,1145 14363 11350 13237 11891 8741 2096 14440 1136 1146
5995,9773 10657 9815 3406 6434 10164 2555 3790 9913 11481
5996,1011 5687 9534 10199 7427 7057 7091 10987 7554 5447
5997,512 5312 90 4350 8407 55 478 490 5186 3223
5998,3365 499 470 2224 768 1642 12916 6702 757 1233
5999,248 12176 8888 419 8851 244 238 8986 6574 422
6000,10529 5650 6094 707 12984 498 6130 10131 11410 9767
6001,8986 10059 6129 15036 7630 9533 11098 12823 12278 6710
6002,6471 182 3310 9530 10300 2448 1412 1418 3014 3710
6003,10092 3393 13593 421 3392 3391 3910 7334 9936 13591
6004,12027 15038 12842 7393 7908 4790 8761 1740 5229 5228
6005,6375 11139 5186 4406 9441 5622 10433 9601 7246 5724
6006,8553 3543 7552 9171 6858 4139 12730 4606 5848 8159
6007,12656 10990 1011 9749 9084 7554 10994 8982 8542 4743
6008,5791 8307 9252 27 3035 5750 715 363 9337 3407
6009,5155 4496 8349 1478 1504 3199 8522 1835 8653 1203
6010,13923 4020 708 7442 8098 12108 5805 8302 4348 14801
6011,12759 15039 15040 14282 4194 6870 1660 2115 328 4962
6012,383 7913 3983 1301 1661 4360 5982 14739 2859 2581
6013,2575 3367 8422 10891 5541 5655 166 161 5663 1606
6014,5462 11735 4220 197 885 46 2225 1787 14282 6212
6015,10574 5875 7011 2883 1774 3443 15041 2869 6363 7216
6016,4516 13452 14127 2820 14084 2741 13235 2742 3464 8906
6017,5901 5199 3847 10154 2859 13634 683 6769 9971 9823
6018,4424 53 14163 12031 771 3222 100 0 45 798
6019,47 2504 2579 54 9588 12421 8565 9590 61 45
6020,13905 9495 1302 1300 1304 10507 13904 1040 2059 1222
6021,771 11737 7632 3884 14465 9357 58 13627 14466 14168
6022,8889 11583 1475 8892 4591 8894 2743 13353 5345 1535
6023,2526 7135 10883 9159 6016 6015 10893 12559 611 4087
6024,6933 14844 1475 13008 13039 10731 14021 6721 5570 936
6025,11718 11440 10776 13134 3021 54 1368 93 10820 8475
6026,1814 1641 420 6382 11658 11574 2645 5577 5549 6033
6027,4660 4663 11370 11368 4653 2804 4662 11369 13022 4650
6028,9372 9249 3304 6489 3821 5375 6481 6504 5378 10277
6029,10901 8104 14358 3394 10900 9814 14357 13524 13525 14254
6030,8768 15044 10667 372 14280 12307 12741 5026 9490 223
6031,14163 14307 4432 80 112 8050 7159 92 58 9043
6032,323 176 6411 4468 4821 7420 6374 873 9273 4268
6033,6400 12752 13124 467 14541 6312 6463 11361 645 688
6034,1351 10390 5858 242 14089 740 9052 3453 8984 1014
6035,1539 2283 4028 12538 1784 5259 14484 14482 1537 7662
6036,4413 6360 7096 1357 9851 1354 2371 2014 5689 3083
6037,2741 11881 2742 12425 2744 13201 1165 2820 13672 3463
6038,10560 14752 7264 14352 2635 15175 14538 2634 11341 11366
6039,11545 13486 11380 11543 646 13084 1160 12373 11544 5237
6040,11528 7366 1011 5535 1862 1863 1317 3333 5508 4036
6041,3717 5116 314 9934 16 2597 4512 6128 19 18
6042,1355 1354 1357 2378 2376 2369 9236 11349 8476 6360
6043,14636 3765 11550 2309 10968 5561 169 1737 8796 43
6044,11231 560 6065 7228 11533 8341 11788 8333 11232 4317
6045,4514 11121 3464 14799 3465 6992 8828 1166 2820 14712
6046,14803 11111 9784 4791 9788 14374 4329 14985 9785 6866
6047,4642 4643 5565 4644 4647 4645 4646 4648 4658 4659
6048,3914 12283 4160 12284 2298 3927 3912 3616 11725 4156
6049,6025 1980 3015 4957 11954 2576 12244 3173 2551 9913
6050,12250 15047 9984 1196 13029 14314 32 716 12980 5640
6051,4407 1776 1721 6219 2881 14438 14439 3080 1723 6542
6052,6034 3020 7044 6035 5052 1584 4761 8452 1203 2024
6053,3957 1512 1514 1513 8482 8931 9497 9955 1613 874
6054,2799 4344 4906 2697 7279 7561 2720 1371 3826 7151
6055,5076 9390 9048 2768 47 6592 5079 2776 13048 4353
6056,6378 2225 8198 15082 4960 8146 8860 3153 3024 208
6057,2488 11970 7321 5209 2495 3348 5820 120 2480 4916
6058,12783 12506 5188 9244 2109 5818 14151 15030 10679 12503
6059,2962 10657 3553 2959 8595 9321 5818 954 11832 10291
6060,15049 4596 1709 4072 10716 3667 7065 9851 1357 1003
6061,4117 11673 11707 4116 4118 15050 12763 4581 3040 3498
6062,6990 9784 5190 11108 4300 14985 14029 15153 360 1532
6063,6908 11954 1960 4370 3160 8503 1806 10342 9913 12514
6064,3423 9805 7740 905 6228 10322 7487 5247 12566 6484
6065,13047 8023 15051 15168 15119 8130 5376 15241 12507 4504
6066,9880 9879 12946 2196 4589 966 967 2442 12944 12760
6067,1540 7655 12946 15053 9880 8263 15052 12943 9879 12760
6068,7961 586 4843 10439 6402 6391 4355 7869 1300 4973
6069,13948 6109 6065 11634 9847 62 10025 366 11533 11636
6070,3383 3148 6322 5078 10660 5812 3350 5822 4638 11094
6071,13080 13823 6095 13078 12831 716 12459 13283 9846 5625
6072,13342 2402 5607 4577 6789 2834 8408 12797 3587 10484
6073,1537 3025 10066 1536 1539 10223 4088 1538 10222 6306
6074,5730 5011 2126 7921 1641 9166 5414 6033 323 775
6075,15055 4167 2990 668 3678 887 1979 864 1641 6033
6076,1404 12197 14265 2117 11293 4861 169 149 9320 1032
6077,11036 4718 4713 10486 2041 13114 4716 10976 8274 14377
6078,12480 7843 2015 911 5336 3838 4645 4647 4648 4658
6079,4660 4663 11370 11368 4653 2804 4662 11369 13022 4650
6080,117 2325 10383 10382 8591 10380 131 11481 3149 118
6081,625 8239 14585 11460 9067 11458 12056 14718 14577 5552
6082,13647 13673 149 708 9961 12333 12659 169 873 466
6083,14163 13919 3021 58 8999 8050 7159 80 4432 112
6084,425 10920 4757 1666 11643 9000 944 5552 7696 4262
6085,14713 11460 14585 7223 1449 11662 15057 4816 1203 4757
6086,9367 12800 2659 10263 3503 11391 1044 9 2516 9913
6087,9412 9406 7014 9307 7015 3486 14762 7016 13557 9308
6088,15058 2865 271 3137 3088 270 4099 4111 8966 269
6089,10095 13682 9407 2869 2374 9410 14616 8997 9409 3483
6090,8702 4805 14220 1028 1988 4808 12483 14081 81 15211
6091,1394 15059 13930 699 15168 633 7002 1631 8132 6855
6092,101 15063 8370 15061 15062 8369 8999 15060 12711 2083
6093,14306 1858 12206 6106 11126 9055 739 15211 8587 81
6094,10667 14891 14910 8581 8588 15009 2595 8421 14388 15044
6095,3405 11920 9024 12201 8411 771 15064 2129 2958 4432
6096,13943 3801 14961 11087 12324 8421 7699 886 13350 14441
6097,12574 12134 1880 14887 5678 14606 5676 14971 1345 275
6098,15065 14550 15184 15196 3471 618 3200 5225 91 14619
6099,101 9009 1569 10053 11125 11124 9777 10014 8475 9913
6100,14163 9300 14543 14566 13952 58 9043 14547 112 80
6101,3903 10173 6592 8241 2764 5540 2021 8798 879 14303
6102,52 8474 10715 8475 7114 14875 78 45 81 76
6103,14951 4162 9054 9472 8999 14166 91 14979 14558 14100
6104,14209 3153 11043 14213 14458 11120 1859 14596 14494 4063
6105,14088 14558 12513 6521 14866 93 9055 7113 14868 4378
6106,13517 625 9067 6048 7375 14585 5507 11204 12053 4943
6107,12338 7937 14860 14508 15177 1847 15176 6584 7110 12717
6108,4423 9113 7177 3022 2083 2084 15002 12711 2085 3057
6109,13899 12134 12574 14106 10121 12850 1518 1345 5333 7688
6110,8408 13018 14854 7170 7381 14526 10484 13132 14525 14329
6111,3711 488 176 2448 4761 11070 3713 2709 4757 7697
6112,328 3587 5140 5313 12819 12868 876 9211 4497 8028
6113,14958 15070 14652 13627 15187 14465 8860 3720 14168 2112
6114,11195 8560 6306 11694 11697 11696 11695 11698 14473 9509
6115,232 2829 11299 2828 7697 14845 10153 3263 3813 1311
6116,6869 11299 6316 13429 10153 11847 14096 14473 14175 6062
6117,13526 3841 8256 11884 678 10591 13056 14566 9300 14543
6118,5674 1907 10565 11894 12387 11895 8031 14531 3955 5675
6119,3656 3654 14450 5599 13211 13398 2991 9150 11388 10396
6120,11124 14240 8871 2324 6411 13933 287 8500 5759 14361
6121,12811 14620 11563 8690 7002 12689 15072 13949 8579 14984
6122,74 2986 541 5415 10225 9443 13168 94 7462 3031
6123,15075 15074 12017 14092 740 1589 1444 14713 11949 8567
6124,12178 9262 11459 6596 4 6374 7697 7420 1452 1203
6125,4417 1865 10483 10559 8969 1949 8131 12560 11718 15215
6126,786 9227 13369 3576 7131 12013 3041 15072 1439 1203
6127,8095 7962 3561 14255 1886 13929 2015 4564 13000 9759
6128,2938 13560 2781 11993 469 2933 10489 847 14862 10418
6129,11096 8901 14780 13917 3274 13780 13720 2480 10873 8899
6130,5928 12549 11934 7433 5028 2133 10161 821 6959 5541
6131,46 9683 2277 2278 6087 8328 102 578 1346 10632
6132,14080 8802 8587 4436 12440 14081 7324 14605 14604 9821
6133,14022 5329 5330 13531 14370 3482 5328 13002 1882 5327
6134,14781 9573 15077 7240 10975 14066 12619 6971 13019 5755
6135,951 4205 2234 9480 3019 7726 2499 9161 9913 2551
6136,11654 6543 6495 6494 14227 9226 6544 4474 4964 10106
6137,14631 12290 12293 12292 12675 13381 12291 12289 12674 12673
6138,8087 14371 12613 2089 1637 9566 12277 10133 9575 14042
6139,11836 8196 12852 323 12034 4408 2597 4127 2558 2781
6140,3214 15078 10291 746 611 8480 11483 2309 12510 10290
6141,101 15013 3055 611 15002 4426 3735 14578 8475 92
6142,2086 8921 1173 8687 12187 8585 11039 8238 1808 11004
6143,645 11210 9566 14664 12328 11247 11246 4594 9560 11166
6144,14307 10715 92 14703 2204 740 52 13890 11314 14876
6145,91 1368 15079 14163 14559 14612 14865 8999 80 9043
6146,10134 2607 7960 9092 2929 7961 3197 5104 7343 8024
6147,13388 12689 13937 80 112 8050 4432 7159 9043 114
6148,10696 13945 2717 4654 14467 13019 14775 11716 9077 12648
6149,5823 3691 6812 3739 1735 9278 12916 6697 8936 3676
6150,15013 14578 101 13587 8050 9819 14407 4426 15270 3062
6151,10121 14106 14223 6346 14160 8737 6614 5757 14483 5513
6152,794 12388 12386 6411 4253 11592 793 3906 6800 2354
6153,2828 9343 12388 12387 14845 1311 12386 2829 4253 3955
6154,200 14703 14307 2204 740 10715 14220 8376 14702 3021
6155,15081 14840 3062 3061 14991 14990 14989 14993 14992 3060
6156,8663 1886 10918 13527 1883 5634 8416 12104 9015 12315
6157,4215 6964 3441 1798 6366 1197 1199 4 2024 463
6158,8666 3548 656 14957 13629 11559 15149 2598 13357 466
6159,13637 11398 4238 6610 7632 4194 11527 10329 3258 4235
6160,692 15082 15083 8198 4406 11366 14136 11405 4960 693
6161,13215 14721 13838 691 13214 5107 14575 14443 14201 692
6162,15060 14826 13414 13587 11185 7122 3055 14605 8999 15134
6163,12134 12574 12850 1345 1518 275 3348 1089 65 6524
6164,5595 14689 6836 8272 14543 630 14566 6259 9300 12065
6165,58 14742 8050 112 80 4432 7159 9043 5311 13388
6166,6099 11166 14658 6792 14664 4655 8393 7444 8212 1998
6167,9054 13587 14296 14555 15079 7124 13912 7121 15045 15211
6168,1456 14120 14299 8775 725 10142 12862 1444 571 4788
6169,7723 182 2107 2103 2949 2748 580 11461 2448 2024
6170,798 12463 713 12055 8190 1499 2808 12428 10541 12967
6171,7440 1028 15085 1238 12313 1239 12027 9001 14155 5230
6172,6558 5452 2653 4973 1304 11733 11665 3411 1300 2296
6173,10339 12966 3821 10637 5376 6881 8007 9207 9189 11460
6174,6785 7170 8081 12566 6244 366 6541 10870 6240 11468
6175,15086 13538 9214 6228 11921 11610 644 6346 4375 14890
6176,794 9319 383 7223 1553 8483 15056 11653 6577 3315
6177,14396 4576 14268 14974 2166 1732 3685 5226 10334 15107
6178,8588 9056 15072 8581 14430 14891 9260 12689 14210 14080
6179,1533 8904 1532 13329 1323 14324 3465 4514 1529 11112
6180,11196 2317 749 9947 859 8184 1782 5721 5722 775
6181,11157 7393 5850 12027 5746 6282 5747 7908 12313 2221
6182,12828 11709 13577 6613 12371 8788 12373 1893 10868 14414
6183,7380 14215 11073 14890 14506 3595 5235 7828 7564 3278
6184,12719 2839 11610 7889 7648 4700 13605 14039 10593 263
6185,2133 2774 6826 6255 4 10138 5928 1203 323 1206
6186,8999 3504 12237 10798 11632 6065 7572 10508 10025 6109
6187,6329 4265 8960 413 466 624 3771 12363 6335 6328
6188,14482 8340 4028 6270 14484 14854 7955 14914 6566 3868
6189,11405 11402 2151 14136 692 11403 693 726 6725 11404
6190,4963 4700 12385 9688 6493 6487 11642 4964 13378 4699
6191,6415 405 13932 2820 1535 13187 1166 14122 1323 12426
6192,7663 1018 9964 7163 14858 12247 4450 9965 7664 14528
6193,2204 8376 14307 11378 14703 11314 14876 92 12421 9590
6194,14764 13556 5058 15016 962 963 3006 12558 11651 12231
6195,478 1004 5438 1069 651 15088 149 775 11758 1199
6196,12276 14398 352 15089 10695 6276 6268 11654 8102 12180
6197,10281 9071 688 5498 11361 2581 648 1661 11039 12992
6198,2240 1752 2930 1747 5132 12667 3043 3044 7343 2560
6199,12087 2556 11480 9913 1383 3409 5314 11481 2579 5574
6200,14180 12843 5430 14196 12905 12906 13316 13409 8362 4516
6201,4840 14416 13813 14074 12841 5570 6284 14075 9015 11597
6202,15090 5747 4705 5746 11157 8700 4696 2 5745 13049
6203,528 12820 13315 10880 11555 12905 8362 4836 13314 14180
6204,2614 9784 12007 2820 13200 1167 1532 2365 1166 2741
6205,2742 5998 2614 2741 1165 2820 13327 8631 1166 13353
6206,13248 6000 12509 1528 1535 8892 13128 13244 2820 1166
6207,405 1535 14084 2815 2816 1166 2820 3464 2742 404
6208,13628 13650 13271 13574 404 1165 13327 2742 1166 2820
6209,2742 6001 2820 405 1323 2816 14122 13007 1166 1535
6210,177 1880 7923 13129 3468 3466 349 2519 618 12130
6211,13422 6326 12502 12826 15032 14054 404 6867 14812 9792
6212,14374 14375 14376 9784 15093 2365 13440 4329 9788 4791
6213,3464 1166 8904 1529 2815 2820 14712 2742 1535 404
6214,13187 2820 2614 1166 3464 13326 405 14712 404 12426
6215,12826 12475 403 13345 14122 405 404 2820 12426 1166
6216,1166 3464 11052 2820 14712 1535 404 3463 12742 405
6217,14015 13346 13005 8730 13186 13562 2822 1323 2820 1535
6218,12502 14408 11123 14812 14811 6941 9784 15032 406 4329
6219,1166 13422 9791 3464 6867 404 12502 9792 2820 403
6220,2815 9784 12742 1532 2742 11112 2820 1166 2741 3464
6221,9792 14812 15091 14811 12502 15032 404 9793 14052 406
6222,13562 1323 13334 405 404 2820 1166 1535 12426 13187
6223,14655 14029 15032 15091 14812 1532 6353 13186 14122 14335
6224,11955 14562 5998 13327 3465 2742 2614 2820 2741 2744
6225,2742 1165 12426 13327 2741 2820 1166 2743 2744 12425
6226,1879 4330 13625 1535 2814 13650 13323 14405 2820 3464
6227,2365 15093 14374 9784 14375 1532 14985 360 14376 9788
6228,1532 5430 13651 2742 13423 14327 13672 2614 2820 1535
6229,2822 14881 2742 5998 2815 3465 2820 2614 2741 1166
6230,1324 3464 3463 11052 13731 2744 15035 1165 1166 2742
6231,12426 13248 6351 2820 1166 404 8906 1535 2741 405
6232,14183 1323 14662 405 2820 8526 2614 12426 2742 8904
6233,1532 2365 11112 2742 2614 2820 404 11753 1166 4514
6234,2820 11052 405 1323 2614 1530 1535 1525 1166 12426
6235,1533 13660 13186 13700 13932 5475 8402 1168 13200 12007
6236,2744 2742 4515 1535 12747 2820 1165 2741 1166 12426
6237,362 13562 9791 13959 1532 11121 405 3465 2820 1166
6238,405 2744 4515 2820 2741 12425 1535 2742 1166 4330
6239,405 13575 1529 2814 1166 3464 13348 8907 2820 1535
6240,5344 6350 13339 3465 7686 2614 2820 5998 2742 11899
6241,15097 3465 2820 13342 2742 14360 1166 1534 2614 8906
6242,6991 1339 5998 11112 1534 2614 1532 2742 14335 2741
6243,14655 14335 6353 4516 2820 2741 1534 1339 3465 8835
6244,12425 6350 13339 2614 10207 3465 5998 2815 2820 2742
6245,2741 2614 2742 5998 8631 11899 2820 12425 1165 2744
6246,13806 13804 2951 3333 13805 13807 12505 15289 477 10976
6247,1532 1165 8830 14138 2742 2820 2741 1166 404 11112
6248,8907 4330 4516 2820 2741 12426 1535 2364 1534 3464
6249,9786 2820 13188 11418 12426 1529 13187 4330 1166 1535
6250,11899 408 2820 12426 1166 1535 13189 3464 404 405
6251,6989 14150 404 1166 2820 403 12426 2815 11753 12511
6252,2741 8907 2742 2820 12425 2744 4330 1166 1165 12426
6253,1165 2742 12994 2741 2820 1166 13327 2744 2743 12425
6254,11898 2741 8907 6994 8830 2820 2742 4330 12426 12425
6255,10790 1381 6109 4315 10025 5264 4316 519 366 6110
6256,2498 4290 14890 1557 11782 14446 11684 3955 1555 7653
6257,5359 14120 14674 8775 15261 9240 7719 9581 725 14470
6258,6162 1874 1844 13070 14588 6623 6781 1522 2627 7934
6259,11620 6069 1912 10254 7571 11249 3460 14039 10593 11414
6260,12494 11011 14000 947 14706 14388 914 15009 9144 9693
6261,10868 6613 9205 11153 13046 13004 5970 1669 14091 7530
6262,13765 10184 6090 10833 8887 10834 7849 10835 7529 7848
6263,13452 13482 14657 8869 2614 5998 13319 2742 3465 2820
6264,8647 11780 4459 8318 7481 9972 12980 8612 12282 11026
6265,12559 1133 9288 9287 8525 10866 8486 3040 4088 1537
6266,10376 10377 9712 12924 5111 7764 743 10378 10379 742
6267,9547 11537 1135 4598 9548 1011 7819 1148 1141 2369
6268,1684 286 10417 816 4285 478 10818 4138 1772 10814
6269,4755 968 5728 15099 10838 8038 5755 7239 10839 9811
6270,4450 10911 14762 14546 7014 11571 2009 7015 9307 3486
6271,6432 12332 12934 15027 10461 7072 8164 12209 4605 5689
6272,1018 1226 7474 1117 1036 7664 10547 2563 1227 10785
6273,4605 8164 11120 4133 5673 14209 14458 4135 1859 2869
6274,14226 9249 3222 14225 2887 13885 14236 8634 7310 13878
6275,7827 1748 13103 14182 267 12611 13368 6842 13673 12681
6276,2874 1011 1861 13483 1862 7554 1863 5690 4599 2875
6277,4599 9851 2014 6360 1357 6553 2376 1354 2874 9236
6278,5273 14729 3602 6909 10169 13004 14091 5970 14090 9998
6279,2946 10519 7018 2418 13142 12959 5287 6884 6885 7019
6280,4523 13238 6548 13605 7253 560 7628 14170 7401 9949
6281,8555 6782 9233 13459 14342 908 6170 13170 13544 5716
6282,14237 6163 13070 6225 6228 12765 12229 6623 2627 6169
6283,3878 900 9661 12025 9807 6251 7934 2439 13204 6162
6284,1268 1847 6240 6174 7947 7948 1592 4358 12566 1222
6285,14533 1126 13770 11908 8032 14006 10490 13841 11453 4386
6286,14146 1700 2008 4068 6183 1864 6171 13961 14885 908
6287,21 12196 7946 626 13418 13479 2421 2859 567 3661
6288,8136 6168 6240 6479 14731 11529 1665 11219 11218 6537
6289,12432 1844 8144 6781 7938 11648 6162 2438 12351 9806
6290,127 13285 7302 12037 10123 1836 4966 3577 133 5594
6291,8516 13782 3862 230 8057 7745 8144 10119 8462 3861
6292,11418 1532 2820 11112 1166 2742 12426 1535 404 2741
6293,6548 10029 8590 8589 726 4357 5268 7844 14491 7842
6294,5895 13184 14091 5896 4964 13004 4073 14090 13535 5967
6295,3947 9183 7394 11273 9307 12714 7014 9186 8047 1834
6296,14182 14001 7660 13537 6669 13530 13368 1561 14446 263
6297,11996 15101 13665 13685 15238 8057 11785 6780 6567 10461
6298,12576 8335 10441 5383 11574 1655 5385 2439 5381 2438
6299,9795 12500 13441 10041 15102 6571 6990 4329 12505 8808
6300,14353 7401 7571 7253 6724 6886 4948 12623 7939 10257
6301,4035 10073 1011 3442 13380 1862 1863 4036 13426 11420
6302,13692 9803 7571 6783 10257 907 9809 1665 13887 7574
6303,12077 11387 13519 4132 4687 4688 4403 12917 7091 4138
6304,7702 13556 12147 10911 14763 15106 3486 12632 13557 9412
6305,14085 10986 12486 1560 1561 13725 9830 14446 11782 5676
6306,10435 7630 14672 13585 3044 1751 1752 3043 2560 4863
6307,2820 12426 1166 13189 13188 1535 2742 404 3464 405
6308,10282 3092 106 3093 541 4554 4552 4557 4556 4558
6309,15105 15104 15159 10654 1473 1472 23 1471 13438 13108
6310,10941 6486 9683 9199 14057 13697 11190 11289 1170 9362
6311,2869 1145 1002 1001 1013 1136 1146 1721 5686 4596
6312,9194 7217 6363 2869 4134 1704 6705 12936 7216 8166
6313,2885 11025 5129 4285 1772 5667 10807 5124 11626 1774
6314,12802 4387 1011 12794 12798 5350 12797 2700 3268 2879
6315,1354 2378 6360 1357 1355 9236 2376 8476 2377 9851
6316,5673 1003 4430 11120 14459 13111 1860 12551 10843 12850
6317,2378 8476 11002 2869 8166 3083 12297 6550 1354 1357
6318,8210 13728 13077 7754 11354 9123 8058 5405 12312 14362
6319,10365 9236 2014 1357 9851 6360 10366 2378 1354 2376
6320,6526 8181 11469 3676 3973 3533 10338 4559 2581 2330
6321,5363 9510 10625 3197 14721 1527 14740 15034 8454 8226
6322,4752 11054 12568 7623 13105 12717 4754 8412 7937 2449
6323,370 13741 576 2592 323 11117 344 12717 2108 7967
6324,12719 13171 13795 12499 10450 13794 5878 9583 12720 12498
6325,4672 10488 13793 11248 14229 13848 12527 13278 12859 13798
6326,4605 2875 4135 4133 8164 7554 7071 2874 9751 3694
6327,9748 9747 8541 11537 11648 9746 11799 8980 11798 1158
6328,13766 14115 13253 7250 4360 383 12719 10982 13600 14112
6329,4138 1354 2371 1357 2370 2374 6360 2369 2378 1355
6330,2725 7539 1809 6764 10892 14118 10251 9147 2137 12011
6331,5005 5006 5007 5008 5009 5010 6746 12809 10468 13966
6332,13567 5452 14057 9085 2296 2653 1686 13435 4080 4079
6333,7408 12565 1127 4700 12470 13741 14311 14739 7643 7649
6334,14764 2881 8296 7014 11273 7015 9307 14546 14762 3486
6335,8844 574 5793 102 12459 575 6227 1196 1297 1294
6336,7960 102 3197 2023 12221 11477 2607 7961 10239 3736
6337,15107 4576 14268 14396 14974 8585 14144 11042 11004 9893
6338,10786 1672 10435 9053 4787 14070 5897 13755 2149 6332
6339,12253 383 12311 8386 4045 14111 952 4360 8664 1886
6340,1993 6596 9263 14475 14162 167 9296 6576 1203 1452
6341,1367 8621 514 7121 3055 15045 14296 15003 11185 15211
6342,7441 12975 12977 5304 5833 3716 12974 10860 333 7225
6343,10037 12617 1883 1128 10038 9772 5634 9566 7909 14066
6344,4657 4655 9361 4656 4664 4660 2804 4651 5563 4650
6345,2093 9470 9473 431 8299 4018 11762 4019 3611 8282
6346,2093 2086 6347 10086 416 12068 11039 11004 1578 7825
6347,12949 13065 1996 3572 3571 1998 3573 1997 14600 2663
6348,9202 11038 12565 7351 2899 1840 6549 6618 2587 6617
6349,14777 13257 14276 15108 14790 13810 7444 7336 9079 14622
6350,13721 13811 11714 1635 11543 8216 8393 2087 4892 7444
6351,7309 7563 6136 3572 7562 2667 6137 13067 7557 13003
6352,1884 13703 12647 13432 13433 13247 1885 13246 12997 12646
6353,6334 5374 5364 5368 5745 5371 6115 5363 2015 9372
6354,6303 7230 4540 12338 12164 5147 2263 12339 6467 2273
6355,15109 3784 6111 3716 9004 8636 10084 14381 8617 1950
6356,12182 12274 1956 8757 2805 14772 13020 4643 6099 13608
6357,14031 9760 13432 13433 10918 12172 13532 14809 1884 1885
6358,8214 2663 3572 4056 3566 12949 1997 1996 3571 1635
6359,15109 14381 8617 6128 6003 160 9430 14035 8896 2597
6360,8096 8095 15 13382 4565 9759 13 12049 13307 12
6361,12870 15109 8617 14381 6128 6003 14035 8896 160 2597
6362,158 9494 9027 147 11165 6306 11198 3233 2797 5557
6363,4651 3451 12740 8825 14257 7739 4650 8077 4665 3804
6364,12544 13817 12183 13944 1635 8215 12977 2663 4058 14600
6365,10259 12410 11261 12911 12316 12504 14416 3716 3988 2614
6366,8629 11191 14372 11203 12949 14600 1996 3274 4057 4059
6367,3804 6852 13904 12740 8825 12650 5 8439 726 2645
6368,14032 14916 14918 14919 14917 6334 5374 12363 5364 8664
6369,10872 13461 9027 10873 10874 14779 13462 13975 7759 1288
6370,3712 13063 12069 25 8899 9571 14796 3274 13462 9358
6371,15112 11184 12877 45 53 14578 8475 7120 81 7124
6372,6577 2311 7723 13071 7225 580 15113 14261 5538 216
6373,14706 14388 12494 14960 14705 8428 14975 15114 14951 13521
6374,612 6198 3222 3596 4762 170 11683 9781 2448 9249
6375,6874 14900 5116 1956 3722 13609 12775 1955 8288 160
6376,15115 15116 15117 8708 15138 15137 10287 15136 10481 15135
6377,4217 1247 8918 5758 2761 9309 5712 1452 795 1239
6378,1396 12668 15118 4426 91 11185 7914 5225 14417 13243
6379,14278 14396 1489 1488 13848 14937 8572 14891 10159 1493
6380,10215 14320 10369 12166 10053 14306 7898 8999 14984 6146
6381,10095 14582 13737 13685 6280 10798 9410 4755 4434 6109
6382,9350 11631 14477 14481 6725 8726 11405 693 11366 14491
6383,7993 8140 14436 14833 8860 11400 11127 6485 4186 11963
6384,3791 1797 4180 363 770 1649 1203 4212 2318 5724
6385,5044 6523 6522 3309 9924 5567 12436 12434 12435 9913
6386,13435 12233 8852 5260 2483 3638 1686 2152 3542 2653
6387,4451 14228 14434 11630 9660 11631 451 1948 1880 13074
6388,3167 12097 6701 4031 3367 8201 3860 5723 216 4032
6389,10171 14307 4191 15074 11914 1204 744 7579 7050 5049
6390,7145 13364 11317 8970 1386 5155 5045 3915 9263 1568
6391,12748 10701 15120 11471 6537 11218 11219 3665 14153 6298
6392,8322 11873 881 10558 12708 2867 3805 2912 7897 9445
6393,4985 4900 7326 10675 4348 4901 1371 4905 9499 4638
6394,7344 1796 3811 4761 2586 757 2318 7734 5613 2309
6395,15124 15122 15121 15123 692 11366 2909 6563 14136 3795
6396,2380 9853 12238 2379 2375 11347 2372 11816 5846 7064
6397,10050 11856 14013 12973 14095 11249 4731 11620 11412 4177
6398,11908 2979 2438 9810 5385 1665 9809 5716 3878 8335
6399,3878 6187 6251 2439 14776 4971 7796 12208 6623 4170
6400,9128 8885 1119 8029 8024 1122 8041 14050 8021 1947
6401,12361 5063 11681 3936 4503 4769 12053 9974 4 757
6402,12043 5325 894 879 1217 9066 3033 10532 1203 9711
6403,4424 13515 2760 11147 8475 101 105 4432 53 12066
6404,13131 13716 13879 9895 716 9892 9831 7264 10001 8003
6405,2614 5571 8761 529 6940 7333 7334 8489 5998 12857
6406,3266 1499 8403 1047 1901 871 879 868 6317 4271
6407,3561 13821 6137 6136 8105 8090 6139 12963 13929 2015
6408,10369 14320 10215 10053 12166 3016 10227 4354 11174 14984
6409,5194 13623 12742 6004 1535 1166 407 3464 2820 404
6410,8428 13521 14944 14705 14975 14004 14961 14942 886 14706
6411,6961 7611 5074 209 10645 4422 2987 4423 12158 7826
6412,11366 692 8726 11405 693 6725 13079 11631 14486 11877
6413,618 3200 15065 612 15196 287 5225 1233 611 2520
6414,4909 3330 12593 9566 158 8100 13462 12649 8099 147
6415,258 14986 12568 8027 14483 15246 14429 5757 14223 1627
6416,4424 11147 8496 9453 13515 11492 12623 7985 8475 7271
6417,9308 4311 9302 9406 4132 4687 4688 3486 12631 4138
6418,12649 9110 11209 9111 11210 7 14787 4594 12624 12625
6419,15125 5198 2982 1269 4170 2108 5201 6782 6780 14911
6420,8398 5358 7682 1621 5338 11888 14754 13024 13023 13122
6421,4964 15060 5896 4754 5325 4073 4710 771 5895 4753
6422,10161 9312 7288 9310 9311 9585 9901 5016 9913 2551
6423,14893 4871 3811 8516 4267 7163 6104 2552 14873 10867
6424,12877 11126 739 15076 15067 15215 8475 13388 3055 81
6425,15060 14570 13414 12252 10265 8281 15063 15134 14826 4811
6426,7992 26 2340 4255 2117 3910 4467 7137 1737 3527
6427,2201 715 14504 7904 2457 13805 5140 15072 5791 202
6428,6360 4133 9192 4036 11787 1777 13981 2881 7065 1357
6429,15127 6327 6331 2059 12200 4652 1304 3395 12188 4594
6430,836 7462 138 7929 865 5580 13168 9443 2986 541
6431,9306 11462 4757 9299 6025 5552 4262 2024 7696 1832
6432,12546 10111 10210 5882 8427 8695 8921 15128 10829 1183
6433,5929 8735 15129 14471 8736 3068 14217 8734 8739 10562
6434,1788 15131 10000 13255 13253 12693 14340 13252 9395 9229
6435,625 3407 9067 5791 2520 2457 1233 4284 5792 2503
6436,4237 7399 9064 6999 8450 2139 458 5523 1203 2767
6437,12653 9126 13024 13548 8613 11783 14521 14117 9128 13690
6438,9806 13889 9810 11177 1939 2627 7651 4069 4068 2438
6439,5 4020 611 12032 14035 160 6003 2597 6128 5634
6440,516 2319 11235 3811 10381 323 2657 7705 1668 12475
6441,4688 11537 2369 4132 4687 1354 1357 2371 2372 6360
6442,12298 14971 12850 5676 5678 14606 14575 14443 14201 6581
6443,8141 10622 11120 5673 14209 1859 3170 14458 4063 12551
6444,7796 9393 13404 11358 4971 9392 6761 3428 1119 12948
6445,137 81 7113 7120 12877 4363 8494 6572 45 8475
6446,3017 11255 406 3210 13741 14743 14040 13366 14311 2979
6447,13587 9055 6106 3062 14991 14989 14990 92 14988 14876
6448,8873 14997 14718 12875 5037 8780 14827 13017 10308 14585
6449,14299 571 10042 10904 2918 1951 10048 10210 570 10708
6450,13430 14316 5929 11384 15266 3067 10263 5623 12382 5107
6451,10746 13957 3437 15179 10002 6292 2856 10609 6281 10031
6452,14865 13587 14555 91 14427 14306 7124 9055 14296 7121
6453,11167 14142 15132 12383 14417 8577 13831 9544 14490 11064
6454,15133 13999 12991 9100 9797 10428 10429 9798 9202 7351
6455,5917 2287 10255 5781 5782 5783 1253 6228 14064 13998
6456,15134 8999 15064 15060 9043 4432 112 7159 8050 80
6457,8999 14826 15134 8587 53 78 4426 91 7121 15211
6458,12134 1518 14886 12574 12850 9258 275 7952 11689 13899
6459,14930 13937 1385 5545 6902 2498 8856 8520 775 8855
6460,14196 8108 5430 2669 13409 1785 3171 12905 14180 14195
6461,2626 13594 10287 15140 15139 15137 15116 1995 15143 15245
6462,15140 15142 15139 15143 10481 12469 14855 15141 15116 15137
6463,9826 3859 6785 230 12566 1269 10870 10867 9805 6244
6464,6415 2958 10277 7249 13578 5570 11533 2614 8341 5363
6465,4066 2916 412 2013 2919 10048 15145 1594 2282 2286
6466,11319 11318 12756 14286 11120 14952 5673 12551 2887 13568
6467,15101 8057 6780 13366 1665 7572 6109 13685 8409 10025
6468,14824 78 9054 53 8999 76 45 12810 93 58
6469,14931 7845 9511 15146 7115 6582 15192 14687 10957 10560
6470,3790 15147 739 11126 2551 11938 3406 3160 11939 15076
6471,14427 3160 3021 13033 13134 14929 11440 78 8475 11718
6472,8164 9625 1721 4133 4137 9751 10067 4605 4135 4407
6473,8999 15148 53 9963 91 12810 78 8783 10707 7634
6474,12617 1883 7909 9015 12091 14076 9026 3780 14075 5634
6475,3019 11405 14136 692 693 726 6725 8726 11366 13079
6476,15149 14957 3548 8666 11559 13629 14910 7699 14581 3801
6477,5365 7993 8860 6378 1532 14465 11112 5785 10243 13627
6478,3828 15150 11366 3830 14494 11883 14213 2473 1181 3827
6479,11904 12191 11669 10910 10571 7400 7621 10142 2101 11935
6480,7855 6784 1126 6502 13416 4753 4707 12389 13844 2944
6481,2230 8462 8176 14344 10653 9341 14128 3691 10662 9339
6482,15119 15059 7002 8132 1631 15168 8130 12083 10867 14911
6483,5998 2614 15152 8631 6716 13613 12114 11899 7224 13425
6484,15027 14736 10461 2869 12934 1724 12332 12935 8164 6432
6485,6796 13914 14467 12648 14234 10696 10874 10873 10872 13945
6486,10701 8409 8057 14616 12748 6167 4399 553 2705 365
6487,6788 2567 4909 10080 14413 4910 6789 14164 2095 14631
6488,7237 6866 9784 1532 15153 14985 11112 11123 6941 2820
6489,8899 13064 10959 9348 9574 13916 13067 12618 13063 2789
6490,1436 664 14699 8798 11080 1620 15021 1621 1622 1617
6491,15057 4978 4437 4199 14361 711 704 8273 6197 11910
6492,5896 13184 4966 4964 4073 5895 11054 8412 1697 15105
6493,1516 859 11424 8038 8184 10381 2148 1782 4382 5972
6494,12717 7937 12748 11219 6537 10701 11375 11218 1847 11471
6495,6567 13685 15101 13737 8057 13665 11186 14582 6780 11996
6496,8479 2643 8419 9774 4288 11148 6872 5281 8587 81
6497,4882 7560 7558 3567 13065 5221 3573 2797 3572 3239
6498,13101 15106 15156 13557 3486 2869 8848 9307 7015 12632
6499,10999 10998 10952 10994 5450 5845 10997 11382 6804 5846
6500,5552 2709 9779 4757 8562 2701 5538 11460 4200 4262
6501,4909 13484 13399 12998 10456 2567 3552 13462 12108 12585
6502,8087 3896 14775 10976 11042 8093 14770 14467 12187 11004
6503,8453 5084 1567 6959 6381 458 2767 10471 8352 1203
6504,499 6473 3402 1033 1880 2547 2241 2501 10458 6033
6505,9779 9367 2936 4406 10039 438 8753 1989 5014 11758
6506,11544 9348 12066 9358 2789 4720 13073 13064 13063 14377
6507,6781 9809 1665 14219 14732 14340 4551 13617 9810 6775
6508,4736 5042 6636 5012 2021 9319 3186 4249 5045 546
6509,11328 1028 323 6108 873 345 8352 466 1203 6033
6510,10382 8591 3662 10383 10380 11481 3149 131 10014 6913
6511,3055 14604 7123 11185 1351 9052 14550 15184 14703 13243
6512,5618 2168 1047 8403 871 1901 879 868 866 869
6513,1583 4295 593 589 17 20 18 8404 9518 597
6514,5246 11475 6513 12927 12928 14732 3118 3522 5716 7171
6515,10373 1558 9323 9324 9830 10372 155 12860 13175 4336
6516,12159 10821 13286 11405 4463 2108 6717 12993 11877 4892
6517,3040 10898 8526 1166 1323 13932 3464 14562 8186 14324
6518,2457 5090 1201 4219 5791 1203 775 7823 6033 5066
6519,5331 9015 10917 13900 1883 14075 13040 3482 8363 13813
6520,4137 7784 12655 11721 3083 7058 4597 2875 7065 8539
6521,11813 1870 6275 6470 3289 11016 1273 2216 3324 15159
6522,14985 11254 6716 13954 5253 293 235 234 12114 13613
6523,10257 15161 274 15162 3074 568 723 4300 3688 7065
6524,11945 10407 10086 14025 13051 49 7844 14024 14034 11429
6525,5732 9407 4398 13681 12624 13954 5253 2010 6110 12625
6526,3442 9303 2881 8164 7057 8166 2890 6553 1357 1317
6527,4973 11113 2584 13571 296 10664 7184 82 1300 7734
6528,12875 9319 9306 14718 2206 14493 12689 14585 11460 13017
6529,15128 6103 1187 8518 4230 5105 10042 11132 7809 3863
6530,14780 12171 2793 637 5222 14451 2480 3274 3275 2090
6531,53 15163 11883 11911 14578 14513 78 14973 8999 13420
6532,8526 1166 3464 2820 14712 404 1535 2742 405 2815
6533,11257 8554 3808 3353 4833 3762 8751 7192 5821 3809
6534,12129 12470 7643 1554 1874 1127 7649 7888 5788 14588
6535,13108 7857 15159 10642 3097 1473 13438 1471 10650 9517
6536,12620 14274 12714 7633 4346 12784 11865 11271 15088 12689
6537,14169 12741 11384 12385 12064 14956 13647 13673 12659 7086
6538,1367 1496 2804 4660 4653 13022 11370 4663 11369 11368
6539,115 1901 82 8695 871 1047 7734 8403 3456 868
6540,8948 1613 3395 12188 1615 1131 14159 7618 4594 1081
6541,1456 3206 3473 2780 600 3362 3773 3696 8653 2024
6542,6789 12418 11824 6576 1796 4761 2586 1452 6577 8352
6543,14136 11405 12497 692 693 6725 8726 11366 726 13079
6544,794 3574 149 4462 5581 2306 4695 2312 169 873
6545,15051 8130 15119 15168 5376 8023 15059 7002 8027 8132
6546,9522 14361 11124 5759 14240 12103 9116 11125 8871 14733
6547,12198 6120 2741 2742 12425 1165 2744 2820 5998 2614
6548,233 11291 7205 9143 9241 12600 10247 15046 7719 3607
6549,9348 2788 14377 8274 11544 2789 9574 1288 6138 7759
6550,3144 2313 385 618 612 287 611 6559 2551 9913
6551,2597 14628 7687 160 6128 9484 157 8896 6003 5
6552,6280 14371 15166 14658 11197 15165 14164 13160 14664 6288
6553,9708 9358 2805 8899 13703 7309 1544 14795 13063 14255
6554,9558 4594 14770 3896 6795 11209 6797 9110 12624 12625
6555,14659 5565 12366 4643 4644 4642 1 8634 9083 5564
6556,15167 13306 13361 1636 11944 1637 14798 11544 2480 8629
6557,5332 3482 5331 5328 5327 3568 1882 5329 3481 5326
6558,12093 5 1128 14453 12274 13936 11844 12182 5634 12320
6559,14783 14076 12999 7909 12091 1883 9015 14075 14077 13813
6560,10542 14683 8295 10872 14413 10873 10874 1162 6138 3318
6561,13256 14022 6796 1544 1883 8420 12183 2805 9015 13531
6562,9814 11850 2010 2011 642 9958 11022 2009 6806 13681
6563,8634 12182 12274 8663 8757 2805 14225 14236 13917 4643
6564,11427 11199 13382 12645 11426 14370 11206 13 11429 12183
6565,12748 2015 10456 6537 11219 10701 13399 11218 11471 9372
6566,9772 14624 13817 12967 11165 13818 13814 13944 2795 11164
6567,9350 4594 6795 2787 9558 6797 11209 12624 12625 9110
6568,10456 12998 13399 12265 6818 10918 12315 14 12104 11200
6569,11143 5351 11260 6849 9682 9805 12566 12421 4850 9590
6570,5784 8421 3801 13520 7699 14961 886 14975 14441 13521
6571,15168 15059 15119 15051 7002 5376 8132 1631 1394 13930
6572,14993 14840 15012 3062 3061 3060 9819 15013 3051 8370
6573,8575 6622 7384 4671 13892 2108 6476 13365 366 6189
6574,12866 11776 12147 11120 13590 5673 14209 1859 12756 12551
6575,1778 11352 6361 9192 4606 2375 1779 6363 2371 1319
6576,11837 3723 2945 3729 3728 1293 3128 1419 10654 12773
6577,8596 8491 14892 12582 2833 5554 14155 9761 3897 9001
6578,771 15029 14668 7632 11737 3884 14669 14742 14465 12886
6579,11373 7113 11376 11374 11377 3270 3271 3272 3160 3594
6580,1140 4035 5535 4036 4037 13426 13380 10073 4039 1011
6581,4840 13613 14262 11470 14892 1532 2614 11112 6716 5998
6582,871 7696 11383 5732 3015 7697 879 1452 2024 4757
6583,578 3213 611 618 5601 8460 287 7865 9913 1806
6584,14635 4956 8737 14223 5513 7467 8734 8733 8739 14429
6585,4426 15045 7121 14296 81 15211 8587 7124 91 11185
6586,8935 6084 9834 11321 4095 4044 11156 8782 7623 14980
6587,3141 4712 11868 11046 12503 10160 12783 15031 2962 5818
6588,1752 5987 2735 4225 10931 10930 4568 1521 3043 3044
6589,2869 4139 2875 5447 2883 2881 4599 2874 7554 10199
6590,8479 14669 2310 1500 2808 5637 113 1447 7324 4816
6591,8659 7311 7040 7041 6033 8660 1796 163 7340 2767
6592,14384 14383 692 6228 12081 6151 15225 6152 7452 14820
6593,14213 15169 692 8020 14209 8525 14214 13050 15170 15218
6594,4590 2442 7654 4589 9879 4087 966 12760 967 8814
6595,9349 5466 9284 5059 1186 11481 3718 7861 2739 5097
6596,5079 579 9390 1685 8742 6964 1568 4353 2024 6018
6597,11384 12065 8272 12312 10082 13 14891 12 9759 8096
6598,6414 7224 2614 8869 5998 12114 6754 8631 12323 13319
6599,15100 4126 4752 15171 13602 5163 4966 7946 5113 4963
6600,12850 13885 14480 14130 14131 14923 14474 14548 4430 13878
6601,6617 1840 13214 399 13215 3747 2587 7349 12207 10561
6602,6160 2705 8409 6167 6184 6165 7103 8057 6161 12586
6603,7099 13981 4616 3085 10091 11102 1011 8849 8539 7065
6604,14764 14762 9406 9307 3486 7014 14545 14546 11273 10911
6605,14688 14887 11315 14689 9376 9995 9381 12574 6717 6581
6606,14887 11315 14688 257 9376 9995 12850 6717 2803 10713
6607,633 10125 5917 5904 632 6086 3396 1394 6855 13604
6608,15000 1395 8777 5225 4030 7398 7631 1463 2096 6746
6609,4742 8238 8614 14502 5499 14967 562 13057 13602 14634
6610,1061 5497 12850 13885 14480 14130 14131 14923 14474 14548
6611,8999 78 53 12810 76 45 7111 7120 8474 14049
6612,7470 12254 12164 11575 14505 5788 13761 14671 7649 1127
6613,9150 770 8960 1667 7840 12212 12909 7323 1203 3915
6614,4956 14986 15246 1627 8735 258 951 1628 8737 7082
6615,4557 14996 7841 886 726 13852 11324 502 4556 12634
6616,9051 6902 7717 686 5719 2290 624 2291 846 4441
6617,14926 14299 2595 14910 14388 15009 8421 12494 14456 14706
6618,14276 8456 14209 14561 12206 15173 14458 14596 11120 15248
6619,9588 9789 10169 12421 8565 2504 9590 6871 6872 5180
6620,3578 3401 5764 5766 9690 9364 3579 7983 3400 3394
6621,15174 7431 132 11379 5233 14553 15098 11441 12014 11373
6622,7015 7014 1709 7013 8848 9307 9412 9967 8164 3486
6623,12850 7177 14887 13885 14131 14474 11366 14480 14130 11315
6624,15032 14811 14812 12825 8904 1532 3465 2820 2742 404
6625,478 173 14539 8950 476 2597 7229 149 3865 160
6626,1452 11758 12320 1796 1397 14140 126 9265 8201 1203
6627,8971 9061 1732 3134 12144 10472 10462 4768 2318 1796
6628,11219 4447 14353 12748 8713 6724 11218 6755 6537 8710
6629,6951 4434 4630 4632 354 14582 4755 10847 6949 13597
6630,1390 4 1389 3439 871 868 3441 1901 3438 1239
6631,7847 14704 5938 12321 13558 11213 6196 15026 4540 8034
6632,10552 5938 11213 7847 2332 6834 11366 12321 1607 5582
6633,12321 5938 7847 13558 11213 6196 15026 11690 4540 271
6634,5938 11366 692 693 11405 6725 8726 14486 13079 5267
6635,15175 5938 14752 11213 11366 14540 14654 7847 14426 14496
6636,12321 7847 5938 13558 11213 6196 15026 11690 4540 271
6637,1883 9026 14496 9015 3780 9025 12091 8363 10917 1885
6638,11366 13079 692 8726 693 11405 6725 14486 14136 5267
6639,15175 14496 11366 14752 14094 14540 6218 14654 14486 14426
6640,14477 11366 692 5267 14486 14481 11631 11405 8726 693
6641,15175 14496 11366 14752 14094 14540 6218 14654 14486 14426
6642,14491 5267 14496 11366 14486 5266 14479 692 14535 7843
6643,14496 11366 14486 692 5267 5266 13079 14481 14477 11631
6644,14146 15175 14361 14752 11124 11366 14496 6197 12103 5759
6645,11366 994 692 8726 11405 6725 693 14486 5267 13079
6646,15175 14752 11366 14496 14540 14654 14426 14485 5189 14481
6647,13885 14480 12850 14131 14130 14923 14474 11366 14548 4430
6648,14481 6077 15176 11366 14486 5266 14488 5267 14477 7843
6649,14486 5266 13885 12850 11366 14491 5268 14131 14165 14479
6650,11366 5267 692 14481 14477 14486 14488 11631 7843 14535
6651,11366 14532 692 693 6725 8726 11405 14486 5267 13079
6652,14491 11366 692 14486 5267 13079 14477 11631 8726 6725
6653,10210 8427 5267 11366 14479 14491 5266 14488 13885 14535
6654,11366 13697 692 11289 6725 693 11405 8726 14486 13079
6655,1181 11366 692 8726 6725 693 11405 14486 13079 5267
6656,11366 10552 692 2332 14136 11405 693 8726 6725 13079
6657,11366 14486 14913 14838 3334 12528 692 5267 14481 14477
6658,14481 11366 692 5267 14486 14477 11631 693 8726 6725
6659,15177 14508 12338 14424 14860 14242 7937 12497 7110 11820
6660,15144 15178 412 2428 14847 2919 15145 10048 2916 11619
6661,10552 2332 6834 4374 4324 11366 692 5587 5400 6205
6662,15179 13957 10746 5112 2354 3437 6281 12197 4367 9115
6663,5170 5163 4126 5172 10434 7543 881 7986 6482 11288
6664,11260 14055 4016 8182 11143 8576 13649 6192 7438 5853
6665,11366 692 8726 11405 693 6725 13079 11631 14486 11877
6666,11366 692 8726 11405 693 6725 13079 11631 14486 11877
6667,14486 11366 14481 15175 692 5267 14477 11631 13079 14491
6668,14485 11366 15175 14486 692 5267 13079 14477 14481 11631
6669,12785 7716 6903 11366 14486 692 5267 5266 14481 13079
6670,11366 692 8726 11405 693 6725 13079 11631 14486 11877
6671,6834 14485 11366 692 14486 5267 14477 13079 14481 11631
6672,476 3126 5170 10434 14897 11366 3965 202 692 14486
6673,11366 692 8726 11405 693 6725 13079 11631 14486 11877
6674,11050 11366 692 8726 693 11405 6725 14486 5267 13079
6675,11366 692 14136 11405 693 6725 8726 13079 14477 14486
6676,11366 692 8726 11405 693 6725 13079 11631 14486 11877
6677,11366 692 8726 11405 693 6725 13079 11631 14486 11877
6678,692 5266 14491 11366 14486 14136 11405 693 5267 14479
6679,6467 11366 692 6725 11405 693 8726 14486 13079 5267
6680,11366 692 8726 11405 693 6725 13079 11631 14486 11877
6681,11366 14486 692 5266 5267 13079 11631 14477 8726 11405
6682,11366 692 8726 11405 693 6725 13079 11631 14486 11877
6683,14480 12850 14486 13885 11366 14131 14130 14474 14923 14548
6684,11059 7115 3019 8050 112 4432 80 7159 8475 114
6685,10135 4345 8882 12429 1902 10155 12967 12996 2339 870
6686,7233 10658 8891 6105 4053 10916 11188 13008 2593 11365
6687,6725 693 11405 692 14136 8726 726 11366 13079 11877
6688,14959 279 6345 11237 13640 8145 5383 8335 11574 1655
6689,9116 3798 11124 14240 9522 5759 2434 2430 3799 10145
6690,11700 14835 8221 7328 4829 1728 7379 12047 1713 12578
6691,15180 14564 14565 4756 10200 5019 13511 11994 3628 13602
6692,14233 2089 14042 2094 13969 8101 14372 14371 1637 12277
6693,14193 8564 13207 1379 1380 6476 14181 13988 11405 1840
6694,14449 14555 7124 14927 14500 13993 14976 14296 13912 14895
6695,14555 14721 7124 691 9938 14296 13912 15192 6582 9511
6696,14941 13752 3793 7251 5581 14162 9321 7252 7253 6114
6697,15181 13588 4191 3906 14162 10321 10171 2211 14278 12386
6698,14162 4191 14475 14709 2211 10171 7050 4287 1396 14933
6699,14166 14979 91 14100 8999 2203 106 9054 11185 14555
6700,14705 14706 8428 13521 14975 14848 7699 14960 14942 13520
6701,12651 9055 2391 6106 13587 14988 3062 14990 14991 14989
6702,9197 8012 11734 9947 4182 10982 14001 133 8022 256
6703,2598 8666 15182 3548 14957 14960 13208 22 7256 13674
6704,9014 776 11973 4468 163 794 2461 3952 454 1199
6705,4591 14716 14141 1475 8892 14717 6505 1535 15281 6493
6706,10210 10042 2918 8427 571 2931 10048 2925 12546 10111
6707,4474 11654 14227 6543 5708 12881 5379 9226 7977 6495
6708,2598 13836 22 8666 4875 9519 9583 14224 15182 2595
6709,14925 2637 14741 8488 7188 11919 5522 8280 350 12189
6710,13912 7124 14555 15211 81 8587 14296 44 7121 15045
6711,10834 10833 11731 14821 14822 10115 14592 1605 10835 7848
6712,8444 1855 6544 4962 4753 4073 4964 6494 6543 10106
6713,8143 9578 14970 1665 11564 11006 8118 10484 11007 13018
6714,9055 8413 8762 13587 6106 14988 14990 3062 14989 14991
6715,91 14620 14555 8999 14081 15184 3373 14166 7121 7124
6716,5412 11485 138 9613 323 9090 865 4863 2564 4180
6717,611 8335 5381 5383 11574 8928 221 1655 1454 11700
6718,3548 8666 14957 656 13629 11559 15149 2598 15182 13357
6719,4426 14163 91 11185 8050 7159 4432 112 80 8999
6720,14436 14834 14833 11400 5709 5788 5708 7649 11575 11397
6721,1885 8323 5572 13532 1884 1958 12997 11362 13433 14809
6722,15185 14953 10183 23 8412 11054 11466 11053 5990 13184
6723,12875 14827 8873 3991 8999 9319 9306 14718 14701 15029
6724,13697 14527 5016 14132 1181 2591 11289 1170 9199 8995
6725,6780 9803 8575 1665 13365 6476 13366 13892 7572 6783
6726,15026 14095 14522 14094 577 731 12973 11856 10050 6196
6727,641 6509 610 614 626 604 607 7748 606 9790
6728,11554 13924 13673 12659 13647 9961 12333 11555 14323 12903
6729,692 693 14136 11405 11402 11366 6725 8726 13079 14477
6730,13943 13892 6622 8575 13365 7699 6476 15183 14961 908
6731,6622 9239 6761 11358 8016 15186 4971 13892 2108 11359
6732,13182 11405 11402 14208 14136 692 693 726 11403 6725
6733,8016 9239 15070 6761 11358 1124 3428 1119 1120 5247
6734,12164 12254 6614 14502 9999 5147 2261 9506 3753 14028
6735,13018 14329 8408 10484 9430 14970 14854 13132 14525 6270
6736,14465 14652 15187 13627 14168 6984 14958 8860 11737 3884
6737,5895 4964 5896 4073 9228 7744 7745 645 12353 10122
6738,8007 8132 8133 8027 5376 1631 9189 8130 7276 9190
6739,15188 8127 4450 8459 14209 14213 8123 8122 14458 14607
6740,13265 15186 13690 9557 9713 1783 13069 13691 2409 5161
6741,14008 5352 13694 15262 12162 231 10716 6622 14115 13832
6742,7256 11962 14209 14458 14596 11120 14213 1859 4063 14494
6743,2108 6622 6189 6761 1380 6619 13892 9682 12566 9805
6744,13207 1379 1380 6761 12207 1840 11359 2587 2847 11358
6745,8666 13208 7256 3548 4962 13191 14957 2598 13629 15182
6746,3019 7125 12062 14868 12513 7115 110 7119 7127 7116
6747,10821 14959 8145 14205 4463 8335 5383 279 6345 11574
6748,13943 14563 13350 14961 3801 14536 14068 12324 7699 3267
6749,5486 6619 6617 6622 6621 6189 9682 2108 13892 1896
6750,6991 14213 14209 14494 6384 8020 15150 11120 1859 14458
6751,13949 12901 3771 10906 14517 7984 8134 14693 3770 10026
6752,12474 8145 5788 11397 7649 11575 7643 1127 7888 6508
6753,2149 10786 3886 7497 5897 9053 14070 10435 11189 12881
6754,11632 15189 14579 13513 315 14264 14391 5219 14615 8190
6755,14667 10011 14143 7002 14911 7141 7276 8133 14833 229
6756,1111 7401 6171 1846 7664 14528 11786 7663 13391 221
6757,9842 15172 15100 6952 13602 14565 14634 50 5604 14564
6758,6516 8914 8915 1763 8482 10114 14288 10405 225 822
6759,7222 7253 6887 7401 6886 4948 13360 1721 7251 10644
6760,15189 11796 1845 7528 6494 6785 6623 2287 1510 9226
6761,13388 112 4432 80 7159 8050 9043 14639 5311 114
6762,740 14907 15190 1351 14702 2124 11481 92 2551 8475
6763,8999 53 12810 91 78 45 4426 7111 14578 7120
6764,8617 14035 15109 14381 6128 6003 12601 5 160 14784
6765,14660 924 259 9799 14861 3771 14573 3242 5369 6329
6766,14711 12850 13885 14480 14130 14131 14923 14474 14548 4430
6767,1694 14883 14229 1695 13798 13848 1087 1561 13793 11248
6768,13179 5717 10701 3665 12748 2652 3887 12156 11471 6537
6769,10380 9242 14704 9989 1500 1498 10382 8579 10383 10381
6770,12850 14538 13885 11366 14474 14131 7264 7844 14480 5268
6771,7719 14886 14674 14470 9143 6766 9240 15261 11217 6491
6772,14509 15191 5972 6815 13227 4383 4382 463 1516 787
6773,1901 871 857 8403 879 1047 868 2764 866 869
6774,12850 13885 14480 14130 14131 14923 14474 14548 4430 13878
6775,15192 10169 10957 6582 9511 10560 2634 2635 14310 691
6776,14329 13132 10484 13018 14854 6270 8408 14525 9430 14482
6777,14538 7264 11341 11366 11405 8726 6725 693 11877 11631
6778,11287 8428 15193 13521 14705 14975 14972 14944 14706 14068
6779,7888 8397 1127 7643 7649 5788 11575 11397 6508 10432
6780,15064 15134 92 8999 80 112 7159 8050 4432 9043
6781,93 7572 14618 14866 14163 45 14558 6779 6780 14547
6782,12483 7229 5023 11932 10668 9486 14129 5405 8058 2821
6783,14938 14538 12850 13885 11366 14131 14474 7264 7844 14480
6784,14306 10215 14320 10369 12166 10053 15045 7121 14296 15003
6785,11668 5107 5108 9106 13838 8960 11667 9112 11666 4920
6786,2804 342 8141 8374 4653 4660 13022 11370 8604 4663
6787,3213 10893 14620 7230 611 6016 9768 235 1618 14621
6788,14565 13602 11026 14564 15172 4756 5019 15100 10200 13511
6789,58 8050 80 7159 112 4432 11737 9043 5311 14163
6790,6881 15074 7898 8992 14564 7865 740 106 14565 14979
6791,8999 14320 10215 10369 10053 53 12166 91 12810 78
6792,5971 7898 10921 10215 6881 5541 149 14320 10369 169
6793,3616 3617 15054 3912 1171 3615 3914 14208 11725 2298
6794,14974 1904 4576 12294 4540 15160 11145 4517 4522 13771
6795,9056 14904 9300 8588 14566 14543 2933 14430 6693 8581
6796,15173 14285 14286 14209 5190 12440 11319 11318 15248 14952
6797,1697 8123 8459 4450 15188 8121 8122 13968 14607 8127
6798,692 13896 13897 11366 14136 11405 693 13885 14923 8726
6799,15194 11311 4379 11312 11306 11307 769 6674 3533 2803
6800,15195 1858 13897 13896 1859 12756 1860 9666 12551 14596
6801,15195 1858 13896 13897 12756 9666 1860 1859 13894 14596
6802,91 2083 12711 2084 2085 3056 3058 3051 3059 15001
6803,1858 13896 13897 15195 13894 14923 12756 1859 1860 12388
6804,14637 15196 692 11366 14136 11405 693 15065 6725 8726
6805,2013 2134 13896 13897 4803 779 1599 14923 1858 13894
6806,9698 2424 2410 10108 5241 2397 14643 8576 2425 14642
6807,5683 14561 782 692 773 12206 15173 8456 12284 12160
6808,8054 11307 714 8456 7966 11271 8466 3152 12031 263
6809,12841 14074 13813 14075 9015 14076 13997 14077 8363 3780
6810,15134 15060 15064 8999 14826 9043 3056 3058 3059 3051
6811,6622 2108 13892 6189 6620 6623 8575 6476 6619 366
6812,7002 6622 2108 13892 6189 12083 6623 6619 2287 6620
6813,15077 6971 8241 8242 14781 4484 9573 7240 9185 9531
6814,15197 13653 13652 11105 5923 11177 11781 14365 10115 8864
6815,1222 7936 11711 4358 4851 1837 4068 9652 1847 6240
6816,13699 10820 113 10662 11473 5096 9359 56 53 11481
6817,5110 9220 9892 11120 5673 15044 1165 5109 344 13335
6818,1855 10414 773 5325 4073 4964 782 6679 4962 624
6819,14911 14143 7002 10011 12083 15059 7141 7658 14667 2982
6820,14911 14143 7002 10011 12083 15059 7141 7658 14667 2982
6821,4591 12837 7141 1475 8892 14143 905 8889 1631 11963
6822,12083 10765 7271 7002 7658 6617 7276 3747 7169 10766
6823,630 12547 7457 6220 1332 4541 6259 12059 9990 10374
6824,10028 15198 14789 6838 10031 7963 6839 9401 5143 10030
6825,4598 9547 9666 9548 6432 2371 12369 1358 1357 1135
6826,7229 15199 10865 13959 13623 5405 12483 7249 14524 9244
6827,8299 12059 7457 9470 3516 2229 1088 692 14136 11762
6828,15108 14790 14276 7336 11043 10175 7444 13810 8237 13257
6829,58 8050 80 7159 112 4432 11737 9043 5311 14163
6830,771 11737 7632 3884 14465 9357 58 13627 14466 14168
6831,12689 8272 14493 12065 9319 12875 1500 14933 11460 14689
6832,10200 13511 14565 14564 4756 5019 13602 15180 14487 14634
6833,11054 2596 15202 15164 12502 12826 13184 14953 7623 12568
6834,14393 14693 2678 3771 10906 924 14955 7984 3770 3895
6835,7678 9331 5788 10986 9830 9999 9323 1558 9324 6614
6836,8407 10495 10498 10492 8421 512 4350 15009 14910 6708
6837,3801 14441 14004 8421 14961 886 7699 14909 13521 14944
6838,15203 12952 12953 12958 3019 5489 13469 13580 3618 9431
6839,15003 3062 3061 9818 14840 14993 14990 14989 14991 14992
6840,12015 9052 1351 9054 14089 14166 14320 2031 3755 380
6841,14209 14596 14458 11120 14213 1859 5673 1860 4063 1858
6842,14596 13680 14209 14595 14458 11120 14213 1859 5673 1860
6843,14596 14209 14458 11120 14213 1859 5673 1860 4063 1858
6844,11549 8051 8939 1368 10795 10796 12421 13173 8571 13174
6845,3061 3062 14840 14993 14989 14990 14991 14992 3060 14988
6846,14586 14524 471 13831 2659 11440 360 14415 14426 9245
6847,6825 611 7164 10893 9913 10421 1621 3213 235 1618
6848,15204 7313 15007 14866 10018 9920 2511 2493 8048 5309
6849,11147 11758 5376 11140 12573 8496 10867 3915 149 1284
6850,11863 9306 8479 15154 15205 1500 9319 12689 8579 1498
6851,3744 4029 4032 1027 9495 9494 7921 6426 9493 7917
6852,5222 12277 10356 11190 6140 10603 10359 7244 8103 4913
6853,3288 1160 650 1161 2484 4344 3359 6892 3398 186
6854,1963 853 6050 6051 2312 775 149 2762 2763 4031
6855,14363 10554 6339 4596 7215 3842 11351 1145 9969 2888
6856,5527 7428 15207 15206 8816 9701 6471 8433 6689 8431
6857,12543 7697 3538 7152 7907 4052 506 2590 2695 3765
6858,14763 14764 15155 15209 15208 8269 12632 12760 11273 9880
6859,1456 11087 1619 235 234 1617 1618 1622 1621 1620
6860,1505 8819 4276 12050 10404 6143 3653 10158 10398 9825
6861,8808 14662 14877 11583 1475 8894 13635 13441 10041 8892
6862,10524 12584 10523 1532 10525 6714 12582 3974 3805 8491
6863,12689 11271 11865 15088 12620 12784 9207 1500 9260 11460
6864,1917 9526 10905 661 3132 8035 363 5104 6762 12487
6865,5025 5960 10470 9991 2182 666 4186 3976 9711 12909
6866,8025 5243 11357 5244 11358 4971 10535 9392 11359 6761
6867,9294 1987 9458 1763 2260 3413 3887 2259 11642 2707
6868,14443 970 764 773 782 5683 5898 14967 11659 12160
6869,11184 7119 8802 13891 108 10651 11058 113 2085 7159
6870,6984 8897 14652 6725 8517 6718 6719 6717 11405 693
6871,14810 15216 12797 13390 3587 13337 2402 6789 10259 4577
6872,1001 2876 1013 4416 3843 7065 10993 2872 8982 10992
6873,9193 3667 2999 7065 3416 3666 1003 3074 1007 11778
6874,4661 6431 11347 3001 14283 1355 1354 3002 1357 2372
6875,8061 1008 14388 10759 10537 2028 6762 5838 9913 4863
6876,6675 9249 4985 11044 6637 3222 7310 11844 503 8704
6877,9532 973 3800 5455 1865 11652 146 8667 12512 10671
6878,2809 10275 4818 9561 43 1280 5771 175 4817 4893
6879,2875 11102 1151 6067 15049 12261 1711 1723 1721 1155
6880,5613 888 10022 11856 277 13130 1507 10809 8178 2359
6881,560 1145 3842 1136 1146 4596 11351 5686 7215 11056
6882,113 7123 3055 4426 7127 7159 7117 1351 14604 3021
6883,1572 1943 506 7152 7776 4052 7139 3398 9491 3544
6884,101 3219 3518 3223 105 13136 14898 1203 8999 10774
6885,15218 15217 15169 15170 9418 13736 15219 11252 14214 7178
6886,10192 8253 6550 12561 1357 2369 10191 6551 6552 6360
6887,14359 11111 8808 9784 1532 13482 13711 11112 2820 14985
6888,10695 10085 14770 14769 10694 6268 6269 9558 14482 3896
6889,7065 3442 12629 3444 11001 15217 15220 1317 10072 4037
6890,12212 6770 701 6501 4309 12909 6771 7809 6837 7808
6891,8697 3148 5540 15222 6676 3648 5043 7491 146 8819
6892,4636 4885 4992 5787 5786 7000 5020 4638 6300 5825
6893,14752 14352 14540 15175 14654 14426 7264 5189 8434 4443
6894,1759 4085 2798 9265 9715 7398 6577 775 3313 1993
6895,3903 3347 10500 3899 3901 9041 5056 3902 3749 1058
6896,2614 15224 14408 15223 5192 5998 2742 3465 1532 12114
6897,11713 547 2063 7646 3529 6970 4143 1035 5503 6973
6898,7696 176 6596 7697 2448 1452 11383 182 9249 4821
6899,5703 10007 1211 5384 9218 13392 2439 10441 8335 5383
6900,1957 4452 5324 5328 15005 640 2321 7182 3149 7181
6901,15225 13993 13112 14976 14500 14927 14449 14384 14238 718
6902,5322 6984 994 15092 12829 5525 12475 3891 516 6271
6903,9781 611 10421 9913 7164 11481 10893 1621 3409 3213
6904,1949 8926 9060 8580 1332 9059 13079 8667 5455 1865
6905,2597 1533 1532 13329 11112 8904 2742 2741 2820 1323
6906,2404 4421 14641 11941 12899 12276 8084 1294 10344 11943
6907,11821 1345 1999 14463 12574 12134 7227 1346 7333 2663
6908,3613 13317 13783 9337 363 3611 3612 5096 6004 5137
6909,14986 15246 1627 4956 8735 258 1628 5929 1736 3064
6910,4254 11804 3925 6381 7619 2778 1967 6920 1203 775
6911,6622 14205 11384 14889 2108 13892 6623 366 6189 3878
6912,3037 14430 12689 13977 8588 9056 9990 14210 798 12886
6913,4020 2106 2448 770 769 7680 2771 4824 1452 7411
6914,13535 613 11221 5373 284 9393 1119 5518 6606 3428
6915,7159 15226 14898 13414 1367 114 101 7123 8050 4432
6916,245 585 6638 11985 1581 1024 10241 7931 1686 8533
6917,13850 13439 10730 13440 2959 1166 14712 5193 3464 10179
6918,5578 5579 4925 466 1690 5580 12615 9078 6332 2953
6919,13408 13972 13971 12555 1872 13548 3639 10316 5964 13407
6920,1859 1860 12551 14458 1858 11120 14209 5673 14459 14596
6921,2024 466 10294 3196 4221 3104 607 6854 686 873
6922,9313 8704 7763 8716 6831 7365 3468 1881 4235 3712
6923,3551 5502 226 3453 5505 1014 3291 8984 6433 1051
6924,6963 1443 3196 1460 8070 1638 6961 3441 6959 1968
6925,1463 10379 3755 2317 12167 4766 6876 11815 6467 798
6926,11043 12467 13069 8033 13690 13691 9713 11635 9557 13284
6927,7531 8661 8737 14223 5513 8734 6208 8733 8739 8273
6928,3942 7394 5594 1836 2097 12714 12191 15283 11934 10571
6929,2960 169 46 6762 4845 1404 61 10342 12514 5661
6930,335 10640 14857 7234 8977 9375 11975 332 333 9373
6931,15228 14404 8999 3179 3177 3176 3178 8377 8475 8587
6932,8494 15043 15042 1540 14608 3009 14994 14819 14542 1537
6933,12941 11854 705 3242 4568 989 10232 4627 4569 259
6934,5791 3501 10547 131 67 3149 9913 8872 10383 10382
6935,3332 1544 1623 2827 1626 3380 1883 4975 1280 2495
6936,12582 5982 12198 12200 5328 5326 13002 4889 4901 12336
6937,15204 15007 7313 13920 14566 14543 14475 7240 14861 713
6938,1028 8702 345 2250 4955 7017 347 12483 1238 1988
6939,15229 6523 3471 383 11485 3910 14418 1204 9913 753
6940,14324 1533 1532 13329 8904 11112 1323 2742 8526 2820
6941,1839 3404 10278 12322 5231 3393 3403 4760 56 11876
6942,325 9928 9802 3500 2191 105 2304 1027 3309 6791
6943,6622 9965 7628 7625 5446 2108 13892 9949 7350 10025
6944,13920 14904 5183 14389 14426 14941 14862 13518 11366 14136
6945,3021 7113 739 2142 14136 13670 15230 5516 692 11405
6946,8597 5109 13037 14881 14857 13371 10640 5368 3417 5110
6947,6870 3112 6910 7341 1686 5452 2293 2290 7668 4080
6948,1320 1779 1319 6362 9192 6363 4060 1778 2375 6361
6949,15231 15232 4462 7466 9697 1898 1942 6297 6909 5237
6950,5696 12519 11611 13279 14065 10253 13405 12527 7660 6449
6951,12182 15005 8964 12274 8757 13145 12276 1956 2805 5328
6952,6415 5570 13144 8710 10731 4840 6284 8713 6712 13425
6953,4350 15227 1463 4030 798 11459 9003 578 1233 14713
6954,15234 15233 14163 101 11312 13106 4379 267 13846 11311
6955,15235 13101 15106 14410 3486 13557 15155 9307 11273 9406
6956,7100 7099 7070 10096 10996 7098 982 9173 10590 10995
6957,233 4913 7877 4905 9499 3377 4891 3236 3237 4887
6958,5524 1638 223 5026 5722 9519 2589 5721 736 9490
6959,11880 8892 11112 1532 1475 4591 1535 2742 8730 2741
6960,7860 13669 14178 4079 2290 7341 12359 8533 8418 14897
6961,4416 3843 2876 12071 6811 4132 14156 12077 4687 1826
6962,9392 9393 12948 6761 4971 11358 1119 11359 8025 3428
6963,13556 9412 3486 9421 13282 9406 15106 10911 7014 4311
6964,7015 7014 7013 9307 9412 3486 13557 15169 14214 15218
6965,9422 13557 3486 9406 2009 10911 4311 9307 7014 11273
6966,8439 7293 1300 6790 989 8821 7916 9364 213 1294
6967,6245 13981 4037 1011 1862 11598 7498 12332 1863 5689
6968,10715 10766 870 1902 12429 82 9582 466 2703 7716
6969,14339 14338 12628 12632 12627 14445 15106 11273 9308 11366
6970,4314 2712 4306 4311 4303 4304 4305 4312 4310 4313
6971,11199 15167 9769 14772 2805 13020 13361 13382 11427 9766
6972,15156 9308 6356 12631 9406 15158 7147 4311 15155 13886
6973,13456 13170 4710 6622 13459 13458 11547 13457 3522 4964
6974,14286 5190 11319 11318 14952 15173 14285 14029 4300 15153
6975,11149 884 6812 3739 1735 6697 3810 3691 5823 9278
6976,4326 3407 2344 3439 11030 3602 258 2928 2342 8192
6977,12763 15053 15054 9880 966 12944 4581 3617 12943 2196
6978,9320 8348 5415 6522 2794 5004 4726 155 10372 10371
6979,1367 91 6916 87 11443 2554 12222 2547 9913 2551
6980,3153 346 2012 451 4295 3910 968 1802 3169 3167
6981,8296 15156 13212 14764 14762 14546 10911 9307 11273 7014
6982,7070 10996 4743 10627 5846 7099 10590 11000 5845 10990
6983,14080 12440 14010 8802 11838 8587 4436 7876 14081 9211
6984,10537 9903 6889 6899 1373 7758 3459 6888 11481 9921
6985,625 9296 12784 4183 4263 9067 9207 12178 7965 14585
6986,311 14076 9101 7759 12977 14255 10873 10874 13995 3571
6987,2741 11879 2742 12425 2744 2820 13345 13189 12426 4330
6988,11368 4657 4655 11370 11369 11371 4660 4662 2804 4653
6989,3299 8973 11952 11671 2209 7914 12668 8285 88 3096
6990,2892 4138 11723 1320 1321 4132 4687 4688 9192 12349
6991,11160 1021 12190 3373 3187 10736 233 11296 10579 13794
6992,6406 6407 9130 7829 5860 8548 7493 1215 9520 6578
6993,2508 12782 2232 8548 2116 5016 10531 10618 11913 7686
6994,14288 6664 14290 6655 10397 6666 10405 6653 3652 6667
6995,2869 12332 5449 4599 12377 2873 4403 5689 1318 3845
6996,330 12543 12085 11855 12084 5904 10169 7907 6036 3180
6997,6773 5468 1183 12546 1184 10829 6501 1185 952 10746
6998,4608 8165 4136 7498 6737 10576 10574 10367 7055 10368
6999,5035 6987 507 7369 1041 1051 4828 2676 3296 508
7000,9185 2243 8177 13365 9132 1960 6476 12775 8575 3823
7001,4133 4605 8164 15238 13665 4135 9852 5689 10953 1357
7002,1373 1737 2527 2758 8796 43 1280 2503 3765 11059
7003,6364 4060 2477 2371 3674 4416 9192 2881 2375 1320
7004,4415 2375 2371 6362 6361 4606 2881 1320 5845 4060
7005,2375 7449 2379 2380 7064 13878 11347 9853 2372 2371
7006,13139 3171 10619 8399 8670 3170 1684 3457 8141 2260
7007,12377 12332 11598 8541 5689 14464 14736 11799 1861 8539
7008,1069 7145 10303 3773 10823 3701 14661 4782 1203 3915
7009,7545 3824 13040 14215 14314 9015 7380 11073 13900 14890
7010,14056 8576 7527 6060 5969 12867 354 13121 8460 7682
7011,10067 5673 11120 12551 8477 2887 7296 437 12756 1859
7012,6360 1721 4133 5689 12075 9851 2887 1357 4605 2376
7013,167 1452 126 216 8201 7697 1450 2761 1993 6575
7014,568 1799 723 3074 15162 7952 274 4306 3688 7065
7015,363 5141 287 618 12436 12434 14870 13129 12435 612
7016,612 14717 1880 618 287 14716 23 12130 6494 3671
7017,7427 4606 6363 2869 7217 10698 1320 9192 6362 4599
7018,6309 2342 7186 9420 3055 12579 8044 12002 9580 8192
7019,9165 13415 13129 5779 269 5339 4517 11445 11446 5712
7020,12423 6953 5545 888 796 13130 5543 10022 1385 8257
7021,9996 7725 3091 13842 9998 14090 5967 13004 7530 5970
7022,1136 3443 7215 1145 1146 1771 5686 1775 4692 12376
7023,3055 8999 15226 9519 9426 5460 4426 53 45 14876
7024,12756 13568 13590 11120 5673 2887 13992 12551 8164 1858
7025,3153 10618 9887 6214 722 6192 6132 243 7989 3169
7026,6897 7133 6895 5424 2071 5425 1687 4873 4874 4875
7027,11028 9850 11798 7960 5636 3458 2607 7961 11802 8980
7028,7217 1353 1006 1008 1704 6363 12936 3443 1773 5854
7029,7510 6053 2758 1798 8047 2932 3556 1836 1203 1199
7030,1163 3237 8349 4891 4913 3236 1371 4887 4901 7561
7031,12114 8709 2614 7224 8710 12113 12125 12124 6417 8711
7032,12106 2133 5748 2794 1291 9774 7727 11069 9913 11481
7033,14120 1106 12011 10142 11904 8775 2101 8047 10571 10141
7034,15096 1660 408 13575 2824 13926 14331 10410 13260 2820
7035,46 3742 5135 10712 2130 6341 3283 61 9913 2551
7036,9340 8832 2837 9346 5753 15048 374 3677 13047 12510
7037,14131 11405 6934 14136 693 726 11366 692 13885 6725
7038,3 8195 6890 4850 10564 1333 10053 3500 6872 3733
7039,2375 4060 2371 9080 1320 2380 11532 9192 2372 2379
7040,2498 49 1532 11112 2742 2820 2614 404 1166 13329
7041,14520 2362 4811 4810 10265 14030 1088 2363 8281 12252
7042,12376 2371 2375 1320 1780 9192 1779 4060 4606 6363
7043,640 15005 5328 4452 5326 13145 3568 3482 1882 13589
7044,8591 8999 10382 10383 53 78 10380 11481 45 7111
7045,8802 5498 8972 9921 6899 7758 9903 13042 6888 6889
7046,8999 10483 3021 3178 9924 9054 611 10482 8050 7159
7047,12512 3071 8482 8932 8931 3072 3069 1763 3800 8915
7048,6613 10642 7863 2927 2277 11466 2278 8788 4351 7783
7049,8429 13923 7442 14801 8098 8301 8302 12198 12108 4348
7050,1420 15123 1215 10294 7377 14907 1490 1488 9913 11481
7051,13853 4580 2981 11794 3789 11286 981 952 7810 7747
7052,12905 12906 12903 14196 13315 13316 14007 8362 11554 14180
7053,5041 3222 795 794 176 1646 4216 2448 1203 1423
7054,7249 15199 7675 7229 13578 6415 12805 9244 405 14415
7055,11121 13007 6352 3465 2820 9791 1166 4330 12426 3464
7056,7057 4132 4687 4688 4138 8983 11387 7093 3083 7091
7057,3464 3046 1529 1166 2820 14712 2815 12426 4514 2814
7058,2820 1166 14712 3464 11122 3465 13007 404 12426 1535
7059,2820 6001 6000 14084 12426 1166 1535 13189 3464 13188
7060,11121 1532 404 9791 11122 3465 6352 2820 1166 4330
7061,8904 11121 1529 2820 1532 3465 3464 1166 2815 12426
7062,13717 14599 13186 12426 2364 1529 2820 4330 13188 1166
7063,404 405 1532 1166 1529 3465 2820 3464 1535 403
7064,2528 10140 5187 2518 9282 11644 2234 1919 9913 6896
7065,1438 206 2696 11088 2702 9816 11323 4819 13847 2687
7066,4753 11397 11871 6231 5788 4962 7649 6544 4073 4964
7067,2952 12781 9607 10065 9440 4313 15240 9680 6311 9553
7068,14137 13998 5782 10631 5781 14136 14497 4670 14064 7468
7069,2804 13022 11369 4653 4660 11370 4663 11368 4662 4657
7070,8179 8286 2228 1219 1683 5591 4250 4223 795 1233
7071,2271 2519 5308 8998 9349 5748 10123 8273 2958 9913
7072,15241 8023 15051 13047 4537 8027 7896 8007 8019 8036
7073,207 4712 1545 7386 11204 7375 3121 6048 5507 7090
7074,3528 5858 5424 2318 189 3531 4146 3453 1014 1051
7075,12763 9880 2441 966 9879 12944 12761 938 2196 12762
7076,727 728 724 584 722 726 725 731 730 723
7077,4845 7925 13724 4207 2960 14431 12086 15285 6762 2124
7078,4909 9188 1288 4984 10006 11364 4920 4761 1203 775
7079,3393 10056 13125 7071 15242 10278 3392 3391 5231 3401
7080,4814 3727 3320 9096 2290 3884 9352 15243 9356 798
7081,3222 6402 6767 9072 4974 1191 5292 4973 9508 586
7082,8376 12421 9590 9588 2204 2504 6871 8565 6872 11378
7083,7662 1784 10104 2992 10103 13934 13719 13667 12482 14411
7084,12017 1493 1488 5282 8651 740 1489 10159 1492 11316
7085,13282 3486 4399 14545 9422 9406 9412 2009 553 4400
7086,716 13597 10584 12251 12406 13823 3877 12250 4434 9448
7087,3709 769 1973 8653 2448 5416 8441 1452 4235 8704
7088,3876 1088 501 8993 5346 2449 12716 5347 9126 9659
7089,13808 13891 13913 10651 1287 101 9209 9227 8475 45
7090,6052 11960 3595 3594 466 7918 734 879 323 457
7091,11550 14710 12347 11747 1528 126 6046 216 8401 8201
7092,5361 3348 3680 10356 5803 12108 13041 10359 4348 8635
7093,13194 13193 8263 10930 1540 967 10931 12231 7655 4589
7094,9799 15242 14660 3393 10278 7071 13125 10056 3401 9533
7095,6914 2562 2551 2505 2503 2536 4024 64 2490 2520
7096,9761 14155 6350 4356 3892 3897 14892 5554 8491 10524
7097,11120 14209 5673 1859 14458 4063 12756 12551 14213 2869
7098,11937 15098 11938 11939 11936 611 8998 2498 15023 3955
7099,3312 6928 8481 7048 1163 4344 7561 3237 4891 3239
7100,611 11939 11938 11937 11936 8998 3406 27 8348 3790
7101,10102 6954 10567 6651 12021 8704 2139 4821 3258 3362
7102,4227 3702 4510 2711 2799 11216 1987 2147 1203 3915
7103,15163 5514 5515 5516 13431 14224 6456 9411 5513 15251
7104,13878 5673 14236 11120 2887 14226 14225 12756 14459 14571
7105,3547 1053 6108 3543 1014 1080 3539 5790 6388 1038
7106,11156 2286 8512 6084 13425 4044 15058 7623 1594 11321
7107,3019 9055 6106 14988 14989 3062 14991 14990 13587 7125
7108,6041 6046 12022 4863 4249 1880 6596 10018 3043 3044
7109,4009 13145 639 915 15005 9763 8084 13228 14149 15
7110,45 14298 11376 10547 9910 11969 10158 10342 9913 2551
7111,2079 9680 2081 3161 11183 9429 2952 937 2304 12127
7112,8085 10961 7911 12669 11980 7306 11405 2575 2707 13825
7113,2369 1354 6320 11987 1355 1357 2371 2370 2378 2376
7114,8802 4422 8199 4423 6929 13808 4326 9457 9522 6865
7115,14534 5210 12571 4977 7139 73 4979 10798 9339 6786
7116,14789 15198 10028 14155 6273 10918 5571 3896 12998 12697
7117,6332 2953 5579 5578 2831 5346 3578 7869 2447 8385
7118,7071 14347 14265 4605 1013 5367 4135 7065 2888 14464
7119,83 1868 4442 603 14297 6054 7822 12787 6313 1867
7120,782 4488 4929 4004 4181 3487 10742 3976 3258 4194
7121,2470 9493 88 4911 11974 11676 2473 3317 2482 4878
7122,2815 13701 6352 2614 2820 2742 1166 5998 3465 11899
7123,920 10864 2688 7146 2258 2717 6518 2702 5063 4541
7124,9349 8846 12435 12436 12434 6522 6523 14870 611 5269
7125,10964 10963 2113 5188 6640 6121 12671 10679 13635 7768
7126,7121 9883 7458 9457 6677 7191 7190 45 12711 3057
7127,7245 2782 4235 2934 11550 6053 2767 8223 1203 1444
7128,6220 2790 2428 2750 3110 9990 489 4818 4817 10209
7129,6902 9203 771 44 10238 13412 28 8872 11718 9913
7130,240 11469 2266 12941 705 3242 4568 259 989 4569
7131,8553 3110 2790 2750 2428 4817 4818 10209 2329 7037
7132,3409 4029 8457 9494 4717 4178 2219 3645 5723 4032
7133,4036 2880 3038 4598 6432 14751 1011 14745 7554 4037
7134,7504 3748 10762 3255 1551 871 2826 879 2825 1086
7135,8800 8461 4933 9692 10647 1734 2493 14586 8795 6904
7136,74 6823 8561 3803 8388 9770 7082 2986 3031 5670
7137,10281 3811 11272 1252 648 4405 922 8555 9777 3966
7138,12469 8708 15143 10287 14855 15142 15141 10481 15140 15139
7139,8585 11042 2611 12268 2610 11004 2612 2086 11039 12187
7140,11126 13388 3055 561 14988 14989 14990 14992 3060 14987
7141,1319 1779 6361 2375 6362 2371 1320 9192 1778 4060
7142,2996 11626 2998 1001 4604 6807 2997 7065 1321 9636
7143,10429 9798 10428 9100 13620 9797 15133 12991 7556 13999
7144,1204 494 10476 655 1213 85 8463 837 1902 2309
7145,6701 1029 10498 6560 11643 11739 2652 2500 6109 6110
7146,15246 14986 1627 3064 8735 1628 258 1736 14714 5929
7147,3132 11587 250 509 3222 10432 1646 4350 1203 2024
7148,3707 2694 984 550 11819 3704 13784 8655 6066 12771
7149,14163 14979 4845 8195 9341 740 11391 46 612 8475
7150,12417 6269 7868 2664 12290 11426 12291 9350 13381 12292
7151,3019 3055 13016 14898 10651 7122 9119 15215 15067 7119
7152,14383 693 11403 14384 692 9287 12081 6228 15107 7452
7153,1255 1252 44 1256 1251 1253 1254 5437 1417 4217
7154,15233 14163 101 9043 14547 7159 8050 8999 58 11312
7155,9056 9260 5608 15205 4788 8588 15029 13636 14430 15072
7156,58 3055 12862 15072 7844 11404 1409 1381 11366 8250
7157,2320 9491 3771 13847 5023 917 502 3770 13904 312
7158,6463 3028 9884 4076 13263 9219 10472 3097 1732 4768
7159,12360 7290 3095 3715 13958 10618 7087 7900 10760 2584
7160,4553 5630 7448 730 2254 13553 5730 7087 11151 7691
7161,9209 14920 5919 13913 6078 9890 1702 11950 6836 9260
7162,14547 14866 14618 14163 740 9043 4432 112 7159 80
7163,14977 13026 59 12525 14978 13405 2839 14656 13689 6982
7164,58 8050 80 7159 112 4432 11737 9043 5311 14163
7165,14163 14555 78 8272 3021 1498 8122 9054 7124 81
7166,8301 3560 11931 7146 11324 6419 3785 12781 13310 1518
7167,15081 14840 12810 14427 78 7111 45 7120 8474 14049
7168,11061 111 8802 108 2084 15215 7113 7127 7116 3055
7169,8999 1696 10503 14547 611 4727 8050 112 4432 80
7170,2739 5479 10159 11316 1492 1489 1483 13013 1490 1493
7171,15007 14543 14566 9300 3841 11884 14585 14577 14689 5216
7172,1367 91 11126 13414 11185 8999 4429 3055 15247 7121
7173,8669 2254 7337 5610 3180 11302 8692 7386 6860 6248
7174,15011 15022 15021 12018 2155 14519 12877 15247 2096 1300
7175,7129 79 14840 7130 3062 3061 2142 14989 14991 14990
7176,3612 3611 13783 11762 3613 2229 13211 13317 8299 6309
7177,15247 12877 14519 15011 15067 15215 11126 14898 14578 15213
7178,5846 2375 4060 2380 9303 2371 5845 6804 2379 7064
7179,7128 8999 53 78 45 11184 91 12810 4426 7111
7180,58 8050 80 7159 112 4432 11737 9043 5311 14163
7181,5739 2777 7697 6473 2448 1452 11383 4762 7696 3033
7182,9119 1368 45 4426 12186 2739 9821 9819 8475 8587
7183,8735 3068 8734 5929 3065 10562 8737 14217 8736 8739
7184,15248 6106 8999 9055 15173 14988 3062 14990 14989 14991
7185,740 12084 5641 866 879 8403 1047 869 868 871
7186,3055 14604 7123 11185 1351 9052 14550 15184 14703 13243
7187,13388 11126 80 112 7159 4432 8050 58 739 15076
7188,1013 10193 1001 7080 1004 2870 7065 13076 13984 10992
7189,3161 12063 3552 9680 3153 2081 7551 324 9033 2952
7190,3055 13626 15247 7994 4426 11185 7123 14604 8475 4429
7191,1738 11930 3989 3990 2994 3991 9439 9181 9112 3028
7192,3222 10509 10710 1602 3337 5061 2784 10641 2733 2734
7193,1352 1753 4962 7940 2197 12490 4393 13412 774 2538
7194,14302 6657 6658 2282 6663 7526 14097 14301 11366 13849
7195,15045 4426 14296 7121 8587 81 15211 15003 14306 11313
7196,1367 36 15067 9134 13013 5787 3178 9310 8475 92
7197,13132 10484 14616 242 13262 8408 13018 14854 553 14525
7198,13891 7129 79 7130 2142 14840 10715 15211 81 8587
7199,15051 15168 5376 15119 15059 8130 4504 8132 8023 8027
7200,5516 14114 13355 8517 14224 6718 8726 8075 15163 5515
7201,14862 8581 8588 14430 14891 2781 9056 6636 1233 10298
7202,11367 7844 7843 7842 14447 14165 11366 14535 5268 14488
7203,12015 9054 7124 8999 14555 14558 10383 14081 3755 10048
7204,46 1883 11205 12977 1953 13367 9015 8363 12029 15167
7205,71 7911 2575 5421 3044 3043 4863 2497 2560 1752
7206,9610 2160 10553 81 15211 8587 1130 8475 13388 11313
7207,13427 11166 12277 6792 9354 9111 9012 8638 6099 11858
7208,14592 14821 15252 14822 1605 11731 10115 10833 10834 9106
7209,4060 6361 6362 1779 5845 1320 9192 2375 1778 1319
7210,12674 12293 12289 12675 12292 12290 15253 6792 13381 12291
7211,11769 12479 561 10779 12081 12557 7209 7894 1179 8233
7212,8655 6311 13784 12641 3802 9552 10639 9553 12771 3047
7213,15254 14905 235 1618 1333 1619 2960 14914 234 1617
7214,15255 2154 13891 8413 13016 7122 14825 9119 10651 14898
7215,14930 91 110 14824 9054 7632 14166 14165 11366 7124
7216,14295 11229 3498 8580 6399 3955 6434 12513 343 12387
7217,14979 8572 740 14702 14100 1351 8475 106 92 15211
7218,1011 2870 7546 3079 3075 7221 7076 2616 6704 7065
7219,12383 15132 9544 13024 6389 11167 14142 13023 5358 11341
7220,13514 3149 6468 6261 7965 131 11938 3458 3409 851
7221,14393 14955 15108 4940 1204 9618 3615 12020 2678 3895
7222,9781 15074 10381 1589 1988 2148 10380 611 6266 12017
7223,13764 12024 12626 11575 1754 12134 14593 14976 7649 11306
7224,14555 7124 9054 13912 14296 7121 8587 15211 81 15045
7225,12578 399 14793 6477 6617 11700 908 8968 1896 6185
7226,3975 3174 7005 3160 11379 11441 12016 5233 10178 7431
7227,855 7520 6443 7521 570 7519 9241 1441 2775 7517
7228,14373 8099 8100 12649 11187 8102 3349 147 13462 14231
7229,4416 2876 6364 3843 1826 12644 8982 6804 6847 6805
7230,13976 10975 13051 9573 9342 12310 14018 13975 10977 8903
7231,15050 4118 4117 4116 4581 12763 9880 12946 10094 966
7232,13701 2614 6989 7686 12301 1534 4516 13960 2820 3465
7233,6353 3465 5430 4516 1339 2820 1534 14084 1166 2742
7234,2614 4516 6353 1532 2820 2742 11899 2741 10208 1166
7235,2614 8728 7686 14084 4516 1534 1532 2820 2742 11899
7236,13339 5998 3465 4516 2614 2820 1534 2742 12426 13342
7237,14014 14325 2741 13323 14799 13575 8731 1166 14712 13671
7238,4515 13323 13628 13271 2820 13324 2741 4330 2744 12426
7239,8904 1532 2614 7686 13960 2820 11899 5998 3465 2742
7240,13561 4516 6352 2741 1534 10208 2820 12426 7686 3465
7241,1533 1532 2743 4515 8907 6992 8904 8810 2741 2820
7242,14044 8828 15096 3465 12426 1532 404 11121 8835 13188
7243,1532 5818 14138 15257 11112 2820 2742 404 3465 2741
7244,4515 5194 4330 2820 2744 1535 2741 2364 10206 12426
7245,2131 3213 2548 611 11481 2029 2033 6901 5831 13042
7246,14753 5991 2302 8477 475 11861 7776 11860 9782 11859
7247,14811 406 14812 12502 15032 12825 404 403 14408 11123
7248,15164 12502 12826 13422 14812 15032 6326 15202 403 14811
7249,6868 1880 2739 10526 23 1879 11069 2490 6679 12130
7250,14122 13932 13421 405 2820 11755 12426 13651 1525 1323
7251,1323 3923 13421 11121 14044 14123 8727 3465 2820 405
7252,3464 12742 13731 2820 1166 12426 14712 1535 4330 405
7253,1535 13244 11121 1165 8727 1166 1532 2820 2742 3464
7254,13931 2820 1166 11121 14150 3465 3464 12426 404 1535
7255,13259 1167 404 1166 2820 405 9791 12426 403 1535
7256,3463 3464 1166 2820 14712 11052 1535 404 12742 2742
7257,13347 13624 2820 14457 12747 1535 8730 1166 12426 3464
7258,11121 14405 2614 408 13334 1529 11112 1532 2820 11899
7259,2614 2820 12426 13421 14599 1166 13188 13189 1535 11899
7260,3465 6417 2742 6351 1532 11121 11122 2820 1166 2741
7261,361 359 15258 15094 362 12098 15259 5558 360 14333
7262,6417 3465 15257 2820 2742 13342 4516 1166 2614 2815
7263,14333 359 15258 361 15094 15259 362 12098 360 14694
7264,359 15258 15094 361 362 12098 15259 5558 14333 360
7265,15094 12098 15259 362 359 15258 361 5558 12976 14284
7266,3465 13701 5430 4516 2820 1534 2742 2815 1166 14084
7267,1830 13401 10142 2101 6861 11904 4005 10571 2097 12191
7268,9143 7719 15260 6766 14674 6491 14886 15046 7712 10181
7269,13902 9587 61 2516 51 3598 9781 7732 7460 5661
7270,11407 11710 8605 6483 11408 2437 10764 6849 6763 11075
7271,8214 4059 13944 12268 8275 7916 3716 3830 1635 8215
7272,4594 6795 9558 6797 11209 12624 12625 9110 9111 11210
7273,13257 8592 1954 7556 2034 11362 14622 9079 14777 14041
7274,14066 12617 9772 8899 13462 13063 14797 14041 3834 12967
7275,7017 1742 11425 6818 8487 2801 8712 12266 14024 14787
7276,2086 11039 8585 11004 11042 12187 11040 8582 11038 12602
7277,14664 3274 11096 13063 14658 4719 14020 10874 10872 8899
7278,13222 8393 7903 2012 945 12992 6099 4655 7444 10980
7279,1635 13721 11714 2663 10980 1996 7444 11715 8215 12616
7280,12293 12290 13381 12289 10037 14777 147 4896 12292 12675
7281,460 2112 10587 9409 9410 14888 3483 9407 2009 13682
7282,11166 6792 6099 5563 9012 8638 9560 4655 9361 4664
7283,9560 5563 6792 4594 4644 4642 11371 11166 8638 4655
7284,14787 5785 13118 11425 7 3536 1958 13099 3883 9111
7285,8105 8090 13821 13915 5228 6137 9077 9076 13914 8087
7286,10716 6528 5157 2654 11274 6622 6240 12566 9805 2108
7287,12253 10527 12091 8543 12999 14076 14071 7909 8386 1883
7288,5109 8058 7825 5368 5371 5405 10277 5374 8226 8426
7289,9759 12 13 13307 8095 8096 15 4565 14684 11
7290,12289 13381 12290 12292 8270 12996 4910 12293 12675 12291
7291,6789 7824 14043 1955 3784 6788 6790 14045 1257 1128
7292,5788 4450 9657 7888 6884 8123 15188 11397 6508 7649
7293,8629 14785 13355 8628 8517 8726 13914 6718 2663 2610
7294,8663 12993 8903 11366 4892 13917 6717 11877 13286 6719
7295,12290 12291 12289 13381 12292 12293 12675 12674 12673 12288
7296,2793 9669 12618 13381 12292 12978 9772 8899 12293 12290
7297,14771 11942 8386 13002 5328 8698 9074 1882 11427 10456
7298,5578 5258 13907 4654 1958 7916 10242 4738 3716 5628
7299,12293 12290 12292 12675 12673 12291 13381 12289 12674 6792
7300,3274 2665 12268 8899 8103 14041 3010 3011 8627 8624
7301,5349 6094 14399 2833 7916 3113 903 10322 9896 1632
7302,14752 12439 13642 13643 13741 12522 7940 13023 13551 5288
7303,4964 4753 6544 5896 4073 4962 5895 1855 6494 6543
7304,6537 11219 6171 7264 12748 11218 3665 11055 11471 1109
7305,15261 11114 13263 4045 7436 9846 11785 14968 4871 14282
7306,12333 12577 906 9961 13673 13647 905 904 14311 2439
7307,5601 1265 10756 1171 12959 9998 12557 8984 7356 4343
7308,14217 5929 8735 10562 15129 14471 3067 8734 11384 14986
7309,5778 9439 3094 4132 13572 4688 6342 7091 3457 2869
7310,15262 14008 5352 12162 13694 231 4455 613 7770 5244
7311,2478 5392 7331 7564 4904 6300 1162 5215 4905 4891
7312,4964 4073 5896 5895 4753 9226 12353 1855 4962 6544
7313,14122 14029 14359 13320 405 1532 13319 1323 2820 1535
7314,5157 6782 11227 11912 4948 7574 6623 908 13391 7940
7315,11108 6990 10563 11111 12500 4329 9795 12506 13854 12882
7316,5595 11045 7124 7631 9207 5233 9204 13912 13587 14555
7317,9308 7215 6356 12631 1771 15158 7545 2890 13565 5867
7318,5112 4292 6104 2859 13113 5898 3980 8529 914 947
7319,1507 10809 5685 13130 888 9441 4395 8059 922 9655
7320,12354 7628 904 7629 7625 6622 9949 8148 905 906
7321,9422 9406 13282 3486 14545 2009 4311 9412 8633 13557
7322,11729 13733 9997 2946 4748 13643 1590 6389 8978 12026
7323,14217 14471 15129 5929 8735 10562 3068 14483 8734 11391
7324,10009 13566 13968 8122 10008 8127 8123 4450 14006 6298
7325,11223 9930 68 6908 5305 2493 3067 2206 9913 11481
7326,1532 11112 2614 2742 5998 2820 11899 13319 8631 2741
7327,14678 1317 4401 2881 10199 8541 1318 7784 3083 8539
7328,4514 1532 15153 13855 2614 2742 11112 2820 11899 13322
7329,1711 1709 8541 12332 1011 1158 8539 1862 9967 5689
7330,5964 5707 9806 8144 12215 13726 12588 12351 10122 13696
7331,14464 5689 8477 12332 9749 2887 8020 1861 7096 12757
7332,13551 5288 13023 354 6744 7662 14411 15141 4630 13642
7333,8848 1709 3075 11569 8850 1711 9967 8849 4606 9512
7334,360 1532 8869 13855 13351 11112 2742 13322 2614 2820
7335,13351 8808 4514 1534 2814 1529 3465 1532 2741 4516
7336,1013 2888 14347 1001 1354 12734 7080 7065 10193 13984
7337,12309 5201 5798 5200 5199 811 13122 5198 5202 2287
7338,6162 8335 5383 5385 1864 11574 1655 2439 6485 5381
7339,3443 10071 8645 13981 4037 2880 4035 1317 4036 14745
7340,13878 14678 5673 2887 14236 7449 7450 14226 13982 11120
7341,12744 9784 14359 2820 1532 14985 12007 4515 13574 360
7342,9553 15240 4315 72 6311 10639 2779 9552 3802 3047
7343,12659 13647 903 13673 9961 12333 1632 1714 10067 8129
7344,11651 14765 3006 8494 4289 940 1306 11654 8599 3444
7345,12607 4611 11537 5844 3085 1011 7819 4612 9547 12609
7346,14394 1947 9127 9659 7259 8885 9128 1948 9126 8041
7347,13282 14545 3486 9406 9412 9422 14884 4657 4664 2009
7348,10041 4514 6990 3465 13235 8906 12500 9784 2820 2815
7349,13483 14464 11120 5673 14209 14458 1859 4063 12756 12551
7350,4133 6553 4605 8164 9851 1357 4135 2376 1721 9852
7351,7784 1011 11768 1862 1863 3083 12332 6734 14751 12736
7352,8477 14571 2377 2887 9749 6360 14225 8476 1357 14464
7353,1527 11267 7241 7236 10657 529 10963 12329 1532 7242
7354,4514 1532 4329 6990 14408 14803 11899 12070 2820 2614
7355,6990 12070 11111 11108 13854 9795 4791 10563 12882 12500
7356,7222 10626 3079 13483 3443 2616 7076 5845 3076 6804
7357,14571 7015 7014 7013 14236 14225 9307 8634 9412 3486
7358,4296 14754 3259 7682 7952 902 1311 3261 3263 11888
7359,11794 4580 2981 3789 7568 11286 2587 11274 8115 7349
7360,13906 7627 2928 14452 10973 1985 2178 684 1414 7927
7361,14445 14038 4034 12632 13557 14409 9308 12760 137 11776
7362,2852 9828 6611 2845 12162 2847 2866 2855 2843 4455
7363,8009 8581 8588 14891 14430 1559 14040 9056 14862 4538
7364,15263 13016 4426 14702 91 15067 9119 15215 7122 14898
7365,2156 14502 7124 12103 13912 78 6197 5499 14361 5759
7366,1437 5423 9781 9687 7561 2475 2476 5207 1288 4385
7367,3465 10208 2614 15095 1532 4516 2820 2742 1534 2741
7368,14887 12134 12574 1345 11315 275 12850 6524 14538 11689
7369,14782 13301 1743 8487 13740 8825 12314 6824 9001 12313
7370,11112 1529 2614 1532 5998 2742 2820 8631 11899 13319
7371,5121 12190 9200 2318 12853 11873 5325 3033 1233 715
7372,1452 4988 3055 45 12921 7697 11383 4762 8475 14604
7373,3736 11477 9817 12320 3737 6467 13936 4347 61 323
7374,6537 12748 2650 11218 11219 10701 11471 12536 3665 11055
7375,592 9975 1066 635 3731 5590 2331 4341 587 9457
7376,13233 13423 13717 14879 13202 12426 2820 10207 2741 13201
7377,6378 9800 3161 2247 2249 10176 208 2225 3169 3033
7378,2490 11949 415 3943 8067 10293 15227 8621 4030 14713
7379,8390 133 4182 5053 167 879 1233 4200 2457 3033
7380,8999 7545 53 91 12810 9409 6356 78 9407 45
7381,3891 3865 8895 3396 3214 11008 9099 9931 9913 2551
7382,3403 15264 5365 5785 11737 8860 14466 3884 4698 13753
7383,8272 7632 12876 12065 12621 1830 12689 4354 14493 5593
7384,3471 8473 618 14557 10914 612 3816 6998 287 611
7385,11284 4840 1511 2133 3755 3754 2580 11231 11815 12015
7386,14538 14264 7264 11341 5219 14579 315 11366 8726 11405
7387,8748 14939 1619 234 235 1618 1617 1620 1622 1621
7388,11004 14144 11042 8585 4576 11039 2086 11040 12187 12602
7389,15145 2853 11725 14545 9406 13282 11635 12467 3486 4587
7390,14181 8454 12536 6537 6298 12748 3665 10679 13207 1852
7391,10381 14341 2148 11424 10380 9564 6266 15074 14952 2319
7392,837 7727 742 1334 11482 9164 9913 2551 2524 66
7393,13282 3486 14545 9406 9412 8999 4657 14884 4664 4399
7394,10712 10178 2489 1291 2157 2545 7361 11204 9913 2551
7395,478 5542 3036 9068 149 10452 1574 10454 214 476
7396,11479 116 112 12140 11719 12139 4635 8050 13313 5311
7397,7729 8180 3871 3870 4989 11094 4909 3869 1399 4891
7398,12507 9783 5606 12508 13047 11065 9788 5608 12503 9787
7399,1441 855 478 2775 4257 775 8945 464 7411 1439
7400,5689 12332 1861 14464 8541 8477 4605 11799 1721 10461
7401,11289 15265 344 13335 13697 7747 13657 1170 9892 9346
7402,14163 5216 13388 14585 14543 11460 9300 14566 7159 8050
7403,7386 6817 7385 4712 7389 7387 205 8891 8179 964
7404,8803 2614 13319 6969 6477 399 14337 1532 2820 5998
7405,1617 12005 1618 235 234 3055 1619 1621 1622 1620
7406,2200 2559 2140 9914 7727 1507 1880 549 9913 61
7407,15029 11838 5517 15205 1287 3055 10541 15251 14668 13977
7408,4550 617 13848 2587 2866 12162 2852 2855 14091 5970
7409,11112 1532 13855 2742 13322 2741 2820 13329 2614 6351
7410,9054 7124 8999 14558 14555 7113 3703 13587 14824 14166
7411,5450 3844 8191 2876 1826 3843 4416 4414 10815 8982
7412,11709 1893 3088 1895 12373 2865 6613 3087 2906 1894
7413,13434 34 1573 33 3404 8504 715 5567 2130 9913
7414,843 7300 2324 821 775 1203 757 2798 464 5270
7415,15267 12704 12702 12701 6748 6539 2633 12705 6816 12706
7416,4693 2869 4607 4135 1827 7553 9751 4403 7092 4605
7417,6668 6659 14096 109 14098 14097 10394 2204 564 4205
7418,8808 1532 2614 11112 5998 2742 11899 8631 2820 13635
7419,7703 13337 15268 13390 12797 3587 12754 10669 14262 7702
7420,2887 8477 14464 5689 15126 9749 13878 14226 8020 7449
7421,7881 12651 6614 9506 9999 14028 3753 1557 1555 14731
7422,4944 10078 823 2344 7279 668 7926 8243 12337 2799
7423,15204 7313 15007 14861 713 3226 14839 11458 11905 15039
7424,13412 1918 14272 9920 15084 7726 8048 2493 9913 2551
7425,3873 8950 779 15159 14344 949 8176 499 10654 8467
7426,49 3599 12666 9773 3403 5748 2958 5750 11915 8069
7427,11078 11077 1267 9696 11487 11492 11490 11491 11488 11489
7428,8600 11562 152 151 11556 11561 5754 158 156 155
7429,9623 7469 13068 1555 13654 12158 8139 7653 6924 12518
7430,5246 7171 13137 7002 7169 2864 3747 6477 3997 6612
7431,3964 6411 11759 1219 794 3596 793 2307 3595 156
7432,12518 9623 13254 6479 12519 5923 11219 14178 12926 3665
7433,13847 8239 7350 72 7352 2696 13204 7351 6622 73
7434,11478 13310 938 6523 6522 715 7146 3560 12436 12434
7435,12422 13125 14981 363 11627 15242 11583 10278 372 7071
7436,15269 6522 6523 12436 12435 12434 14870 8846 5269 2551
7437,237 323 13756 13272 1203 873 6143 6033 2195 466
7438,9262 8466 4 6596 11459 12178 794 6374 7966 11360
7439,9165 13129 5779 1986 14945 618 13596 7373 4517 13415
7440,10531 7290 3715 2116 10618 2508 3467 11150 14615 11065
7441,12501 11822 408 1323 8808 10041 10733 11897 8904 6571
7442,1724 14736 2869 15027 10461 2870 7065 12332 12935 11598
7443,164 8484 1295 3298 4341 1369 5835 3727 5836 1371
7444,10630 11000 10999 1001 10993 10997 13209 5845 5846 10998
7445,12420 9159 5298 5301 2515 87 5096 9349 5310 5097
7446,2526 2570 1090 549 11855 478 3288 63 14819 2066
7447,13177 13770 7264 13938 14538 13879 11908 11341 11366 11405
7448,9788 6990 4791 11111 14803 9784 4329 9785 12070 14374
7449,2871 2873 9644 7818 2875 9645 2874 4599 9628 7554
7450,4962 6544 6622 13191 13208 2108 13892 6543 4753 9344
7451,715 2706 2581 10633 10625 9 6671 11873 13130 11672
7452,1880 7726 10965 12764 12130 14037 8480 3403 5096 13413
7453,6197 6674 2477 8248 4427 2471 12186 1295 12103 5759
7454,10369 14320 10215 10053 12166 3016 10227 4354 11174 14984
7455,8701 637 645 688 11361 5498 644 9071 6085 11406
7456,13587 14578 101 15013 15270 14407 92 8475 53 11314
7457,15079 14296 7124 13587 14555 9054 14867 14866 91 7118
7458,1371 4635 3381 2539 4906 3237 8180 5834 4891 1370
7459,4313 4486 8113 2721 7927 5275 5923 12305 10295 4500
7460,15063 15060 13414 15028 14826 7122 3022 15215 15067 14578
7461,14622 6679 5824 13528 14776 7903 13257 4058 13816 8215
7462,14826 14320 14578 3055 13587 53 7176 4426 92 8475
7463,1480 14997 5682 8873 5037 6032 323 1549 14986 7469
7464,4424 13515 2760 11147 8475 101 105 4432 53 12066
7465,15271 14376 5924 13440 15202 14217 3067 8039 89 6573
7466,149 12573 11140 12765 11066 169 873 466 11446 4666
7467,5427 4482 5425 7133 5424 874 3529 1611 4875 4874
7468,7463 1551 478 2018 287 1545 5507 2700 6048 612
7469,1762 8144 12588 9806 10116 5707 12351 6781 13696 13782
7470,1133 10866 8486 8525 13050 15169 11251 15218 11252 14214
7471,7404 6809 3442 10072 1317 6811 8982 9751 7554 6805
7472,10715 7114 14406 13827 8475 52 14929 14560 15211 81
7473,1548 10497 12922 10496 7604 7775 5217 5215 9579 1912
7474,6969 399 6477 7798 6622 10870 6189 7866 8803 11899
7475,1839 13194 12322 13193 12231 10278 10930 3404 8263 1540
7476,12575 14685 13928 4073 10821 14259 9267 13559 941 8921
7477,1291 23 2509 10654 1880 8817 14144 1879 15159 15105
7478,9054 7124 8999 14558 14555 7113 3703 13587 14824 14166
7479,3468 4291 10623 11975 1758 5558 469 177 3466 15094
7480,7089 918 9518 8194 4295 2210 3153 7917 5370 324
7481,11017 3560 6032 8665 8339 4495 611 2067 3584 10893
7482,8693 2340 1766 3641 1285 3502 471 5275 5836 3239
7483,4871 9511 740 10124 15192 6582 2557 10957 10560 14310
7484,11410 7236 529 10731 7293 7748 10788 12472 4836 11266
7485,7398 3924 9284 5621 9221 14419 1572 10960 3308 3309
7486,12813 5306 5215 4635 12018 6791 9802 187 3319 5217
7487,6800 2739 10526 12386 11592 3906 2354 271 13588 10321
7488,15255 2154 13891 8413 13016 7122 14825 9119 10651 14898
7489,9069 4370 1919 1960 5187 1640 61 2556 547 8048
7490,6238 1846 4300 6183 1700 1864 8114 14029 6171 5190
7491,11227 13391 1846 10190 10189 6171 1111 7574 6183 1700
7492,9014 4468 3952 6198 171 7420 11803 8423 3699 10299
7493,2625 10144 2192 8503 10142 8047 5567 4865 10141 8722
7494,15272 4540 4517 1904 13771 15160 12294 8340 271 4727
7495,11051 13347 13346 13005 2820 1166 13200 12426 405 1535
7496,10078 9052 14320 14869 10215 1351 10369 14089 10053 3055
7497,75 15215 8587 8999 15067 15213 7325 13388 14898 8049
7498,14578 13414 14510 14824 8376 14607 53 8475 13587 92
7499,10409 3998 10408 4721 4878 6791 12813 9802 9315 6960
7500,5322 6580 7913 11117 3294 2547 2581 12848 6638 3811
7501,10780 1160 379 13973 1161 7047 13826 3369 3228 8973
7502,8106 3980 5366 5898 5512 1644 5368 843 7852 7408
7503,7361 3937 760 3916 3139 5054 1377 7875 7243 323
7504,13013 7153 14870 12436 1485 11316 12434 1483 363 6522
7505,3055 14604 7123 11185 1351 9052 14550 15184 14703 13243
7506,6836 6259 5595 630 11867 4911 4239 9260 8484 7461
7507,1351 14307 15274 15273 740 113 7117 52 8475 92
7508,14486 11366 692 5266 5267 13079 11631 14477 8726 11405
7509,14491 5267 14486 14479 11366 5266 692 14481 14535 7843
7510,7849 3066 11366 692 14486 693 11405 8726 6725 5267
7511,692 11366 14136 11405 693 6725 8726 13079 14477 14486
7512,11366 692 8726 11405 693 6725 13079 11631 14486 11877
7513,11366 692 8726 11405 693 6725 13079 11631 14486 11877
7514,14404 11366 692 8726 6725 11405 693 14486 13079 5267
7515,11366 692 8726 11405 693 6725 13079 11631 14486 11877
7516,14404 11366 692 8726 6725 11405 693 14486 13079 5267
7517,11366 14404 692 8726 6725 11405 693 14486 13079 5267
7518,11366 4027 692 693 8726 11405 6725 14486 5267 13079
7519,11366 692 8726 11405 693 6725 13079 11631 14486 11877
7520,11366 5267 692 14481 14477 14486 14488 11631 7843 14535
7521,692 11366 14486 11405 14136 693 6725 8726 13079 14477
7522,11366 692 8726 11405 693 6725 13079 11631 14486 11877
7523,11366 692 8726 11405 693 6725 13079 11631 14486 11877
7524,5266 11366 14486 692 5267 14491 14479 8726 11405 6725
7525,11366 692 8726 11405 693 6725 13079 11631 14486 11877
7526,11366 692 14136 11405 693 6725 8726 13079 14477 14486
7527,11366 692 8726 11405 693 6725 13079 11631 14486 11877
7528,11366 692 8726 11405 693 6725 13079 11631 14486 11877
7529,5267 11366 692 14481 14477 14486 14488 11631 7843 14535
7530,11366 692 8726 11405 693 6725 13079 11631 14486 11877
7531,15062 8369 3055 15061 8370 3056 3058 3053 3059 15001
7532,7124 13912 14555 15211 8587 81 14296 44 7121 15045
7533,3308 14675 8139 14419 9802 2304 2191 4350 9928 9819
7534,14825 14578 15029 53 13587 13016 15013 14668 15215 15067
7535,15029 14668 14163 14928 1287 14689 771 12875 2318 4788
7536,13513 15277 14577 14576 14579 10741 8780 14264 315 14391
7537,14163 14668 15029 58 9043 14547 8999 7159 80 8050
7538,14984 11126 739 12206 15076 3055 14108 13388 14264 58
7539,7002 15121 15123 15122 15124 2909 14911 14143 15059 6563
7540,1332 7580 1949 7357 3093 6306 794 5488 5527 2161
7541,14391 14163 13513 315 14579 14264 58 9043 5219 14547
7542,15076 9054 739 11126 7124 13016 8999 14555 10651 14898
7543,739 11126 15076 14898 15067 15215 14555 13016 14306 2142
7544,14555 12427 7124 13912 14296 8050 80 4432 7159 112
7545,8999 53 12810 91 78 45 4426 7111 14578 7120
7546,9052 14166 1351 91 14979 8999 14100 14089 2203 11185
7547,59 14865 9227 6836 9260 13884 630 1287 6259 12886
7548,2739 12014 1620 1617 1622 1621 8048 234 1618 235
7549,1374 3906 14166 13588 14979 14100 10321 91 2203 12386
7550,12545 46 9200 390 14846 8328 10632 2308 8760 1233
7551,8391 8690 7632 7734 3456 9913 3735 3714 82 10017
7552,15278 15279 12878 12879 5179 7524 8884 6089 15252 13094
7553,12386 692 11366 14136 11405 693 8726 6725 13079 14477
7554,8123 8459 8121 8122 15188 4450 8127 1697 13968 13566
7555,7581 14157 14159 1131 14158 14160 11384 11746 3395 5513
7556,692 11366 14136 11405 693 6725 8726 13079 14477 8590
7557,1367 13388 547 10715 10891 11126 12931 8475 7114 7159
7558,798 3055 12055 7123 14604 1463 45 12967 10541 1219
7559,15067 15066 101 11481 10014 10053 14639 33 5311 11953
7560,12850 13885 14480 14130 14131 14923 14474 14548 4430 13878
7561,10715 7114 14406 13827 8475 52 14929 14560 15211 81
7562,857 7141 14143 14911 7002 10011 8133 871 691 15192
7563,11120 14209 14458 1859 4063 5673 14213 14596 12756 14494
7564,14862 14654 14426 692 14352 15175 14752 2781 14540 10298
7565,14654 692 11366 11405 14136 693 6725 8726 13079 8590
7566,4570 3800 8580 12512 15019 11836 6966 917 5023 11229
7567,7065 4135 5447 6705 11347 4138 7057 2875 12349 7554
7568,2253 12976 3321 1033 3283 3307 2737 5047 1036 1035
7569,10513 10514 10515 10510 2118 9521 475 1796 3148 6049
7570,13382 12184 14370 12645 9034 5330 4566 14369 11199 11427
7571,11938 139 3916 760 11939 11936 1377 11937 8348 9741
7572,9204 10711 1834 3990 8047 7621 11904 2097 7671 9315
7573,1686 8619 2717 13435 7340 4080 846 5452 4079 8533
7574,4454 3494 14355 13632 9182 14608 1259 4889 4582 4087
7575,7913 12848 2581 6580 3983 5322 1301 3811 383 2927
7576,4599 13111 7215 9853 2375 11347 2371 2379 5845 7064
7577,3223 715 7820 8837 1869 11623 1686 11957 13435 6427
7578,9284 7122 12054 2562 91 9282 3735 2191 9913 2551
7579,3730 3374 9107 4780 13053 4321 6564 593 4323 9033
7580,2546 2527 5149 6890 2556 2496 7726 9914 2501 2551
7581,4999 11240 12189 163 2521 488 8463 12822 1646 744
7582,11325 7062 3415 2374 6742 3674 1001 2371 2370 9638
7583,4652 12625 12624 9110 9111 11209 4594 11210 6797 6795
7584,5278 64 3160 3461 9923 7762 9159 4235 2551 10342
7585,9269 6135 9553 14954 10566 3584 2700 6311 2659 2716
7586,2535 9891 6134 2185 12295 11050 2243 2551 10933 15147
7587,6204 4832 4324 9985 6205 12974 6248 5587 9457 2332
7588,12172 5628 2947 13614 13613 7916 2833 13612 6412 13611
7589,3314 9601 1507 9441 13130 5126 9596 6711 8858 12278
7590,1995 9246 3811 574 6673 1300 6119 1575 9508 4281
7591,14377 4713 8274 4718 1541 1288 9574 13114 63 6138
7592,7324 14159 1131 3395 5513 14157 7581 14160 14158 12188
7593,14578 15028 12877 53 3022 13587 15013 11378 7124 92
7594,11255 739 6676 7491 5540 3648 5043 3645 8819 4153
7595,10813 8057 2979 13366 6622 6780 8112 1665 2982 12566
7596,167 5419 476 6579 9309 3222 6832 2761 879 4200
7597,14391 5545 796 5508 13513 775 14579 315 6919 14264
7598,6097 1649 3033 12305 9743 3713 1059 5048 1796 757
7599,2441 15042 12944 977 9880 12761 12943 12763 7655 2196
7600,11970 5209 2495 2480 3359 2488 5212 5388 4987 119
7601,15280 2609 2607 2608 10840 11046 4294 5612 1548 9579
7602,3157 5346 4282 7695 6333 7694 12940 5347 61 8245
7603,4688 4687 4132 1153 8983 4138 11387 7091 9757 3094
7604,3582 1090 12110 2563 1018 3459 9121 6913 10342 7758
7605,7681 7247 6437 4020 5146 29 277 4305 5493 7589
7606,5219 7439 10019 8872 11834 3253 1698 7512 14264 315
7607,12760 9879 12761 2442 4589 4590 966 967 2196 12944
7608,5304 10978 10222 1130 10223 14368 1537 25 7441 9610
7609,87 2574 9815 9913 2489 3409 13042 4635 9924 9916
7610,4902 12280 2063 1042 1083 3848 8515 7725 10245 5503
7611,10257 13950 7571 231 5983 7377 5984 11601 13888 4525
7612,15116 15245 8708 3222 14120 4788 4127 15137 15117 15136
7613,14458 1859 13737 10095 14209 11120 1860 4063 12551 14494
7614,15281 14141 1044 3503 11391 10263 4591 14716 10564 14140
7615,1155 1723 1721 4407 1776 10246 6542 8151 11119 1156
7616,8704 625 176 5507 2508 6596 5016 8995 9249 7696
7617,693 11403 14383 11405 692 6725 14136 11402 11404 14512
7618,2586 6032 457 7918 1447 1796 795 4761 7424 4824
7619,6799 4659 4661 4658 2615 4647 4645 4648 4646 4642
7620,10715 14702 7114 740 8475 15067 15215 1351 52 2031
7621,8150 1709 2880 14745 8848 4037 9967 10089 8849 1711
7622,9610 1287 8999 7121 8587 45 15211 53 81 7124
7623,7326 7559 4906 3235 1371 12139 12140 11719 3237 3239
7624,11874 9925 13412 10890 7461 9898 2491 13724 2551 9913
7625,1323 405 13333 2820 13187 1535 1166 12426 1326 14122
7626,8857 12043 10389 1192 2460 3574 4246 3253 6439 1963
7627,12376 10246 2014 9084 12757 9851 9749 4407 8020 1357
7628,6353 2815 2743 2742 14879 11548 14662 8835 2820 2741
7629,11407 8605 6483 11408 11710 2437 10764 901 7539 12373
7630,7483 8558 3398 334 275 3826 593 7286 1161 4344
7631,9316 4437 3149 8748 9086 131 9913 12514 10342 2551
7632,7272 7402 9689 7401 11647 1091 4365 199 8142 12981
7633,1999 4765 476 4664 947 293 6102 12462 3108 4972
7634,13752 1302 2520 2962 6114 9321 11876 10657 9913 2959
7635,2139 5386 437 3328 3117 8804 466 11758 14587 5811
7636,12618 13067 9575 4715 10978 4584 14779 14515 2090 13064
7637,15282 1650 1647 1649 757 889 1646 879 1641 1639
7638,504 871 1646 8403 806 5853 879 1047 2764 868
7639,3055 14604 7123 11185 1351 9052 14550 15184 14703 13243
7640,2550 7243 7238 3139 7361 5054 2535 8962 611 10594
7641,4726 6434 2472 1695 1694 3409 9913 611 9694 7164
7642,7149 3338 6648 3905 6375 2158 3812 4007 1203 464
7643,219 1454 625 7417 1477 6373 3026 10473 1203 10347
7644,13304 12977 7781 12974 3716 3158 12616 2663 13529 1883
7645,9946 3494 6863 5828 14259 4987 2480 3381 2539 3348
7646,4881 7319 2763 7310 7318 7303 3235 3378 3239 3379
7647,6369 10066 5817 4902 12127 11298 6306 3967 10231 2690
7648,585 1885 4762 11949 14158 8323 14157 7697 5572 13532
7649,3190 2653 1406 585 6638 1170 4241 13697 11289 1686
7650,10430 1160 11377 1055 1161 665 3288 3111 9913 379
7651,5134 8317 6408 4 775 2798 1203 4093 778 1239
7652,12627 3486 9421 9412 13282 9406 9422 2009 4311 13556
7653,8376 7208 8149 12421 7209 9590 2204 9588 2504 6871
7654,3254 1201 6516 8914 8915 10114 5971 14288 3681 10405
7655,728 4307 8644 6453 8667 12512 1865 5455 10345 13909
7656,10240 6053 826 9470 7956 887 9473 775 770 9070
7657,11059 7115 11058 3019 2154 9902 2527 8718 9914 7153
7658,6245 12895 7069 12908 1011 6537 3077 11057 6360 11347
7659,9214 12653 6228 4375 14890 13538 13691 6508 4372 13253
7660,5577 170 7001 143 4929 5549 481 1574 2448 9314
7661,4324 9905 3629 11155 3343 6380 2764 6834 392 1648
7662,11347 2369 2372 2375 2379 1354 1357 9853 2371 6431
7663,8188 3362 3705 6954 3699 879 12021 3556 6651 2767
7664,3226 7460 794 9587 4220 1213 546 5154 1566 6649
7665,9802 8499 12813 166 8368 161 5362 10342 6791 10546
7666,14688 6581 14575 14201 14443 8250 14148 14689 13215 2273
7667,7115 3019 6259 9223 630 114 112 8050 80 4432
7668,6043 8704 6318 6787 2525 7917 7838 10288 3258 3476
7669,7499 11298 12560 15194 3824 5452 2690 389 444 2268
7670,2869 4134 1826 2881 3001 4060 10199 9194 2371 4599
7671,1519 1095 2763 873 169 466 149 686 2309 6033
7672,2996 4316 9642 9636 1001 4604 6807 2998 2997 1321
7673,73 5436 2675 3821 1102 72 439 13984 4398 8836
7674,5345 1475 8892 4591 8889 12672 8894 11524 12671 1535
7675,14183 8869 15097 4711 13320 13855 13319 1532 13322 14360
7676,4662 2663 13462 4056 4660 11369 4663 11370 13022 11368
7677,3637 328 9390 6879 1763 1660 5370 11587 11183 14767
7678,3735 43 4138 12077 1280 1081 10275 1719 1737 1354
7679,3055 11045 558 4878 13077 394 14876 11314 15038 7123
7680,546 3103 2721 4637 7138 15243 3300 4313 5943 4487
7681,75 8999 15067 15215 53 14898 78 45 7325 15213
7682,1915 11578 9662 9665 1914 1913 5671 8165 2376 7222
7683,11313 7121 52 8474 76 3019 10651 14100 2203 11314
7684,3206 6038 6426 6596 4468 3699 10742 12438 7697 6025
7685,15283 2097 6072 8047 10571 13161 11934 7394 7621 3992
7686,5299 5305 9135 4969 11481 9913 9930 7730 3409 9019
7687,2156 8307 7461 11739 70 8500 2205 2509 9913 3409
7688,12131 1840 11567 9226 6617 10610 6494 2587 13639 6544
7689,3316 5212 8954 11812 5822 2540 3329 5209 3301 8350
7690,7726 1880 6897 10965 2549 12106 10292 3403 10291 12130
7691,3051 3052 3053 3056 3058 3059 3057 3054 15001 15061
7692,5075 1457 3211 6381 5089 839 12246 13048 1203 775
7693,1136 1145 1146 1722 4596 1143 5686 1721 12376 1154
7694,7324 7325 10651 8802 15215 7121 15213 75 15211 15067
7695,10715 3368 3383 5812 7114 14406 52 13827 8475 11718
7696,15073 3953 14894 3954 5261 10522 8102 8093 6766 8507
7697,9800 9048 12865 14112 10413 7698 1755 1763 1225 2768
7698,1777 1826 6364 1008 9191 6705 4134 1779 6707 12644
7699,13201 1532 2822 2820 11112 2742 12426 405 1166 1535
7700,2704 6347 2238 697 5494 1548 1818 5866 10497 2645
7701,1806 13012 5415 14419 1483 11316 1492 13013 10159 1490
7702,154 2216 10985 3403 8 3134 4864 2928 7244 5633
7703,7315 5835 121 3835 8273 5633 2480 3869 6927 119
7704,796 5057 7835 5508 6919 775 1396 778 1203 1423
7705,11899 2614 5998 8631 6716 13613 2820 13561 12114 2742
7706,2774 14898 101 15067 15215 13016 10651 15213 75 7325
7707,1583 6962 4828 593 507 4295 508 2676 1014 4827
7708,6896 2574 2576 130 11874 2571 2026 9913 11376 9921
7709,13904 9495 2645 502 1302 1040 2597 1300 917 3833
7710,1367 11954 11126 13414 91 7128 11718 4429 8999 15247
7711,3465 1529 2820 13342 1534 12426 2814 2614 2815 3046
7712,2185 1383 10140 9913 2551 12514 6894 6901 10342 15013
7713,7121 8999 15045 14296 8587 81 15211 11313 15003 14306
7714,9366 3779 1529 2820 12426 3046 2614 4514 2741 2814
7715,3027 8648 3151 3038 3029 60 4819 4166 5884 3031
7716,10715 7114 14406 13827 8475 52 14929 14560 15211 81
7717,11016 3289 1870 11813 2540 2566 6470 1288 3359 4342
7718,3465 2742 2815 2820 2741 1166 1165 1535 404 2814
7719,3313 1454 3985 843 8451 775 821 323 6577 5928
7720,4515 2745 2742 2614 1529 2741 2820 2743 1165 2744
7721,6682 3372 894 820 822 7840 5153 6767 4 1203
7722,5054 3205 768 12232 7681 7361 3139 6437 7243 1642
7723,13380 4035 10071 10073 4037 8645 4036 13426 3442 10072
7724,4636 1082 3348 3328 4905 5392 4885 4901 4638 9499
7725,5756 7506 6265 1448 887 5575 1652 7149 13604 4932
7726,3912 15054 3617 3616 15053 12763 7655 12946 3914 2298
7727,11028 11808 6432 4598 9850 11805 2372 2378 9851 1358
7728,8382 13835 14126 13224 12793 9950 9952 13039 9951 3981
7729,15284 15012 9821 9819 15081 9818 7121 15045 14296 14427
7730,15084 9207 9204 7631 7124 11045 5595 5233 11462 13412
7731,2139 8500 612 618 287 6494 611 7525 6623 3671
7732,9223 771 10015 7632 11737 3884 14465 9357 58 10551
7733,13825 475 9216 4797 3123 2707 3703 4119 12669 327
7734,11535 10063 12856 8362 10790 12906 13312 12821 10193 14376
7735,12647 12068 10086 12646 7825 8544 12645 5324 11206 5627
7736,7121 823 8999 15069 14296 15045 8587 15211 81 15003
7737,91 8999 14166 4426 11185 1367 53 14555 4429 14578
7738,228 5613 3970 3811 3966 5618 922 5619 2712 2949
7739,6572 8071 7389 10790 8069 8811 1905 12106 2549 6897
7740,10337 4966 5709 626 5113 15100 5708 4752 9365 12881
7741,11366 7115 692 11405 8726 6725 693 14486 13079 5267
7742,3019 108 45 7125 7121 3055 8475 11378 92 11314
7743,2139 1072 3575 11758 6408 4031 3915 7511 1207 5549
7744,2380 1354 3074 3666 11778 3687 3667 1355 7065 1007
7745,10620 9017 13268 12552 13577 9018 11129 7255 12371 4632
7746,5948 15030 12506 1736 14151 9878 15048 10758 9561 2336
7747,3945 227 7552 11072 422 4014 4419 1660 1633 1196
7748,12178 625 9067 14585 7697 6596 1589 1450 1452 5552
7749,8669 11720 12108 8302 13484 5621 5803 4348 1660 10573
7750,2509 742 5281 2524 10379 9164 2551 10378 3399 743
7751,3008 3007 961 3664 966 9880 12762 3006 12760 10223
7752,11045 1033 8801 2538 10889 13724 11646 13412 9913 2551
7753,9043 9586 2533 2536 9585 9709 549 2551 9310 9311
7754,6898 10539 97 10019 5314 9913 10379 61 2130 1383
7755,740 2031 14702 1351 14089 92 15263 13890 11314 14876
7756,1721 14345 1145 1136 1146 1723 4407 6542 1776 11119
7757,7513 1457 6031 3811 834 824 4782 5811 1832 2309
7758,2739 4437 380 10526 2490 6197 14361 5759 12103 2156
7759,7512 860 163 1690 796 775 1203 6033 488 323
7760,6682 3223 2255 3935 466 8719 251 6427 1686 3222
7761,10715 13912 1351 7124 8999 4426 8587 8475 15211 81
7762,4863 5412 12822 2560 3044 3043 11953 11485 1751 71
7763,15166 15110 11197 14658 6280 14164 13160 14371 7444 14600
7764,2488 9182 2483 3822 2131 7138 3494 3727 4637 11094
7765,7090 4712 7386 7385 1756 2109 3140 2674 7389 3121
7766,11732 3961 10666 337 3446 4723 13714 11733 3188 13066
7767,15043 1540 15042 12944 1537 7655 14608 4088 4589 14378
7768,5281 10379 6898 742 10376 743 10377 2551 10378 2026
7769,9111 11166 9354 11209 9110 11210 6792 13427 4594 12624
7770,12324 994 14946 1673 6271 876 11366 13350 13748 14456
7771,4664 4656 4657 4655 5563 9361 2804 6793 11371 4650
7772,3857 5299 12097 6548 6679 6504 3589 14811 9092 5375
7773,14163 9043 58 8050 80 4432 7159 112 14547 12427
7774,14306 7124 14296 7121 15045 14555 9054 739 14865 81
7775,11126 739 15076 3055 13388 1367 58 15067 15215 14898
7776,14163 9043 58 8050 80 4432 7159 112 14547 12427
7777,14551 9054 13587 7124 11314 14876 11378 14558 14555 92
7778,14555 739 14852 7124 11126 15076 14306 14296 7325 9054
7779,15147 1490 1880 3600 7301 2206 2551 9913 10159 1492
7780,4426 58 14163 12427 8050 7159 4432 80 112 9043
7781,14166 3021 14929 13134 11440 8999 14979 91 14100 10715
7782,58 11126 15285 8050 14431 7925 12086 13388 739 80
7783,13015 14851 11718 3960 14560 11045 8999 3471 8475 92
7784,14701 14899 11478 15285 8367 11126 58 10612 12875 715
7785,2026 2544 2146 5281 5191 9913 7734 69 392 2551
7786,11340 14345 3414 3413 10750 7065 3415 1887 7076 9538
7787,13964 13965 13966 13963 13967 13707 6751 7712 3434 14152
7788,2154 15255 8413 13891 15211 15215 8587 81 8475 9055
7789,12877 14578 15112 11126 7124 81 15247 53 2136 8048
7790,14427 14931 2189 14930 14937 14867 2203 7124 80 8050
7791,13414 14826 13587 15060 53 1367 14510 4429 7159 15063
7792,15284 15012 9821 9819 15081 9818 7121 15045 14296 14427
7793,8999 53 12810 91 78 45 4426 7111 14578 7120
7794,4884 4823 7332 4813 3235 3234 3236 3239 3237 4891
7795,1419 11675 10435 6911 12532 8673 11466 11189 9053 14482
7796,3055 11126 739 15076 14604 7123 15215 15067 14898 8475
7797,14826 13414 13587 4426 11185 4429 8475 15247 92 7124
7798,14163 10715 7114 4432 80 7159 8050 112 8475 13388
7799,14108 14210 14984 12668 14264 12206 5219 12875 14827 14933
7800,14080 15287 1500 1498 8579 8802 1499 12689 11460 4436
7801,14391 14939 5037 13513 14163 315 14579 10321 8748 5545
7802,14555 15288 7124 91 14296 9054 7325 13912 14306 7121
7803,3318 5222 8903 2484 12649 88 10872 8902 4636 13975
7804,8041 6943 1947 9659 9128 1948 7259 9126 7889 14006
7805,2009 12481 8997 9410 9422 3486 15253 13387 12962 2010
7806,7739 4665 8077 4651 14257 6795 9558 11210 6797 12624
7807,13195 5347 8467 5745 5346 8426 8725 9517 6868 8786
7808,15129 5929 8735 14471 8736 3068 8739 8609 8734 14217
7809,11368 2804 4653 11370 4660 4663 4650 13022 11369 4662
7810,13016 4426 91 15067 15215 9119 7122 14898 14825 11185
7811,13753 3403 10124 8 2557 5750 11035 13373 3404 9913
7812,14559 7124 13912 14555 8050 112 7159 80 4432 14296
7813,13193 10930 12060 13194 1540 8263 967 12231 10931 3664
7814,9801 856 12308 5736 12463 328 12583 9276 10061 7275
7815,11122 2820 14324 8904 3465 12426 1166 1323 1532 13342
7816,14826 13587 13414 11185 53 3055 14605 8999 4426 15060
7817,2585 1381 10265 5278 9284 2497 11481 5236 9913 3458
7818,14555 7124 14296 13912 9054 15045 7121 14306 7325 44
7819,7124 14578 53 12877 13912 81 8587 8475 13587 78
7820,14824 58 8050 80 112 4432 7159 9043 14163 5311
7821,8872 13412 9907 9897 2538 11481 2191 2185 13724 9913
7822,12325 3237 4736 7564 124 7332 3234 7561 4887 3236
7823,53 14578 78 8999 76 12810 7111 45 7120 7124
7824,1316 12336 10158 10159 4905 1489 7330 9499 4901 13450
7825,11045 15289 14700 8474 11314 14876 92 45 14307 8999
7826,13798 9306 13640 9319 14229 9299 6785 2206 1561 5296
7827,13587 8370 15061 8369 15062 3058 3056 3053 15001 3059
7828,3843 1826 4416 2876 4414 10556 14105 6364 10815 8191
7829,6364 1826 4414 12644 3843 4416 10815 2876 12655 10556
7830,1081 1392 13755 5064 494 10364 1280 9053 3293 466
7831,3405 10123 13310 10336 13309 3403 7302 4966 11920 3044
7832,15290 15041 12373 5237 5486 1894 1979 6097 2911 5597
7833,7760 7322 975 7306 8086 12967 11094 4921 7759 798
7834,1367 7128 15276 13891 8999 8475 15274 45 92 13414
7835,6791 3055 4820 12813 7123 14604 4878 10409 9719 9802
7836,3471 14550 15184 14557 6998 14552 3816 611 14604 11718
7837,88 2209 2191 1296 11676 8872 4901 4815 9669 2243
